date,readiness_score,temp_deviation,temp_trend,sleep_score,sleep_deep_sleep,sleep_efficiency,sleep_latency,sleep_rem_sleep,sleep_restfulness,sleep_timing,sleep_total_sleep,activity_score,stress_high,recovery_high,hrv_hr_mean,hrv_hr_std,hrv_hr_min,hrv_hr_max,hrv_hr_range,hrv_hr_cv,hr_daytime_mean,hr_daytime_max,hr_daytime_min,hr_daytime_std,hr_spike_count,temp_max,temp_min,temp_mean,humidity,pressure,wind_speed,precipitation,readiness_score_3d_avg,readiness_score_7d_avg,readiness_score_change,readiness_score_change_3d,readiness_score_deviation,temp_deviation_3d_avg,temp_deviation_7d_avg,temp_deviation_change,temp_deviation_change_3d,temp_deviation_deviation,temp_trend_3d_avg,temp_trend_7d_avg,temp_trend_change,temp_trend_change_3d,temp_trend_deviation,sleep_score_3d_avg,sleep_score_7d_avg,sleep_score_change,sleep_score_change_3d,sleep_score_deviation,sleep_deep_sleep_3d_avg,sleep_deep_sleep_7d_avg,sleep_deep_sleep_change,sleep_deep_sleep_change_3d,sleep_deep_sleep_deviation,sleep_efficiency_3d_avg,sleep_efficiency_7d_avg,sleep_efficiency_change,sleep_efficiency_change_3d,sleep_efficiency_deviation,sleep_latency_3d_avg,sleep_latency_7d_avg,sleep_latency_change,sleep_latency_change_3d,sleep_latency_deviation,sleep_rem_sleep_3d_avg,sleep_rem_sleep_7d_avg,sleep_rem_sleep_change,sleep_rem_sleep_change_3d,sleep_rem_sleep_deviation,sleep_restfulness_3d_avg,sleep_restfulness_7d_avg,sleep_restfulness_change,sleep_restfulness_change_3d,sleep_restfulness_deviation,sleep_timing_3d_avg,sleep_timing_7d_avg,sleep_timing_change,sleep_timing_change_3d,sleep_timing_deviation,sleep_total_sleep_3d_avg,sleep_total_sleep_7d_avg,sleep_total_sleep_change,sleep_total_sleep_change_3d,sleep_total_sleep_deviation,activity_score_3d_avg,activity_score_7d_avg,activity_score_change,activity_score_change_3d,activity_score_deviation,stress_high_3d_avg,stress_high_7d_avg,stress_high_change,stress_high_change_3d,stress_high_deviation,recovery_high_3d_avg,recovery_high_7d_avg,recovery_high_change,recovery_high_change_3d,recovery_high_deviation,hrv_hr_mean_3d_avg,hrv_hr_mean_7d_avg,hrv_hr_mean_change,hrv_hr_mean_change_3d,hrv_hr_mean_deviation,hrv_hr_std_3d_avg,hrv_hr_std_7d_avg,hrv_hr_std_change,hrv_hr_std_change_3d,hrv_hr_std_deviation,hrv_hr_min_3d_avg,hrv_hr_min_7d_avg,hrv_hr_min_change,hrv_hr_min_change_3d,hrv_hr_min_deviation,hrv_hr_max_3d_avg,hrv_hr_max_7d_avg,hrv_hr_max_change,hrv_hr_max_change_3d,hrv_hr_max_deviation,hrv_hr_range_3d_avg,hrv_hr_range_7d_avg,hrv_hr_range_change,hrv_hr_range_change_3d,hrv_hr_range_deviation,hrv_hr_cv_3d_avg,hrv_hr_cv_7d_avg,hrv_hr_cv_change,hrv_hr_cv_change_3d,hrv_hr_cv_deviation,hr_daytime_mean_3d_avg,hr_daytime_mean_7d_avg,hr_daytime_mean_change,hr_daytime_mean_change_3d,hr_daytime_mean_deviation,hr_daytime_max_3d_avg,hr_daytime_max_7d_avg,hr_daytime_max_change,hr_daytime_max_change_3d,hr_daytime_max_deviation,hr_daytime_min_3d_avg,hr_daytime_min_7d_avg,hr_daytime_min_change,hr_daytime_min_change_3d,hr_daytime_min_deviation,hr_daytime_std_3d_avg,hr_daytime_std_7d_avg,hr_daytime_std_change,hr_daytime_std_change_3d,hr_daytime_std_deviation,hr_spike_count_3d_avg,hr_spike_count_7d_avg,hr_spike_count_change,hr_spike_count_change_3d,hr_spike_count_deviation,temp_max_3d_avg,temp_max_7d_avg,temp_max_change,temp_max_change_3d,temp_max_deviation,temp_min_3d_avg,temp_min_7d_avg,temp_min_change,temp_min_change_3d,temp_min_deviation,temp_mean_3d_avg,temp_mean_7d_avg,temp_mean_change,temp_mean_change_3d,temp_mean_deviation,humidity_3d_avg,humidity_7d_avg,humidity_change,humidity_change_3d,humidity_deviation,pressure_3d_avg,pressure_7d_avg,pressure_change,pressure_change_3d,pressure_deviation,wind_speed_3d_avg,wind_speed_7d_avg,wind_speed_change,wind_speed_change_3d,wind_speed_deviation,precipitation_3d_avg,precipitation_7d_avg,precipitation_change,precipitation_change_3d,precipitation_deviation,pressure_drop_24h,pressure_drop_48h,pressure_rapid_change,temp_swing_24h,temp_swing_48h,day_of_week,month,season,cardio_rate_gap_flag,cardio_spike_flag,low_hrv_flag,thermal_load_flag,thermal_spike_flag,recovery_gap_flag,slow_recovery_flag,stress_load_flag,weather_instability_flag,likely_risk_day,anomaly_score,is_anomaly
2025-12-13,76,0.03,0.05,63,70,69,94,84,59,18,60,90.0,4500,9000,,,,,,,,,,,,5.7,-3.5,0.7,69,1019.2,9.3,0.1,76.0,76.0,,,-2.6406779661016913,0.03,0.03,,,0.008915254237288135,0.05,0.05,,,-0.018707482993197286,63.0,63.0,,,-14.172881355932205,70.0,70.0,,,-3.067796610169495,69.0,69.0,,,-15.640677966101691,94.0,94.0,,,14.718644067796603,84.0,84.0,,,-1.6169491525423751,59.0,59.0,,,-17.200000000000003,18.0,18.0,,,-57.8,60.0,60.0,,,-13.966101694915253,90.0,90.0,,,4.649484536082468,4500.0,4500.0,,,-366.1016949152545,9000.0,9000.0,,,5186.440677966102,,,,,,,,,,,,,,,,,,,,,,,,,,,,,,,,,,,,,,,,,,,,,,,,,,,,,,,,5.7,5.7,,,-14.221355932203391,-3.5,-3.5,,,-13.679322033898304,0.7,0.7,,,-14.099661016949153,69.0,69.0,,,1.4508474576271198,1019.2,1019.2,,,1.9769491525424883,9.3,9.3,,,-7.0942372881355915,0.1,0.1,,,-3.2301694915254235,,,False,,,5,12,1,False,False,False,False,False,True,False,True,False,0,-0.4240296646652041,0
2025-12-14,90,0.28,0.06,79,77,95,56,100,83,12,94,90.0,11700,900,,,,,,,,,,,,1.7,-8.7,-3.2,73,1020.2,27.2,6.7,83.0,83.0,14.0,,11.359322033898309,0.15500000000000003,0.15500000000000003,0.25,,0.2589152542372882,0.055,0.055,0.009999999999999995,,-0.00870748299319729,71.0,71.0,16.0,,1.8271186440677951,73.5,73.5,7.0,,3.932203389830505,82.0,82.0,26.0,,10.359322033898309,75.0,75.0,-38.0,,-23.281355932203397,92.0,92.0,16.0,,14.383050847457625,71.0,71.0,24.0,,6.799999999999997,15.0,15.0,-6.0,,-63.8,77.0,77.0,34.0,,20.033898305084747,90.0,90.0,0.0,,4.649484536082468,8100.0,8100.0,7200.0,,6833.8983050847455,4950.0,4950.0,-8100.0,,-2913.5593220338983,,,,,,,,,,,,,,,,,,,,,,,,,,,,,,,,,,,,,,,,,,,,,,,,,,,,,,,,3.7,3.7,-4.0,,-18.22135593220339,-6.1,-6.1,-5.199999999999999,,-18.879322033898305,-1.25,-1.25,-3.9000000000000004,,-17.99966101694915,71.0,71.0,4.0,,5.45084745762712,1019.7,1019.7,1.0,,2.9769491525424883,18.25,18.25,17.9,,10.805762711864407,3.4,3.4,6.6000000000000005,,3.3698305084745765,-1.0,,False,3.9000000000000004,,6,12,1,False,False,False,False,False,False,False,True,False,0,-0.4321089516733046,0
2025-12-15,85,-0.14,-0.05,75,81,79,72,97,79,19,81,93.0,1800,1800,,,,,,,,,,,,-4.0,-9.5,-7.0,64,1029.1,22.8,0.1,83.66666666666667,83.66666666666667,-5.0,,6.359322033898309,0.05666666666666668,0.05666666666666668,-0.42000000000000004,,-0.16108474576271187,0.02,0.02,-0.11,,-0.11870748299319729,72.33333333333333,72.33333333333333,-4.0,,-2.172881355932205,76.0,76.0,4.0,,7.932203389830505,81.0,81.0,-16.0,,-5.640677966101691,74.0,74.0,16.0,,-7.281355932203397,93.66666666666667,93.66666666666667,-3.0,,11.383050847457625,73.66666666666667,73.66666666666667,-4.0,,2.799999999999997,16.333333333333332,16.333333333333332,7.0,,-56.8,78.33333333333333,78.33333333333333,-13.0,,7.0338983050847474,91.0,91.0,3.0,,7.649484536082468,6000.0,6000.0,-9900.0,,-3066.1016949152545,3900.0,3900.0,900.0,,-2013.5593220338983,,,,,,,,,,,,,,,,,,,,,,,,,,,,,,,,,,,,,,,,,,,,,,,,,,,,,,,,1.1333333333333335,1.1333333333333335,-5.7,,-23.92135593220339,-7.233333333333333,-7.233333333333333,-0.8000000000000007,,-19.679322033898302,-3.1666666666666665,-3.1666666666666665,-3.8,,-21.799661016949152,68.66666666666667,68.66666666666667,-9.0,,-3.5491525423728802,1022.8333333333334,1022.8333333333334,8.899999999999864,,11.876949152542352,19.766666666666666,19.766666666666666,-4.399999999999999,,6.4057627118644085,2.3,2.3,-6.6000000000000005,,-3.2301694915254235,-8.899999999999864,-9.899999999999864,True,3.8,7.7,0,12,1,False,False,False,False,False,False,False,True,False,0,-0.403298745787065,0
2025-12-16,84,-0.12,0.07,71,87,88,75,89,71,23,69,97.0,4500,4500,,,,,,,,,,,,2.5,-9.2,-3.3,57,1023.5,10.3,0.0,86.33333333333333,83.75,-1.0,8.0,5.359322033898309,0.006666666666666682,0.012500000000000011,0.020000000000000018,-0.15,-0.14108474576271185,0.02666666666666667,0.0325,0.12000000000000001,0.020000000000000004,0.001292517006802718,75.0,72.0,-4.0,8.0,-6.172881355932205,81.66666666666667,78.75,6.0,17.0,13.932203389830505,87.33333333333333,82.75,9.0,19.0,3.3593220338983087,67.66666666666667,74.25,3.0,-19.0,-4.281355932203397,95.33333333333333,92.5,-8.0,5.0,3.383050847457625,77.66666666666667,73.0,-8.0,12.0,-5.200000000000003,18.0,18.0,4.0,5.0,-52.8,81.33333333333333,76.0,-12.0,9.0,-4.9661016949152526,93.33333333333333,92.5,4.0,7.0,11.649484536082468,6000.0,5625.0,2700.0,0.0,-366.1016949152545,2400.0,4050.0,2700.0,-4500.0,686.4406779661017,,,,,,,,,,,,,,,,,,,,,,,,,,,,,,,,,,,,,,,,,,,,,,,,,,,,,,,,0.06666666666666672,1.475,6.5,-3.2,-17.42135593220339,-9.133333333333333,-7.725,0.3000000000000007,-5.699999999999999,-19.379322033898305,-4.5,-3.2,3.7,-4.0,-18.099661016949153,64.66666666666667,65.75,-7.0,-12.0,-10.54915254237288,1024.2666666666667,1023.0,-5.599999999999909,4.2999999999999545,6.276949152542443,20.1,17.4,-12.5,1.0,-6.0942372881355915,2.2666666666666666,1.7249999999999999,-0.1,-0.1,-3.3301694915254236,5.599999999999909,-3.2999999999999545,True,3.7,0.09999999999999964,1,12,1,False,False,False,False,False,False,False,True,True,0,-0.404846471000812,0
2025-12-17,84,-0.22,0.04,69,68,72,32,88,97,30,72,99.0,4500,4500,,,,,,,,,,,,10.7,-3.7,3.1,59,1017.9,14.6,0.0,84.33333333333333,83.8,0.0,-6.0,5.359322033898309,-0.16,-0.03399999999999999,-0.1,-0.5,-0.24108474576271186,0.02,0.034,-0.030000000000000006,-0.019999999999999997,-0.028707482993197288,71.66666666666667,71.4,-2.0,-10.0,-8.172881355932205,78.66666666666667,76.6,-19.0,-9.0,-5.067796610169495,79.66666666666667,80.6,-16.0,-23.0,-12.640677966101691,59.666666666666664,65.8,-43.0,-24.0,-47.2813559322034,91.33333333333333,91.6,-1.0,-12.0,2.383050847457625,82.33333333333333,77.8,26.0,14.0,20.799999999999997,24.0,20.4,7.0,18.0,-45.8,74.0,75.2,3.0,-22.0,-1.9661016949152526,96.33333333333333,93.8,2.0,9.0,13.649484536082468,3600.0,5400.0,0.0,-7200.0,-366.1016949152545,3600.0,4140.0,0.0,3600.0,686.4406779661017,,,,,,,,,,,,,,,,,,,,,,,,,,,,,,,,,,,,,,,,,,,,,,,,,,,,,,,,3.0666666666666664,3.3200000000000003,8.2,9.0,-9.221355932203391,-7.466666666666666,-6.92,5.499999999999999,4.999999999999999,-13.879322033898305,-2.4,-1.94,6.4,6.300000000000001,-11.699661016949152,60.0,64.4,2.0,-14.0,-8.54915254237288,1023.5,1021.9799999999999,-5.600000000000023,-2.300000000000068,0.67694915254242,15.9,16.84,4.299999999999999,-12.6,-1.7942372881355926,0.03333333333333333,1.38,0.0,-6.7,-3.3301694915254236,5.600000000000023,11.199999999999932,True,6.4,10.1,2,12,1,False,False,False,False,False,True,False,True,True,1,-0.42051764440406425,0
2025-12-18,80,-0.22,-0.11,80,95,88,81,97,82,29,83,99.0,7200,3600,,,,,,,,,,,,10.8,-1.5,4.3,73,1021.6,13.0,3.6,82.66666666666667,83.16666666666667,-4.0,-5.0,1.3593220338983087,-0.18666666666666668,-0.06499999999999999,0.0,-0.07999999999999999,-0.24108474576271186,4.625929269271485e-18,0.01,-0.15,-0.06,-0.17870748299319728,73.33333333333333,72.83333333333333,11.0,5.0,2.827118644067795,83.33333333333333,79.66666666666667,27.0,14.0,21.932203389830505,82.66666666666667,81.83333333333333,16.0,9.0,3.3593220338983087,62.666666666666664,68.33333333333333,49.0,9.0,1.7186440677966033,91.33333333333333,92.5,9.0,0.0,11.383050847457625,83.33333333333333,78.5,-15.0,3.0,5.799999999999997,27.333333333333332,21.833333333333332,-1.0,10.0,-46.8,74.66666666666667,76.5,11.0,2.0,9.033898305084747,98.33333333333333,94.66666666666667,0.0,6.0,13.649484536082468,5400.0,5700.0,2700.0,5400.0,2333.8983050847455,4200.0,4050.0,-900.0,1800.0,-213.5593220338983,,,,,,,,,,,,,,,,,,,,,,,,,,,,,,,,,,,,,,,,,,,,,,,,,,,,,,,,8.0,4.566666666666666,0.10000000000000142,14.8,-9.12135593220339,-4.8,-6.016666666666667,2.2,8.0,-11.679322033898304,1.3666666666666665,-0.9,1.1999999999999997,11.3,-10.499661016949151,63.0,65.83333333333333,14.0,9.0,5.45084745762712,1021.0,1021.9166666666666,3.7000000000000455,-7.499999999999886,4.3769491525424655,12.633333333333333,16.2,-1.5999999999999996,-9.8,-3.3942372881355922,1.2,1.75,3.6,3.5,0.26983050847457646,-3.7000000000000455,1.8999999999999773,False,1.1999999999999997,7.6,3,12,1,False,False,False,False,False,False,False,True,False,0,-0.41355844874774766,0
2025-12-19,79,-0.14,-0.09,65,68,83,70,79,81,23,60,98.0,7200,900,,,,,,,,,,,,14.2,0.9,9.5,75,1004.2,33.5,12.9,81.0,82.57142857142857,-1.0,-5.0,0.35932203389830875,-0.19333333333333336,-0.07571428571428572,0.07999999999999999,-0.020000000000000018,-0.16108474576271187,-0.05333333333333332,-0.004285714285714286,0.020000000000000004,-0.16,-0.15870748299319729,71.33333333333333,71.71428571428571,-15.0,-6.0,-12.172881355932205,77.0,78.0,-27.0,-19.0,-5.067796610169495,81.0,82.0,-5.0,-5.0,-1.6406779661016913,61.0,68.57142857142857,-11.0,-5.0,-9.281355932203397,88.0,90.57142857142857,-18.0,-10.0,-6.616949152542375,86.66666666666667,78.85714285714286,-1.0,10.0,4.799999999999997,27.333333333333332,22.0,-6.0,0.0,-52.8,71.66666666666667,74.14285714285714,-23.0,-9.0,-13.966101694915253,98.66666666666667,95.14285714285714,-1.0,1.0,12.649484536082468,6300.0,5914.285714285715,0.0,2700.0,2333.8983050847455,3000.0,3600.0,-2700.0,-3600.0,-2913.5593220338983,,,,,,,,,,,,,,,,,,,,,,,,,,,,,,,,,,,,,,,,,,,,,,,,,,,,,,,,11.9,5.942857142857143,3.3999999999999986,11.7,-5.721355932203391,-1.4333333333333333,-5.028571428571428,2.4,10.1,-9.279322033898303,5.633333333333333,0.5857142857142856,5.2,12.8,-5.299661016949152,69.0,67.14285714285714,2.0,18.0,7.45084745762712,1014.5666666666666,1019.3857142857142,-17.399999999999977,-19.299999999999955,-13.023050847457512,20.366666666666664,18.67142857142857,20.5,23.2,17.105762711864408,5.5,3.3428571428571425,9.3,12.9,9.569830508474578,17.399999999999977,13.699999999999932,True,5.2,6.4,4,12,1,False,False,False,False,False,True,False,True,True,1,-0.4565760215312279,1
2025-12-20,78,0.05,-0.06,72,68,96,81,98,78,17,70,99.0,6300,1800,,,,,,,,,,,,5.8,-3.1,1.1,60,1021.9,19.1,0.0,79.0,82.85714285714286,-1.0,-6.0,-0.6406779661016913,-0.10333333333333335,-0.07285714285714286,0.19,0.27,0.02891525423728814,-0.08666666666666667,-0.02,0.03,-0.1,-0.1287074829931973,72.33333333333333,73.0,7.0,3.0,-5.172881355932205,77.0,77.71428571428571,0.0,0.0,-5.067796610169495,89.0,85.85714285714286,13.0,24.0,11.359322033898309,77.33333333333333,66.71428571428571,11.0,49.0,1.7186440677966033,91.33333333333333,92.57142857142857,19.0,10.0,12.383050847457625,80.33333333333333,81.57142857142857,-3.0,-19.0,1.7999999999999972,23.0,21.857142857142858,-6.0,-13.0,-58.8,71.0,75.57142857142857,10.0,-2.0,-3.9661016949152526,98.66666666666667,96.42857142857143,1.0,0.0,13.649484536082468,6900.0,6171.428571428572,-900.0,1800.0,1433.8983050847455,2100.0,2571.4285714285716,900.0,-2700.0,-2013.5593220338983,,,,,,,,,,,,,,,,,,,,,,,,,,,,,,,,,,,,,,,,,,,,,,,,,,,,,,,,10.266666666666667,5.957142857142856,-8.399999999999999,-4.8999999999999995,-14.12135593220339,-1.2333333333333334,-4.971428571428571,-4.0,0.6000000000000001,-13.279322033898303,4.966666666666666,0.6428571428571429,-8.4,-2.0,-13.699661016949152,69.33333333333333,65.85714285714286,-15.0,1.0,-7.54915254237288,1015.9,1019.7714285714286,17.699999999999932,4.0,4.67694915254242,21.866666666666664,20.071428571428573,-14.399999999999999,4.500000000000002,2.705762711864409,5.5,3.3285714285714283,-12.9,0.0,-3.3301694915254236,-17.699999999999932,-0.2999999999999545,True,8.4,3.1999999999999997,5,12,1,False,False,False,False,False,False,False,True,False,0,-0.4256071254523277,0
2025-12-21,74,0.37,0.08,74,81,79,81,99,93,14,69,99.0,2700,900,,,,,,,,,,,,9.2,1.2,4.9,50,1021.8,23.4,0.0,77.0,80.57142857142857,-4.0,-6.0,-4.640677966101691,0.09333333333333332,-0.060000000000000005,0.32,0.59,0.34891525423728814,-0.023333333333333327,-0.017142857142857144,0.14,0.19,0.011292517006802713,70.33333333333333,72.28571428571429,2.0,-6.0,-3.172881355932205,72.33333333333333,78.28571428571429,13.0,-14.0,7.932203389830505,86.0,83.57142857142857,-17.0,-9.0,-5.640677966101691,77.33333333333333,70.28571428571429,0.0,0.0,1.7186440677966033,92.0,92.42857142857143,1.0,2.0,13.383050847457625,84.0,83.0,15.0,11.0,16.799999999999997,18.0,22.142857142857142,-3.0,-15.0,-61.8,66.33333333333333,72.0,-1.0,-14.0,-4.9661016949152526,98.66666666666667,97.71428571428571,0.0,0.0,13.649484536082468,5400.0,4885.714285714285,-3600.0,-4500.0,-2166.1016949152545,1200.0,2571.4285714285716,-900.0,-2700.0,-2913.5593220338983,,,,,,,,,,,,,,,,,,,,,,,,,,,,,,,,,,,,,,,,,,,,,,,,,,,,,,,,9.733333333333333,7.028571428571429,3.3999999999999995,-1.6000000000000014,-10.721355932203391,-0.3333333333333334,-3.557142857142857,4.3,2.7,-8.979322033898304,5.166666666666666,1.8000000000000003,3.8000000000000003,0.6000000000000005,-9.899661016949151,61.666666666666664,62.57142857142857,-10.0,-23.0,-17.54915254237288,1015.9666666666667,1020.0,-0.10000000000002274,0.1999999999999318,4.576949152542397,25.333333333333332,19.52857142857143,4.299999999999997,10.399999999999999,7.005762711864406,4.3,2.3714285714285714,0.0,-3.6,-3.3301694915254236,0.10000000000002274,-17.59999999999991,False,3.8000000000000003,4.6,6,12,1,False,False,False,True,False,False,False,True,False,0,-0.41419459495845384,0
2025-12-22,87,-0.13,-0.04,81,84,90,78,100,74,42,88,99.0,6300,2700,,,,,,,,,,,,6.5,-3.3,1.1,55,1033.9,11.7,0.0,79.66666666666667,80.85714285714286,13.0,8.0,8.359322033898309,0.09666666666666666,-0.05857142857142857,-0.5,0.010000000000000009,-0.15108474576271186,-0.006666666666666661,-0.015714285714285712,-0.12,0.049999999999999996,-0.1087074829931973,75.66666666666667,73.14285714285714,7.0,16.0,3.827118644067795,77.66666666666667,78.71428571428571,3.0,16.0,10.932203389830505,88.33333333333333,85.14285714285714,11.0,7.0,5.359322033898309,80.0,71.14285714285714,-3.0,8.0,-1.2813559322033967,99.0,92.85714285714286,1.0,21.0,14.383050847457625,81.66666666666667,82.28571428571429,-19.0,-7.0,-2.200000000000003,24.333333333333332,25.428571428571427,28.0,19.0,-33.8,75.66666666666667,73.0,19.0,28.0,14.033898305084747,99.0,98.57142857142857,0.0,1.0,13.649484536082468,5100.0,5528.571428571428,3600.0,-900.0,1433.8983050847455,1800.0,2700.0,1800.0,1800.0,-1113.5593220338983,,,,,,,,,,,,,,,,,,,,,,,,,,,,,,,,,,,,,,,,,,,,,,,,,,,,,,,,7.166666666666667,8.528571428571428,-2.6999999999999993,-7.699999999999999,-13.42135593220339,-1.7333333333333334,-2.6714285714285713,-4.5,-4.2,-13.479322033898303,2.366666666666666,2.957142857142857,-3.8000000000000003,-8.4,-13.699661016949152,55.0,61.285714285714285,5.0,-20.0,-12.54915254237288,1025.8666666666668,1020.6857142857143,12.100000000000136,29.700000000000045,16.676949152542534,18.066666666666663,17.942857142857143,-11.7,-21.8,-4.694237288135593,0.0,2.357142857142857,0.0,-12.9,-3.3301694915254236,-12.100000000000136,-12.000000000000114,True,3.8000000000000003,0.0,0,12,1,False,False,False,False,False,False,False,True,False,0,-0.4308210898080959,0
2025-12-23,69,-0.07,0.11,73,86,88,91,95,75,15,70,99.0,19800,900,,,,,,,,,,,,7.0,2.5,4.4,76,1021.7,13.1,2.1,76.66666666666667,78.71428571428571,-18.0,-9.0,-9.640677966101691,0.056666666666666664,-0.051428571428571435,0.06,-0.12000000000000001,-0.09108474576271187,0.05000000000000001,-0.01,0.15,0.16999999999999998,0.04129251700680271,76.0,73.42857142857143,-8.0,1.0,-4.172881355932205,83.66666666666667,78.57142857142857,2.0,18.0,12.932203389830505,85.66666666666667,85.14285714285714,-2.0,-8.0,3.3593220338983087,83.33333333333333,73.42857142857143,13.0,10.0,11.718644067796603,98.0,93.71428571428571,-5.0,-3.0,9.383050847457625,80.66666666666667,82.85714285714286,1.0,-3.0,-1.2000000000000028,23.666666666666668,24.285714285714285,-27.0,-2.0,-60.8,75.66666666666667,73.14285714285714,-18.0,0.0,-3.9661016949152526,99.0,98.85714285714286,0.0,0.0,13.649484536082468,9600.0,7714.285714285715,13500.0,13500.0,14933.898305084746,1500.0,2185.714285714286,-1800.0,-900.0,-2913.5593220338983,,,,,,,,,,,,,,,,,,,,,,,,,,,,,,,,,,,,,,,,,,,,,,,,,,,,,,,,7.566666666666666,9.171428571428573,0.5,1.2000000000000002,-12.92135593220339,0.1333333333333333,-1.0,5.8,5.6,-7.679322033898304,3.4666666666666663,4.057142857142858,3.3000000000000003,3.3000000000000003,-10.399661016949151,60.333333333333336,64.0,21.0,16.0,8.45084745762712,1025.8,1020.4285714285714,-12.200000000000045,-0.1999999999999318,4.476949152542488,16.066666666666663,18.342857142857145,1.4000000000000004,-6.000000000000002,-3.2942372881355926,0.7000000000000001,2.6571428571428575,2.1,2.1,-1.2301694915254235,12.200000000000045,0.09999999999990905,True,3.3000000000000003,0.5,1,12,1,False,False,False,False,False,False,True,True,True,1,-0.42978435721267,0
2025-12-24,66,0.04,0.19,71,84,88,97,76,77,2,72,98.0,8100,2700,,,,,,,,,,,,12.1,4.6,7.8,62,1021.9,22.6,0.0,74.0,76.14285714285714,-3.0,-8.0,-12.640677966101691,-0.05333333333333334,-0.01428571428571429,0.11000000000000001,-0.33,0.018915254237288136,0.08666666666666667,0.011428571428571427,0.08,0.11,0.12129251700680271,75.0,73.71428571428571,-2.0,-3.0,-6.172881355932205,84.66666666666667,80.85714285714286,-2.0,3.0,10.932203389830505,88.66666666666667,87.42857142857143,0.0,9.0,3.3593220338983087,88.66666666666667,82.71428571428571,6.0,16.0,17.718644067796603,90.33333333333333,92.0,-19.0,-23.0,-9.616949152542375,75.33333333333333,80.0,2.0,-16.0,0.7999999999999972,19.666666666666668,20.285714285714285,-13.0,-12.0,-73.8,76.66666666666667,73.14285714285714,2.0,3.0,-1.9661016949152526,98.66666666666667,98.71428571428571,-1.0,-1.0,12.649484536082468,11400.0,8228.57142857143,-11700.0,5400.0,3233.8983050847455,2100.0,1928.5714285714287,1800.0,1800.0,-1113.5593220338983,,,,,,,,,,,,,,,,,,,,,,,,,,,,,,,,,,,,,,,,,,,,,,,,,,,,,,,,8.533333333333333,9.37142857142857,5.1,2.9000000000000004,-7.8213559322033905,1.2666666666666666,0.1857142857142857,2.0999999999999996,3.3999999999999995,-5.579322033898304,4.433333333333333,4.728571428571429,3.3999999999999995,2.8999999999999995,-6.999661016949152,64.33333333333333,64.42857142857143,-14.0,12.0,-5.54915254237288,1025.8333333333335,1021.0000000000001,0.1999999999999318,0.10000000000002274,4.67694915254242,15.799999999999997,19.485714285714288,9.500000000000002,-0.7999999999999972,6.205762711864409,0.7000000000000001,2.6571428571428575,-2.1,0.0,-3.3301694915254236,-0.1999999999999318,12.000000000000114,False,3.3999999999999995,6.699999999999999,2,12,1,False,False,False,False,False,False,True,True,False,0,-0.40239384026455155,0
2025-12-25,69,0.13,0.03,62,57,67,99,89,84,15,48,93.0,9900,900,,,,,,,,,,,,13.1,1.9,6.4,65,1018.9,14.3,0.3,68.0,74.57142857142857,3.0,-18.0,-9.640677966101691,0.03333333333333333,0.03571428571428571,0.09,0.26,0.10891525423728814,0.10999999999999999,0.03142857142857143,-0.16,0.07,-0.03870748299319729,68.66666666666667,71.14285714285714,-9.0,-19.0,-15.172881355932205,75.66666666666667,75.42857142857143,-27.0,-27.0,-16.067796610169495,81.0,84.42857142857143,-21.0,-23.0,-17.64067796610169,95.66666666666667,85.28571428571429,2.0,21.0,19.718644067796603,86.66666666666667,90.85714285714286,13.0,-11.0,3.383050847457625,78.66666666666667,80.28571428571429,7.0,10.0,7.799999999999997,10.666666666666666,18.285714285714285,13.0,-27.0,-60.8,63.333333333333336,68.14285714285714,-24.0,-40.0,-25.966101694915253,96.66666666666667,97.85714285714286,-5.0,-6.0,7.649484536082468,12600.0,8614.285714285714,1800.0,3600.0,5033.8983050847455,1500.0,1542.857142857143,-1800.0,-1800.0,-2913.5593220338983,,,,,,,,,,,,,,,,,,,,,,,,,,,,,,,,,,,,,,,,,,,,,,,,,,,,,,,,10.733333333333334,9.700000000000001,1.0,6.6,-6.8213559322033905,3.0,0.6714285714285714,-2.6999999999999997,5.199999999999999,-8.279322033898303,6.199999999999999,5.028571428571429,-1.3999999999999995,5.300000000000001,-8.399661016949151,67.66666666666667,63.285714285714285,3.0,10.0,-2.5491525423728802,1020.8333333333334,1020.6142857142858,-3.0,-15.000000000000114,1.67694915254242,16.66666666666666,19.67142857142857,-8.3,2.6000000000000014,-2.0942372881355915,0.7999999999999999,2.185714285714286,0.3,0.3,-3.030169491525424,3.0,2.800000000000068,False,1.3999999999999995,2.0,3,12,1,False,False,False,False,False,True,True,True,False,1,-0.4183063195227331,0
2025-12-26,70,0.12,0.08,62,84,88,94,68,90,11,40,99.0,6300,900,,,,,,,,,,,,3.6,-1.7,0.5,63,1019.7,15.9,6.5,68.33333333333333,73.28571428571429,1.0,1.0,-8.640677966101691,0.09666666666666668,0.07285714285714286,-0.010000000000000009,0.19,0.09891525423728813,0.09999999999999999,0.055714285714285716,0.05,-0.03,0.011292517006802713,65.0,70.71428571428571,0.0,-11.0,-15.172881355932205,75.0,77.71428571428571,27.0,-2.0,10.932203389830505,81.0,85.14285714285714,21.0,0.0,3.3593220338983087,96.66666666666667,88.71428571428571,-5.0,3.0,14.718644067796603,77.66666666666667,89.28571428571429,-21.0,-27.0,-17.616949152542375,83.66666666666667,81.57142857142857,6.0,15.0,13.799999999999997,9.333333333333334,16.571428571428573,-4.0,-4.0,-64.8,53.333333333333336,65.28571428571429,-8.0,-30.0,-33.96610169491525,96.66666666666667,98.0,6.0,0.0,13.649484536082468,8100.0,8485.714285714286,-3600.0,-13500.0,1433.8983050847455,1500.0,1542.857142857143,0.0,0.0,-2913.5593220338983,,,,,,,,,,,,,,,,,,,,,,,,,,,,,,,,,,,,,,,,,,,,,,,,,,,,,,,,9.6,8.185714285714285,-9.5,-3.4,-16.32135593220339,1.5999999999999999,0.29999999999999993,-3.5999999999999996,-4.2,-11.879322033898303,4.8999999999999995,3.7428571428571433,-5.9,-3.9000000000000004,-14.299661016949152,63.333333333333336,61.57142857142857,-2.0,-13.0,-4.54915254237288,1020.1666666666666,1022.8285714285714,0.8000000000000682,-2.0,2.4769491525424883,17.599999999999998,17.157142857142855,1.5999999999999996,2.8000000000000007,-0.49423728813559187,2.2666666666666666,1.2714285714285716,6.2,4.4,3.1698305084745764,-0.8000000000000682,2.199999999999932,False,5.9,7.3,4,12,1,False,False,False,False,False,True,False,True,False,0,-0.4238546768845318,0
2025-12-27,69,0.19,0.17,73,61,86,91,96,81,28,70,99.0,13500,0,,,,,,,,,,,,5.4,0.8,3.1,76,1016.9,13.8,0.0,69.33333333333333,72.0,-1.0,3.0,-9.640677966101691,0.1466666666666667,0.09285714285714285,0.07,0.15,0.16891525423728815,0.09333333333333334,0.08857142857142856,0.09000000000000001,-0.01999999999999999,0.10129251700680272,65.66666666666667,70.85714285714286,11.0,2.0,-4.172881355932205,67.33333333333333,76.71428571428571,-23.0,-23.0,-12.067796610169495,80.33333333333333,83.71428571428571,-2.0,-2.0,1.3593220338983087,94.66666666666667,90.14285714285714,-3.0,-6.0,11.718644067796603,84.33333333333333,89.0,28.0,20.0,10.383050847457625,85.0,82.0,-9.0,4.0,4.799999999999997,18.0,18.142857142857142,17.0,26.0,-47.8,52.666666666666664,65.28571428571429,30.0,-2.0,-3.9661016949152526,97.0,98.0,0.0,1.0,13.649484536082468,9900.0,9514.285714285714,7200.0,5400.0,8633.898305084746,600.0,1285.7142857142858,-900.0,-2700.0,-3813.5593220338983,,,,,,,,,,,,,,,,,,,,,,,,,,,,,,,,,,,,,,,,,,,,,,,,,,,,,,,,7.366666666666667,8.128571428571428,1.8000000000000003,-6.699999999999999,-14.52135593220339,0.3333333333333333,0.8571428571428571,2.5,-3.8,-9.379322033898303,3.3333333333333326,4.028571428571429,2.6,-4.699999999999999,-11.699661016949152,68.0,63.857142857142854,13.0,14.0,8.45084745762712,1018.5,1022.1142857142858,-2.800000000000068,-5.0,-0.32305084745757995,14.666666666666664,16.400000000000002,-2.0999999999999996,-8.8,-2.5942372881355915,2.2666666666666666,1.2714285714285716,-6.5,0.0,-3.3301694915254236,2.800000000000068,2.0,False,2.6,3.3000000000000003,5,12,1,False,False,False,False,False,False,True,True,False,0,-0.4047897041184681,0
2025-12-28,53,0.43,0.3,69,50,76,89,87,76,60,61,99.0,8100,0,,,,,,,,,,,,6.5,-0.4,2.7,82,1019.7,19.0,0.0,64.0,69.0,-16.0,-16.0,-25.64067796610169,0.24666666666666667,0.10142857142857142,0.24,0.3,0.40891525423728814,0.18333333333333335,0.12000000000000001,0.12999999999999998,0.27,0.2312925170068027,68.0,70.14285714285714,-4.0,7.0,-8.172881355932205,65.0,72.28571428571429,-11.0,-7.0,-23.067796610169495,83.33333333333333,83.28571428571429,-10.0,9.0,-8.640677966101691,91.33333333333333,91.28571428571429,-2.0,-10.0,9.718644067796603,83.66666666666667,87.28571428571429,-9.0,-2.0,1.3830508474576249,82.33333333333333,79.57142857142857,-5.0,-8.0,-0.20000000000000284,33.0,24.714285714285715,32.0,45.0,-15.799999999999997,57.0,64.14285714285714,-9.0,13.0,-12.966101694915253,99.0,98.0,0.0,6.0,13.649484536082468,9300.0,10285.714285714286,-5400.0,-1800.0,3233.8983050847455,300.0,1157.142857142857,0.0,-900.0,-3813.5593220338983,,,,,,,,,,,,,,,,,,,,,,,,,,,,,,,,,,,,,,,,,,,,,,,,,,,,,,,,5.166666666666667,7.742857142857143,1.0999999999999996,-6.6,-13.42135593220339,-0.4333333333333333,0.6285714285714287,-1.2000000000000002,-2.3,-10.579322033898304,2.0999999999999996,3.714285714285715,-0.3999999999999999,-3.7,-12.099661016949153,73.66666666666667,68.42857142857143,6.0,17.0,14.45084745762712,1018.7666666666668,1021.8142857142858,2.800000000000068,0.8000000000000682,2.4769491525424883,16.23333333333333,15.771428571428572,5.199999999999999,4.699999999999999,2.6057627118644078,2.1666666666666665,1.2714285714285716,0.0,-0.3,-3.3301694915254236,-2.800000000000068,-0.0,False,0.3999999999999999,2.2,6,12,1,False,False,False,True,False,True,True,True,False,1,-0.41530585965905303,0
2025-12-29,64,0.38,0.3,77,31,83,89,99,72,51,87,95.0,7200,1800,,,,,,,,,,,,13.2,-0.8,7.9,70,1002.2,33.8,1.7,62.0,65.71428571428571,11.0,-6.0,-14.640677966101691,0.3333333333333333,0.1742857142857143,-0.04999999999999999,0.26,0.35891525423728815,0.25666666666666665,0.16857142857142857,0.0,0.21999999999999997,0.2312925170068027,73.0,69.57142857142857,8.0,15.0,-0.17288135593220488,47.333333333333336,64.71428571428571,-19.0,-53.0,-42.067796610169495,81.66666666666667,82.28571428571429,7.0,-5.0,-1.6406779661016913,89.66666666666667,92.85714285714286,0.0,-5.0,9.718644067796603,94.0,87.14285714285714,12.0,31.0,13.383050847457625,76.33333333333333,79.28571428571429,-4.0,-18.0,-4.200000000000003,46.333333333333336,26.0,-9.0,40.0,-24.799999999999997,72.66666666666667,64.0,26.0,47.0,13.033898305084747,97.66666666666667,97.42857142857143,-4.0,-4.0,9.649484536082468,9600.0,10414.285714285714,-900.0,900.0,2333.8983050847455,600.0,1028.5714285714287,1800.0,900.0,-2013.5593220338983,,,,,,,,,,,,,,,,,,,,,,,,,,,,,,,,,,,,,,,,,,,,,,,,,,,,,,,,8.366666666666667,8.700000000000001,6.699999999999999,9.6,-6.721355932203391,-0.13333333333333333,0.9857142857142858,-0.4,0.8999999999999999,-10.979322033898304,4.566666666666666,4.685714285714286,5.2,7.4,-6.8996610169491515,76.0,70.57142857142857,-12.0,7.0,2.4508474576271198,1012.9333333333334,1017.2857142857143,-17.5,-17.5,-15.023050847457512,22.2,18.928571428571427,14.799999999999997,17.9,17.405762711864405,0.5666666666666667,1.5142857142857142,1.7,-4.8,-1.6301694915254237,17.5,14.699999999999932,True,5.2,4.800000000000001,0,12,1,False,False,False,True,False,False,True,True,True,1,-0.4541333030995519,1
2025-12-30,66,0.43,0.39,70,55,90,81,95,68,26,73,95.0,3600,900,,,,,,,,,,,,0.4,-3.5,-1.6,51,1012.5,27.6,0.0,61.0,65.28571428571429,2.0,-3.0,-12.640677966101691,0.41333333333333333,0.24571428571428572,0.04999999999999999,0.24,0.40891525423728814,0.33,0.20857142857142857,0.09000000000000002,0.22,0.3212925170068027,72.0,69.14285714285714,-7.0,-3.0,-7.172881355932205,45.333333333333336,60.285714285714285,24.0,-6.0,-18.067796610169495,83.0,82.57142857142857,7.0,4.0,5.359322033898309,86.33333333333333,91.42857142857143,-8.0,-10.0,1.7186440677966033,93.66666666666667,87.14285714285714,-4.0,-1.0,9.383050847457625,72.0,78.28571428571429,-4.0,-13.0,-8.200000000000003,45.666666666666664,27.571428571428573,-25.0,-2.0,-49.8,73.66666666666667,64.42857142857143,-14.0,3.0,-0.9661016949152526,96.33333333333333,96.85714285714286,0.0,-4.0,9.649484536082468,6300.0,8100.0,-3600.0,-9900.0,-1266.1016949152545,900.0,1028.5714285714287,-900.0,900.0,-2913.5593220338983,,,,,,,,,,,,,,,,,,,,,,,,,,,,,,,,,,,,,,,,,,,,,,,,,,,,,,,,6.7,7.757142857142858,-12.799999999999999,-5.0,-19.52135593220339,-1.5666666666666667,0.12857142857142856,-2.7,-4.3,-13.679322033898304,3.0,3.828571428571429,-9.5,-4.7,-16.399661016949153,67.66666666666667,67.0,-19.0,-25.0,-16.54915254237288,1011.4666666666667,1015.9714285714286,10.299999999999955,-4.399999999999977,-4.723050847457557,26.799999999999994,21.0,-6.199999999999996,13.8,11.20576271186441,0.5666666666666667,1.2142857142857142,-1.7,0.0,-3.3301694915254236,-10.299999999999955,7.2000000000000455,True,9.5,4.300000000000001,1,12,1,False,False,False,True,False,False,True,True,False,1,-0.4384526390548497,0
2025-12-31,72,0.53,0.53,88,70,93,89,97,85,75,93,99.0,8100,2700,,,,,,,,,,,,2.4,-3.9,-1.0,50,1012.6,18.1,0.3,67.33333333333333,66.14285714285714,6.0,19.0,-6.640677966101691,0.4466666666666667,0.3157142857142857,0.10000000000000003,0.10000000000000003,0.5089152542372881,0.4066666666666667,0.2571428571428571,0.14,0.23000000000000004,0.46129251700680274,78.33333333333333,71.57142857142857,18.0,19.0,10.827118644067795,52.0,58.285714285714285,15.0,20.0,-3.067796610169495,88.66666666666667,83.28571428571429,3.0,17.0,8.359322033898309,86.33333333333333,90.28571428571429,8.0,0.0,9.718644067796603,97.0,90.14285714285714,2.0,10.0,11.383050847457625,75.0,79.42857142857143,17.0,9.0,8.799999999999997,50.666666666666664,38.0,49.0,15.0,-0.7999999999999972,84.33333333333333,67.42857142857143,20.0,32.0,19.033898305084747,96.33333333333333,97.0,4.0,0.0,13.649484536082468,6300.0,8100.0,4500.0,0.0,3233.8983050847455,1800.0,1028.5714285714287,1800.0,2700.0,-1113.5593220338983,,,,,,,,,,,,,,,,,,,,,,,,,,,,,,,,,,,,,,,,,,,,,,,,,,,,,,,,5.333333333333333,6.371428571428572,2.0,-4.1,-17.52135593220339,-2.733333333333333,-1.0857142857142856,-0.3999999999999999,-3.5,-14.079322033898304,1.7666666666666664,2.571428571428572,0.6000000000000001,-3.7,-15.799661016949152,57.0,65.28571428571429,-1.0,-32.0,-17.54915254237288,1009.1,1014.6428571428571,0.10000000000002274,-7.100000000000023,-4.6230508474575345,26.499999999999996,20.357142857142858,-9.5,-0.8999999999999986,1.7057627118644092,0.6666666666666666,1.2571428571428573,0.3,0.3,-3.030169491525424,-0.10000000000002274,-10.399999999999977,False,0.6000000000000001,8.9,2,12,1,False,False,False,True,True,False,False,True,False,0,-0.4308026808533407,0
2026-01-01,54,0.62,0.55,74,79,72,72,92,82,30,77,98.0,8100,3600,,,,,,,,,,,,1.8,-4.0,-1.4,47,1010.7,28.0,0.2,64.0,64.0,-18.0,-10.0,-24.64067796610169,0.5266666666666667,0.38571428571428573,0.08999999999999997,0.24,0.5989152542372881,0.49000000000000005,0.33142857142857146,0.020000000000000018,0.25000000000000006,0.48129251700680276,77.33333333333333,73.28571428571429,-14.0,-3.0,-3.172881355932205,68.0,61.42857142857143,9.0,48.0,5.932203389830505,85.0,84.0,-21.0,-11.0,-12.640677966101691,80.66666666666667,86.42857142857143,-17.0,-17.0,-7.281355932203397,94.66666666666667,90.57142857142857,-5.0,-7.0,6.383050847457625,78.33333333333333,79.14285714285714,-3.0,10.0,5.799999999999997,43.666666666666664,40.142857142857146,-45.0,-21.0,-45.8,81.0,71.57142857142857,-16.0,-10.0,3.0338983050847474,97.33333333333333,97.71428571428571,-1.0,3.0,12.649484536082468,6600.0,7842.857142857143,0.0,900.0,3233.8983050847455,2400.0,1414.2857142857142,900.0,1800.0,-213.5593220338983,,,,,,,,,,,,,,,,,,,,,,,,,,,,,,,,,,,,,,,,,,,,,,,,,,,,,,,,1.5333333333333332,4.757142857142857,-0.5999999999999999,-11.399999999999999,-18.12135593220339,-3.7999999999999994,-1.9285714285714286,-0.10000000000000009,-3.2,-14.179322033898304,-1.333333333333334,1.4571428571428573,-0.3999999999999999,-9.3,-16.19966101694915,49.333333333333336,62.714285714285715,-3.0,-23.0,-20.54915254237288,1011.9333333333334,1013.4714285714286,-1.8999999999999773,8.5,-6.523050847457512,24.566666666666663,22.314285714285713,9.899999999999999,-5.799999999999997,11.605762711864408,0.16666666666666666,1.2428571428571427,-0.09999999999999998,-1.5,-3.1301694915254235,1.8999999999999773,1.7999999999999545,False,0.3999999999999999,0.20000000000000018,3,1,1,False,False,False,True,True,False,True,True,False,1,-0.45901900954661157,1
2026-01-02,68,0.33,0.49,64,49,74,72,55,66,100,54,99.0,8100,3600,,,,,,,,,,,,1.4,-3.1,-1.4,42,1011.2,10.4,0.0,64.66666666666667,63.714285714285715,14.0,2.0,-10.640677966101691,0.4933333333333334,0.41571428571428576,-0.29,-0.09999999999999998,0.30891525423728816,0.5233333333333333,0.39,-0.06000000000000005,0.09999999999999998,0.4212925170068027,75.33333333333333,73.57142857142857,-10.0,-6.0,-13.172881355932205,66.0,56.42857142857143,-30.0,-6.0,-24.067796610169495,79.66666666666667,82.0,2.0,-16.0,-10.640677966101691,77.66666666666667,83.28571428571429,0.0,-9.0,-7.281355932203397,81.33333333333333,88.71428571428571,-37.0,-40.0,-30.616949152542375,77.66666666666667,75.71428571428571,-16.0,-2.0,-10.200000000000003,68.33333333333333,52.857142857142854,70.0,74.0,24.200000000000003,74.66666666666667,73.57142857142857,-23.0,-19.0,-19.966101694915253,98.66666666666667,97.71428571428571,1.0,4.0,13.649484536082468,8100.0,8100.0,0.0,4500.0,3233.8983050847455,3300.0,1800.0,0.0,2700.0,-213.5593220338983,,,,,,,,,,,,,,,,,,,,,,,,,,,,,,,,,,,,,,,,,,,,,,,,,,,,,,,,1.8666666666666665,4.442857142857142,-0.40000000000000013,0.9999999999999999,-18.52135593220339,-3.6666666666666665,-2.1285714285714286,0.8999999999999999,0.3999999999999999,-13.279322033898303,-1.2666666666666673,1.1857142857142862,0.0,0.20000000000000018,-16.19966101694915,46.333333333333336,59.714285714285715,-5.0,-9.0,-25.54915254237288,1011.5,1012.2571428571429,0.5,-1.2999999999999545,-6.023050847457512,18.83333333333333,21.52857142857143,-17.6,-17.200000000000003,-5.994237288135592,0.16666666666666666,0.31428571428571433,-0.2,0.0,-3.3301694915254236,-0.5,1.3999999999999773,False,0.0,0.3999999999999999,4,1,1,False,False,False,True,False,True,True,True,False,1,-0.4523100786333241,1
2026-01-03,61,0.6,0.65,76,49,86,46,99,73,58,89,99.0,6300,0,,,,,,,,,,,,1.6,-3.5,-1.3,55,1016.3,11.2,0.0,61.0,62.57142857142857,-7.0,-11.0,-17.64067796610169,0.5166666666666667,0.4742857142857143,0.26999999999999996,0.06999999999999995,0.5789152542372881,0.5633333333333334,0.4585714285714286,0.16000000000000003,0.12,0.5812925170068027,71.33333333333333,74.0,12.0,-12.0,-1.1728813559322049,59.0,54.714285714285715,0.0,-21.0,-24.067796610169495,77.33333333333333,82.0,12.0,-7.0,1.3593220338983087,63.333333333333336,76.85714285714286,-26.0,-43.0,-33.2813559322034,82.0,89.14285714285714,44.0,2.0,13.383050847457625,73.66666666666667,74.57142857142857,7.0,-12.0,-3.200000000000003,62.666666666666664,57.142857142857146,-42.0,-17.0,-17.799999999999997,73.33333333333333,76.28571428571429,35.0,-4.0,15.033898305084747,98.66666666666667,97.71428571428571,0.0,0.0,13.649484536082468,7500.0,7071.428571428572,-1800.0,-1800.0,1433.8983050847455,2400.0,1800.0,-3600.0,-2700.0,-3813.5593220338983,,,,,,,,,,,,,,,,,,,,,,,,,,,,,,,,,,,,,,,,,,,,,,,,,,,,,,,,1.5999999999999999,3.9,0.20000000000000018,-0.7999999999999998,-18.32135593220339,-3.533333333333333,-2.742857142857143,-0.3999999999999999,0.3999999999999999,-13.679322033898304,-1.3666666666666671,0.5571428571428573,0.09999999999999987,-0.30000000000000004,-16.099661016949153,48.0,56.714285714285715,13.0,5.0,-12.54915254237288,1012.7333333333335,1012.1714285714286,5.099999999999909,3.699999999999932,-0.9230508474576027,16.533333333333328,21.157142857142855,0.7999999999999989,-6.900000000000002,-5.194237288135593,0.06666666666666667,0.31428571428571433,0.0,-0.3,-3.3301694915254236,-5.099999999999909,-5.599999999999909,True,0.09999999999999987,0.09999999999999987,5,1,1,False,False,False,True,True,False,True,True,False,1,-0.4536395158638067,1
2026-01-04,55,0.53,0.6,74,82,60,86,93,77,41,74,97.0,2700,2700,,,,,,,,,,,,4.2,-2.2,0.3,57,1019.8,13.5,0.0,61.333333333333336,62.857142857142854,-6.0,1.0,-23.64067796610169,0.48666666666666664,0.48857142857142855,-0.06999999999999995,-0.08999999999999997,0.5089152542372881,0.5800000000000001,0.5014285714285714,-0.050000000000000044,0.04999999999999993,0.5312925170068027,71.33333333333333,74.71428571428571,-2.0,0.0,-3.172881355932205,60.0,59.285714285714285,33.0,3.0,8.932203389830505,73.33333333333333,79.71428571428571,-26.0,-12.0,-24.64067796610169,68.0,76.42857142857143,40.0,14.0,6.718644067796603,82.33333333333333,90.0,-6.0,1.0,7.383050847457625,72.0,74.71428571428571,4.0,-5.0,0.7999999999999972,66.33333333333333,54.42857142857143,-17.0,11.0,-34.8,72.33333333333333,78.14285714285714,-15.0,-3.0,0.03389830508474745,98.33333333333333,97.42857142857143,-2.0,-1.0,11.649484536082468,5700.0,6300.0,-3600.0,-5400.0,-2166.1016949152545,2100.0,2185.714285714286,2700.0,-900.0,-1113.5593220338983,,,,,,,,,,,,,,,,,,,,,,,,,,,,,,,,,,,,,,,,,,,,,,,,,,,,,,,,2.4,3.5714285714285716,2.6,2.4000000000000004,-15.721355932203391,-2.933333333333333,-3.0,1.2999999999999998,1.7999999999999998,-12.379322033898305,-0.8000000000000006,0.21428571428571455,1.6,1.7,-14.499661016949151,51.333333333333336,53.142857142857146,2.0,10.0,-10.54915254237288,1015.7666666666668,1012.1857142857143,3.5,9.099999999999909,2.5769491525423973,11.699999999999996,20.37142857142857,2.3000000000000007,-14.5,-2.8942372881355922,0.0,0.31428571428571433,0.0,-0.2,-3.3301694915254236,-3.5,-8.599999999999909,False,1.6,1.7,6,1,1,False,False,False,True,True,False,True,True,False,1,-0.4255900138061351,0
2026-01-05,51,0.4,0.5,51,40,76,91,59,44,13,47,96.0,2700,7200,,,,,,,,,,,,4.2,-3.1,0.4,67,1021.5,13.8,0.1,55.666666666666664,61.0,-4.0,-17.0,-27.64067796610169,0.51,0.49142857142857144,-0.13,0.07,0.37891525423728817,0.5833333333333334,0.53,-0.09999999999999998,0.010000000000000009,0.4312925170068027,67.0,71.0,-23.0,-13.0,-26.172881355932205,57.0,60.57142857142857,-42.0,-9.0,-33.067796610169495,74.0,78.71428571428571,16.0,2.0,-8.640677966101691,74.33333333333333,76.71428571428571,5.0,19.0,11.718644067796603,83.66666666666667,84.28571428571429,-34.0,4.0,-26.616949152542375,64.66666666666667,70.71428571428571,-33.0,-22.0,-32.2,37.333333333333336,49.0,-28.0,-87.0,-62.8,70.0,72.42857142857143,-27.0,-7.0,-26.966101694915253,97.33333333333333,97.57142857142857,-1.0,-3.0,10.649484536082468,3900.0,5657.142857142857,0.0,-5400.0,-2166.1016949152545,3300.0,2957.1428571428573,4500.0,3600.0,3386.4406779661017,,,,,,,,,,,,,,,,,,,,,,,,,,,,,,,,,,,,,,,,,,,,,,,,,,,,,,,,3.3333333333333335,2.2857142857142856,0.0,2.8000000000000003,-15.721355932203391,-2.9333333333333336,-3.3285714285714287,-0.8999999999999999,0.0,-13.279322033898303,-0.20000000000000062,-0.8571428571428569,0.10000000000000003,1.7999999999999998,-14.399661016949151,59.666666666666664,52.714285714285715,10.0,25.0,-0.5491525423728802,1019.2000000000002,1014.9428571428572,1.7000000000000455,10.299999999999955,4.276949152542443,12.833333333333329,17.514285714285712,0.3000000000000007,3.4000000000000004,-2.5942372881355915,0.03333333333333333,0.08571428571428572,0.1,0.1,-3.2301694915254235,-1.7000000000000455,-5.2000000000000455,False,0.10000000000000003,1.7000000000000002,0,1,1,False,False,False,True,False,True,True,True,False,1,-0.4661966212821357,1
2026-01-06,55,-0.21,0.35,48,54,88,86,16,82,21,25,95.0,900,11700,,,,,,,,,,,,6.7,-0.1,2.9,88,1011.6,8.3,0.0,53.666666666666664,59.42857142857143,4.0,-6.0,-23.64067796610169,0.24000000000000007,0.39999999999999997,-0.61,-0.8099999999999999,-0.23108474576271185,0.48333333333333334,0.5242857142857142,-0.15000000000000002,-0.30000000000000004,0.2812925170068027,57.666666666666664,67.85714285714286,-3.0,-28.0,-29.172881355932205,58.666666666666664,60.42857142857143,14.0,5.0,-19.067796610169495,74.66666666666667,78.42857142857143,12.0,2.0,3.3593220338983087,87.66666666666667,77.42857142857143,-5.0,40.0,6.718644067796603,56.0,73.0,-43.0,-83.0,-69.61694915254238,67.66666666666667,72.71428571428571,38.0,9.0,5.799999999999997,25.0,48.285714285714285,8.0,-37.0,-54.8,48.666666666666664,65.57142857142857,-22.0,-64.0,-48.96610169491525,96.0,97.57142857142857,-1.0,-4.0,9.649484536082468,2100.0,5271.428571428572,-1800.0,-5400.0,-3966.1016949152545,7200.0,4500.0,4500.0,11700.0,7886.440677966102,,,,,,,,,,,,,,,,,,,,,,,,,,,,,,,,,,,,,,,,,,,,,,,,,,,,,,,,5.033333333333334,3.185714285714286,2.5,5.1,-13.221355932203391,-1.7999999999999998,-2.842857142857143,3.0,3.4,-10.279322033898303,1.1999999999999993,-0.21428571428571416,2.5,4.2,-11.899661016949151,70.66666666666667,58.0,21.0,33.0,20.45084745762712,1017.6333333333333,1014.8142857142857,-9.899999999999977,-4.699999999999932,-5.6230508474575345,11.866666666666662,14.757142857142856,-5.5,-2.8999999999999986,-8.094237288135592,0.03333333333333333,0.08571428571428572,-0.1,0.0,-3.3301694915254236,9.899999999999977,8.199999999999932,True,2.5,2.6,1,1,1,False,False,False,False,False,True,True,True,True,1,-0.513364583049403,1
2026-01-07,67,0.39,0.54,62,66,48,15,95,84,38,65,99.0,900,5400,,,,,,,,,,,,15.4,3.9,8.5,76,1010.0,16.8,0.0,57.666666666666664,58.714285714285715,12.0,12.0,-11.640677966101691,0.19333333333333338,0.38,0.6,-0.14,0.36891525423728816,0.4633333333333334,0.5257142857142857,0.19000000000000006,-0.05999999999999994,0.47129251700680275,53.666666666666664,64.14285714285714,14.0,-12.0,-15.172881355932205,53.333333333333336,59.857142857142854,12.0,-16.0,-7.067796610169495,70.66666666666667,72.0,-40.0,-12.0,-36.64067796610169,64.0,66.85714285714286,-71.0,-71.0,-64.2813559322034,56.666666666666664,72.71428571428571,79.0,2.0,9.383050847457625,70.0,72.57142857142857,2.0,7.0,7.799999999999997,24.0,43.0,17.0,-3.0,-37.8,45.666666666666664,61.57142857142857,40.0,-9.0,-8.966101694915253,96.66666666666667,97.57142857142857,4.0,2.0,13.649484536082468,1500.0,4242.857142857143,0.0,-1800.0,-3966.1016949152545,8100.0,4885.714285714285,-6300.0,2700.0,1586.4406779661017,,,,,,,,,,,,,,,,,,,,,,,,,,,,,,,,,,,,,,,,,,,,,,,,,,,,,,,,8.766666666666667,5.042857142857143,8.7,11.2,-4.52135593220339,0.2333333333333334,-1.7285714285714282,4.0,6.1,-6.279322033898303,3.9333333333333322,1.142857142857143,5.6,8.2,-6.299661016949152,77.0,61.714285714285715,-12.0,19.0,8.45084745762712,1014.3666666666668,1014.4428571428571,-1.6000000000000227,-9.799999999999955,-7.223050847457557,12.966666666666661,14.571428571428571,8.5,3.3000000000000007,0.4057627118644085,0.03333333333333333,0.042857142857142864,0.0,0.0,-3.3301694915254236,1.6000000000000227,11.5,False,5.6,8.1,2,1,1,False,False,False,True,False,True,True,True,False,1,-0.49833260482117253,1
2026-01-08,74,0.13,0.25,80,87,90,67,98,90,61,76,97.0,0,4500,,,,,,,,,,,,12.1,0.2,6.0,78,1022.4,10.1,0.0,65.33333333333333,61.57142857142857,7.0,23.0,-4.640677966101691,0.10333333333333339,0.31,-0.26,-0.27,0.10891525423728814,0.38000000000000006,0.4828571428571428,-0.29000000000000004,-0.25,0.1812925170068027,63.333333333333336,65.0,18.0,29.0,2.827118644067795,69.0,61.0,21.0,47.0,13.932203389830505,75.33333333333333,74.57142857142857,42.0,14.0,5.359322033898309,56.0,66.14285714285714,52.0,-24.0,-12.281355932203397,69.66666666666667,73.57142857142857,3.0,39.0,12.383050847457625,85.33333333333333,73.71428571428571,6.0,46.0,13.799999999999997,40.0,47.42857142857143,23.0,48.0,-14.799999999999997,55.333333333333336,61.42857142857143,11.0,29.0,2.0338983050847474,97.0,97.42857142857143,-2.0,1.0,11.649484536082468,600.0,3085.714285714286,-900.0,-2700.0,-4866.1016949152545,7200.0,5014.285714285715,-900.0,-2700.0,686.4406779661017,,,,,,,,,,,,,,,,,,,,,,,,,,,,,,,,,,,,,,,,,,,,,,,,,,,,,,,,11.4,6.514285714285713,-3.3000000000000007,7.8999999999999995,-7.8213559322033905,1.3333333333333333,-1.1285714285714286,-3.6999999999999997,3.3000000000000003,-9.979322033898304,5.8,2.2,-2.5,5.6,-8.799661016949152,80.66666666666667,66.14285714285714,2.0,11.0,10.45084745762712,1014.6666666666666,1016.1142857142858,12.399999999999977,0.8999999999999773,5.17694915254242,11.733333333333329,12.014285714285714,-6.700000000000001,-3.700000000000001,-6.294237288135593,0.0,0.014285714285714287,0.0,-0.1,-3.3301694915254236,-12.399999999999977,-10.799999999999955,True,2.5,3.1,3,1,1,False,False,False,False,False,False,False,False,False,0,-0.44418781517894323,0
2026-01-09,76,0.49,0.28,81,97,90,91,99,83,21,81,94.0,1800,10800,,,,,,,,,,,,12.1,2.7,7.2,87,1022.1,19.7,3.6,72.33333333333333,62.714285714285715,2.0,21.0,-2.6406779661016913,0.3366666666666667,0.33285714285714285,0.36,0.7,0.46891525423728814,0.3566666666666667,0.45285714285714285,0.030000000000000027,-0.06999999999999995,0.21129251700680274,74.33333333333333,67.42857142857143,1.0,33.0,3.827118644067795,83.33333333333333,67.85714285714286,10.0,43.0,23.932203389830505,76.0,76.85714285714286,0.0,2.0,5.359322033898309,57.666666666666664,68.85714285714286,24.0,5.0,11.718644067796603,97.33333333333333,79.85714285714286,1.0,83.0,13.383050847457625,85.66666666666667,76.14285714285714,-7.0,1.0,6.799999999999997,40.0,36.142857142857146,-40.0,0.0,-54.8,74.0,65.28571428571429,5.0,56.0,7.0338983050847474,96.66666666666667,96.71428571428571,-3.0,-1.0,8.649484536082468,900.0,2185.714285714286,1800.0,900.0,-3066.1016949152545,6900.0,6042.857142857143,6300.0,-900.0,6986.440677966102,,,,,,,,,,,,,,,,,,,,,,,,,,,,,,,,,,,,,,,,,,,,,,,,,,,,,,,,13.199999999999998,8.042857142857143,0.0,5.3999999999999995,-7.8213559322033905,2.266666666666667,-0.29999999999999993,2.5,2.8000000000000003,-7.4793220338983035,7.233333333333332,3.4285714285714284,1.2000000000000002,4.300000000000001,-7.599661016949152,80.33333333333333,72.57142857142857,9.0,-1.0,19.45084745762712,1018.1666666666669,1017.6714285714286,-0.2999999999999545,10.5,4.8769491525424655,15.533333333333326,13.342857142857143,9.6,11.399999999999999,3.305762711864407,1.2,0.5285714285714286,3.6,3.6,0.26983050847457646,0.2999999999999545,-12.100000000000023,False,1.2000000000000002,1.2999999999999998,4,1,1,False,False,False,True,False,False,False,True,False,0,-0.44092740415903525,0
2026-01-10,49,0.0,0.27,35,45,51,67,11,42,66,14,92.0,13500,900,,,,,,,,,,,,11.4,6.8,8.4,97,1017.7,15.7,29.2,66.33333333333333,61.0,-27.0,-18.0,-29.64067796610169,0.2066666666666667,0.24714285714285714,-0.49,-0.39,-0.021084745762711864,0.26666666666666666,0.3985714285714286,-0.010000000000000009,-0.27,0.20129251700680273,65.33333333333333,61.57142857142857,-46.0,-27.0,-42.172881355932205,76.33333333333333,67.28571428571429,-52.0,-21.0,-28.067796610169495,77.0,71.85714285714286,-39.0,3.0,-33.64067796610169,75.0,71.85714285714286,-24.0,52.0,-12.281355932203397,69.33333333333333,67.28571428571429,-88.0,-84.0,-74.61694915254238,71.66666666666667,71.71428571428571,-41.0,-42.0,-34.2,49.333333333333336,37.285714285714285,45.0,28.0,-9.799999999999997,57.0,54.57142857142857,-67.0,-51.0,-59.96610169491525,94.33333333333333,95.71428571428571,-2.0,-7.0,6.649484536082468,5100.0,3214.285714285714,11700.0,12600.0,8633.898305084746,5400.0,6171.428571428572,-9900.0,-4500.0,-2913.5593220338983,,,,,,,,,,,,,,,,,,,,,,,,,,,,,,,,,,,,,,,,,,,,,,,,,,,,,,,,11.866666666666667,9.442857142857141,-0.6999999999999993,-4.0,-8.52135593220339,3.233333333333333,1.1714285714285713,4.1,2.9,-3.379322033898304,7.199999999999999,4.814285714285715,1.2000000000000002,-0.09999999999999964,-6.3996610169491515,87.33333333333333,78.57142857142857,10.0,21.0,29.45084745762712,1020.7333333333335,1017.8714285714286,-4.399999999999977,7.7000000000000455,0.47694915254248826,15.166666666666663,13.985714285714284,-4.0,-1.1000000000000014,-0.6942372881355929,10.933333333333332,4.7,25.599999999999998,29.2,25.869830508474575,4.399999999999977,4.699999999999932,False,1.2000000000000002,2.4000000000000004,5,1,1,False,False,False,False,False,True,True,True,False,1,-0.5689056906357253,1
2026-01-11,82,0.02,0.25,95,95,98,94,100,92,74,99,88.0,5400,11700,,,,,,,,,,,,8.4,0.5,5.5,65,1014.6,31.4,0.1,69.0,64.85714285714286,33.0,8.0,3.3593220338983087,0.17000000000000004,0.1742857142857143,0.02,-0.11,-0.001084745762711864,0.26666666666666666,0.34857142857142864,-0.020000000000000018,0.0,0.1812925170068027,70.33333333333333,64.57142857142857,60.0,15.0,17.827118644067795,79.0,69.14285714285714,50.0,8.0,21.932203389830505,79.66666666666667,77.28571428571429,47.0,8.0,13.359322033898309,84.0,73.0,27.0,27.0,14.718644067796603,70.0,68.28571428571429,89.0,2.0,14.383050847457625,72.33333333333333,73.85714285714286,50.0,2.0,15.799999999999997,53.666666666666664,42.0,8.0,13.0,-1.7999999999999972,64.66666666666667,58.142857142857146,85.0,23.0,25.033898305084747,91.33333333333333,94.42857142857143,-4.0,-9.0,2.6494845360824684,6900.0,3600.0,-8100.0,5400.0,533.8983050847455,7800.0,7457.142857142857,10800.0,7200.0,7886.440677966102,,,,,,,,,,,,,,,,,,,,,,,,,,,,,,,,,,,,,,,,,,,,,,,,,,,,,,,,10.633333333333333,10.042857142857143,-3.0,-3.6999999999999993,-11.52135593220339,3.3333333333333335,1.557142857142857,-6.3,0.3,-9.679322033898304,7.033333333333332,5.557142857142858,-2.9000000000000004,-0.5,-9.299661016949152,83.0,79.71428571428571,-32.0,-13.0,-2.5491525423728802,1018.1333333333336,1017.1285714285714,-3.1000000000000227,-7.7999999999999545,-2.6230508474575345,22.266666666666662,16.54285714285714,15.7,21.299999999999997,15.005762711864406,10.966666666666667,4.714285714285714,-29.099999999999998,0.1,-3.2301694915254235,3.1000000000000227,7.5,False,2.9000000000000004,1.7000000000000002,6,1,1,False,False,False,False,False,False,False,True,False,0,-0.4819454571333374,1
2026-01-12,82,0.22,0.36,84,86,79,86,100,82,65,86,81.0,5400,2700,,,,,,,,,,,,7.2,-0.9,2.5,59,1024.3,19.3,0.0,71.0,69.28571428571429,0.0,6.0,3.3593220338983087,0.08000000000000003,0.14857142857142858,0.2,-0.27,0.19891525423728815,0.29333333333333333,0.3285714285714286,0.10999999999999999,0.07999999999999996,0.2912925170068027,71.33333333333333,69.28571428571429,-11.0,3.0,6.827118644067795,75.33333333333333,75.71428571428571,-9.0,-11.0,12.932203389830505,76.0,77.71428571428571,-19.0,-11.0,-5.640677966101691,82.33333333333333,72.28571428571429,-8.0,-5.0,6.718644067796603,70.33333333333333,74.14285714285714,0.0,1.0,14.383050847457625,72.0,79.28571428571429,-10.0,-1.0,5.799999999999997,68.33333333333333,49.42857142857143,-9.0,44.0,-10.799999999999997,66.33333333333333,63.714285714285715,-13.0,5.0,12.033898305084747,87.0,92.28571428571429,-7.0,-13.0,-4.350515463917532,8100.0,3985.714285714286,0.0,3600.0,533.8983050847455,5100.0,6814.285714285715,-9000.0,-8100.0,-1113.5593220338983,,,,,,,,,,,,,,,,,,,,,,,,,,,,,,,,,,,,,,,,,,,,,,,,,,,,,,,,9.0,10.471428571428572,-1.2000000000000002,-4.8999999999999995,-12.721355932203391,2.1333333333333333,1.8714285714285717,-1.4,-3.6,-11.079322033898304,5.466666666666666,5.857142857142857,-3.0,-4.7,-12.299661016949152,73.66666666666667,78.57142857142857,-6.0,-28.0,-8.54915254237288,1018.8666666666668,1017.5285714285714,9.699999999999932,2.199999999999932,7.076949152542397,22.133333333333326,17.32857142857143,-12.099999999999998,-0.3999999999999986,2.9057627118644085,9.766666666666667,4.7,-0.1,-3.6,-3.3301694915254236,-9.699999999999932,-6.599999999999909,True,3.0,5.9,0,1,1,False,False,False,False,False,False,False,True,False,0,-0.41414230964487336,0
2026-01-13,83,0.15,0.13,79,78,88,89,100,81,36,80,70.0,2700,3600,,,,,,,,,,,,9.6,-2.5,3.6,59,1016.7,18.8,0.0,82.33333333333333,73.28571428571429,1.0,34.0,4.359322033898309,0.13000000000000003,0.19999999999999998,-0.07,0.15,0.12891525423728814,0.24666666666666667,0.29714285714285715,-0.22999999999999998,-0.14,0.061292517006802716,86.0,73.71428571428571,-5.0,44.0,1.8271186440677951,86.33333333333333,79.14285714285714,-8.0,33.0,4.932203389830505,88.33333333333333,77.71428571428571,9.0,37.0,3.3593220338983087,89.66666666666667,72.71428571428571,3.0,22.0,9.718644067796603,100.0,86.14285714285714,0.0,89.0,14.383050847457625,85.0,79.14285714285714,-1.0,39.0,4.799999999999997,58.333333333333336,51.57142857142857,-29.0,-30.0,-39.8,88.33333333333333,71.57142857142857,-6.0,66.0,6.0338983050847474,79.66666666666667,88.71428571428571,-11.0,-22.0,-15.350515463917532,4500.0,4242.857142857143,-2700.0,-10800.0,-2166.1016949152545,6000.0,5657.142857142857,900.0,2700.0,-213.5593220338983,,,,,,,,,,,,,,,,,,,,,,,,,,,,,,,,,,,,,,,,,,,,,,,,,,,,,,,,8.4,10.885714285714284,2.3999999999999995,-1.8000000000000007,-10.32135593220339,-0.9666666666666667,1.5285714285714287,-1.6,-9.3,-12.679322033898304,3.8666666666666654,5.957142857142857,1.1,-4.800000000000001,-11.199661016949152,61.0,74.42857142857143,0.0,-38.0,-8.54915254237288,1018.5333333333334,1018.2571428571429,-7.599999999999909,-1.0,-0.5230508474575117,23.16666666666666,18.82857142857143,-0.5,3.1000000000000014,2.4057627118644085,0.03333333333333333,4.7,0.0,-29.2,-3.3301694915254236,7.599999999999909,-2.1000000000000227,True,1.1,1.9,1,1,1,False,False,False,False,False,False,False,True,True,0,-0.43155884501872227,0
2026-01-14,76,0.15,0.18,62,93,72,81,68,88,18,45,67.0,7200,3600,,,,,,,,,,,,9.9,6.3,7.9,56,1003.0,19.3,0.1,80.33333333333333,74.57142857142857,-7.0,-6.0,-2.6406779661016913,0.17333333333333334,0.1657142857142857,0.0,0.13,0.12891525423728814,0.2233333333333333,0.24571428571428572,0.04999999999999999,-0.07,0.1112925170068027,75.0,73.71428571428571,-17.0,-33.0,-15.172881355932205,85.66666666666667,83.0,15.0,-2.0,19.932203389830505,79.66666666666667,81.14285714285714,-16.0,-26.0,-12.640677966101691,85.33333333333333,82.14285714285714,-8.0,-13.0,1.7186440677966033,89.33333333333333,82.28571428571429,-32.0,-32.0,-17.616949152542375,83.66666666666667,79.71428571428571,7.0,-4.0,11.799999999999997,39.666666666666664,48.714285714285715,-18.0,-56.0,-57.8,70.33333333333333,68.71428571428571,-35.0,-54.0,-28.966101694915253,72.66666666666667,84.14285714285714,-3.0,-21.0,-18.35051546391753,5100.0,5142.857142857143,4500.0,1800.0,2333.8983050847455,3300.0,5400.0,0.0,-8100.0,-213.5593220338983,,,,,,,,,,,,,,,,,,,,,,,,,,,,,,,,,,,,,,,,,,,,,,,,,,,,,,,,8.9,10.1,0.3000000000000007,1.5,-10.02135593220339,0.9666666666666667,1.8714285714285714,8.8,5.8,-3.879322033898304,4.666666666666665,5.871428571428572,4.300000000000001,2.4000000000000004,-6.8996610169491515,58.0,71.57142857142857,-3.0,-9.0,-11.54915254237288,1014.6666666666666,1017.2571428571429,-13.700000000000045,-11.600000000000023,-14.223050847457557,19.13333333333333,19.185714285714283,0.5,-12.099999999999998,2.9057627118644085,0.03333333333333333,4.714285714285714,0.1,0.0,-3.2301694915254235,13.700000000000045,21.299999999999955,True,4.300000000000001,5.4,2,1,1,False,False,False,False,False,False,False,True,True,1,-0.4503200579794592,1
2026-01-15,84,0.03,0.19,85,68,95,97,95,82,77,83,64.0,2700,4500,,,,,,,,,,,,6.3,-5.8,-0.3,53,1002.7,25.2,1.5,81.0,76.0,8.0,2.0,5.359322033898309,0.11000000000000003,0.15142857142857144,-0.12,-0.19,0.008915254237288135,0.16666666666666666,0.23714285714285716,0.010000000000000009,-0.16999999999999998,0.12129251700680271,75.33333333333333,74.42857142857143,23.0,1.0,7.827118644067795,79.66666666666667,80.28571428571429,-25.0,-18.0,-5.067796610169495,85.0,81.85714285714286,23.0,16.0,10.359322033898309,89.0,86.42857142857143,16.0,11.0,17.718644067796603,87.66666666666667,81.85714285714286,27.0,-5.0,9.383050847457625,83.66666666666667,78.57142857142857,-6.0,0.0,5.799999999999997,43.666666666666664,51.0,59.0,12.0,1.2000000000000028,69.33333333333333,69.71428571428571,38.0,-3.0,9.033898305084747,67.0,79.42857142857143,-3.0,-17.0,-21.35051546391753,4200.0,5528.571428571428,-4500.0,-2700.0,-2166.1016949152545,3900.0,5400.0,900.0,1800.0,686.4406779661017,,,,,,,,,,,,,,,,,,,,,,,,,,,,,,,,,,,,,,,,,,,,,,,,,,,,,,,,8.6,9.271428571428572,-3.6000000000000005,-0.9000000000000004,-13.62135593220339,-0.6666666666666666,1.0142857142857145,-12.1,-4.8999999999999995,-15.979322033898303,3.733333333333332,4.971428571428572,-8.200000000000001,-2.8,-15.099661016949153,56.0,68.0,-3.0,-6.0,-14.54915254237288,1007.4666666666668,1014.4428571428572,-0.2999999999999545,-21.59999999999991,-14.523050847457512,21.099999999999994,21.342857142857145,5.899999999999999,5.899999999999999,8.805762711864407,0.5333333333333333,4.928571428571429,1.4,1.5,-1.8301694915254236,0.2999999999999545,14.0,False,8.200000000000001,3.9,3,1,1,False,False,False,False,False,False,False,True,False,0,-0.4471255727789728,0
2026-01-16,91,-0.01,0.15,89,57,93,97,100,73,81,100,61.0,0,23400,,,,,,,,,,,,1.6,-6.0,-2.4,41,1015.0,22.1,0.0,83.66666666666667,78.14285714285714,7.0,8.0,12.359322033898309,0.0566666666666667,0.07999999999999999,-0.04,-0.16,-0.031084745762711863,0.17333333333333334,0.21857142857142858,-0.04000000000000001,0.01999999999999999,0.0812925170068027,78.66666666666667,75.57142857142857,4.0,10.0,11.827118644067795,72.66666666666667,74.57142857142857,-11.0,-21.0,-16.067796610169495,86.66666666666667,82.28571428571429,-2.0,5.0,8.359322033898309,91.66666666666667,87.28571428571429,0.0,8.0,17.718644067796603,87.66666666666667,82.0,5.0,0.0,14.383050847457625,81.0,77.14285714285714,-9.0,-8.0,-3.200000000000003,58.666666666666664,59.57142857142857,4.0,45.0,5.200000000000003,76.0,72.42857142857143,17.0,20.0,26.033898305084747,64.0,74.71428571428571,-3.0,-9.0,-24.35051546391753,3300.0,5271.428571428572,-2700.0,-2700.0,-4866.1016949152545,10500.0,7200.0,18900.0,19800.0,19586.4406779661,,,,,,,,,,,,,,,,,,,,,,,,,,,,,,,,,,,,,,,,,,,,,,,,,,,,,,,,5.933333333333334,7.771428571428571,-4.699999999999999,-8.0,-18.32135593220339,-1.8333333333333333,-0.2285714285714285,-0.20000000000000018,-3.5,-16.179322033898302,1.7333333333333325,3.6000000000000005,-2.1,-6.0,-17.19966101694915,50.0,61.42857142857143,-12.0,-18.0,-26.54915254237288,1006.9000000000001,1013.4285714285714,12.299999999999955,-1.7000000000000455,-2.223050847457557,22.2,21.685714285714287,-3.099999999999998,3.3000000000000007,5.705762711864409,0.5333333333333333,4.414285714285714,-1.5,0.0,-3.3301694915254236,-12.299999999999955,-12.0,True,2.1,10.3,4,1,1,False,False,False,False,False,False,False,False,False,0,-0.4606929167820011,1
2026-01-17,80,-0.01,0.12,77,69,95,86,93,83,53,70,58.0,10800,3600,,,,,,,,,,,,5.5,-0.2,2.0,63,1017.7,15.7,1.6,85.0,82.57142857142857,-11.0,4.0,1.3593220338983087,0.00333333333333337,0.07857142857142856,0.0,-0.16,-0.031084745762711863,0.15333333333333332,0.19714285714285712,-0.03,-0.06,0.05129251700680271,83.66666666666667,81.57142857142857,-12.0,15.0,-0.17288135593220488,64.66666666666667,78.0,12.0,-24.0,-4.067796610169495,94.33333333333333,88.57142857142857,2.0,23.0,10.359322033898309,93.33333333333333,90.0,-11.0,5.0,6.718644067796603,96.0,93.71428571428571,-7.0,25.0,7.383050847457625,79.33333333333333,83.0,10.0,-5.0,6.799999999999997,70.33333333333333,57.714285714285715,-28.0,35.0,-22.799999999999997,84.33333333333333,80.42857142857143,-30.0,25.0,-3.9661016949152526,61.0,69.85714285714286,-3.0,-9.0,-27.35051546391753,4500.0,4885.714285714285,10800.0,3600.0,5933.8983050847455,10500.0,7585.714285714285,-19800.0,0.0,-213.5593220338983,,,,,,,,,,,,,,,,,,,,,,,,,,,,,,,,,,,,,,,,,,,,,,,,,,,,,,,,4.466666666666668,6.928571428571429,3.9,-4.4,-14.42135593220339,-4.0,-1.2285714285714284,5.8,-6.5,-10.379322033898303,-0.23333333333333442,2.6857142857142864,4.4,-5.9,-12.799661016949152,52.333333333333336,56.57142857142857,22.0,7.0,-4.54915254237288,1011.8000000000002,1013.4285714285714,2.7000000000000455,14.700000000000045,0.47694915254248826,20.999999999999996,21.685714285714283,-6.400000000000002,-3.6000000000000014,-0.6942372881355929,1.0333333333333334,0.4714285714285714,1.6,1.5,-1.7301694915254235,-2.7000000000000455,-15.0,False,4.4,2.3,5,1,1,False,False,False,False,False,False,False,True,False,0,-0.4430931034346485,0
2026-01-18,75,-0.04,0.04,65,19,79,72,59,69,100,61,54.0,0,8100,,,,,,,,,,,,2.5,-3.4,0.5,83,1016.0,15.6,4.9,82.0,81.57142857142857,-5.0,-9.0,-3.6406779661016913,-0.019999999999999962,0.06999999999999999,-0.03,-0.07,-0.06108474576271186,0.10333333333333333,0.16714285714285712,-0.07999999999999999,-0.15,-0.028707482993197288,77.0,77.28571428571429,-12.0,-20.0,-12.172881355932205,48.333333333333336,67.14285714285714,-50.0,-49.0,-54.067796610169495,89.0,85.85714285714286,-16.0,-16.0,-5.640677966101691,85.0,86.85714285714286,-14.0,-25.0,-7.281355932203397,84.0,87.85714285714286,-34.0,-36.0,-26.616949152542375,75.0,79.71428571428571,-14.0,-13.0,-7.200000000000003,78.0,61.42857142857143,47.0,23.0,24.200000000000003,77.0,75.0,-9.0,-22.0,-12.966101694915253,57.666666666666664,65.0,-4.0,-10.0,-31.35051546391753,3600.0,4114.285714285715,-10800.0,-2700.0,-4866.1016949152545,11700.0,7071.428571428572,4500.0,3600.0,4286.440677966102,,,,,,,,,,,,,,,,,,,,,,,,,,,,,,,,,,,,,,,,,,,,,,,,,,,,,,,,3.2000000000000006,6.0857142857142845,-3.0,-3.8,-17.42135593220339,-3.1999999999999997,-1.7857142857142858,-3.1999999999999997,2.4,-13.579322033898304,0.033333333333332237,1.971428571428572,-1.5,0.8,-14.299661016949152,62.333333333333336,59.142857142857146,20.0,30.0,15.45084745762712,1016.2333333333335,1013.6285714285715,-1.7000000000000455,13.299999999999955,-1.2230508474575572,17.799999999999994,19.428571428571427,-0.09999999999999964,-9.6,-0.7942372881355926,2.1666666666666665,1.157142857142857,3.3000000000000003,3.4000000000000004,1.5698305084745767,1.7000000000000455,-1.0,False,1.5,2.9,6,1,1,False,False,False,False,False,False,False,False,False,0,-0.4692603817193287,1
2026-01-19,85,0.05,0.06,80,76,86,89,98,82,59,77,56.0,7200,0,,,,,,,,,,,,5.0,-5.8,-1.2,49,1016.5,19.4,0.0,80.0,82.0,10.0,-6.0,6.359322033898309,3.700743415417188e-17,0.045714285714285714,0.09,0.060000000000000005,0.02891525423728814,0.07333333333333333,0.12428571428571429,0.019999999999999997,-0.09,-0.00870748299319729,74.0,76.71428571428571,15.0,-9.0,2.827118644067795,54.666666666666664,65.71428571428571,57.0,19.0,2.932203389830505,86.66666666666667,86.85714285714286,7.0,-7.0,1.3593220338983087,82.33333333333333,87.28571428571429,17.0,-8.0,9.718644067796603,83.33333333333333,87.57142857142857,39.0,-2.0,12.383050847457625,78.0,79.71428571428571,13.0,9.0,5.799999999999997,70.66666666666667,60.57142857142857,-41.0,-22.0,-16.799999999999997,69.33333333333333,73.71428571428571,16.0,-23.0,3.0338983050847474,56.0,61.42857142857143,2.0,-5.0,-29.35051546391753,6000.0,4371.428571428572,7200.0,7200.0,2333.8983050847455,3900.0,6685.714285714285,-8100.0,-23400.0,-3813.5593220338983,,,,,,,,,,,,,,,,,,,,,,,,,,,,,,,,,,,,,,,,,,,,,,,,,,,,,,,,4.333333333333335,5.771428571428572,2.5,3.4,-14.92135593220339,-3.1333333333333333,-2.4857142857142853,-2.4,0.20000000000000018,-15.979322033898303,0.4333333333333322,1.4428571428571433,-1.7,1.2,-15.999661016949151,65.0,57.714285714285715,-34.0,8.0,-18.54915254237288,1016.7333333333335,1012.5142857142857,0.5,1.5,-0.7230508474575572,16.899999999999995,19.442857142857143,3.799999999999999,-2.700000000000003,3.0057627118644064,2.1666666666666665,1.157142857142857,-4.9,0.0,-3.3301694915254236,-0.5,1.2000000000000455,False,1.7,3.2,0,1,1,False,False,False,False,False,False,False,True,False,0,-0.45018330705462,0
2026-01-20,78,0.11,0.08,61,67,60,1,96,52,42,77,71.0,13500,3600,,,,,,,,,,,,-1.0,-7.7,-4.5,29,1028.8,18.7,0.0,79.33333333333333,81.28571428571429,-7.0,-2.0,-0.6406779661016913,0.040000000000000036,0.04,0.06,0.12,0.08891525423728813,0.06,0.11714285714285713,0.020000000000000004,-0.039999999999999994,0.011292517006802713,68.66666666666667,74.14285714285714,-19.0,-16.0,-16.172881355932205,54.0,64.14285714285714,-9.0,-2.0,-6.067796610169495,75.0,82.85714285714286,-26.0,-35.0,-24.64067796610169,54.0,74.71428571428571,-88.0,-85.0,-78.2813559322034,84.33333333333333,87.0,-2.0,3.0,10.383050847457625,67.66666666666667,75.57142857142857,-30.0,-31.0,-24.200000000000003,67.0,61.42857142857143,-17.0,-11.0,-33.8,71.66666666666667,73.28571428571429,0.0,7.0,3.0338983050847474,60.333333333333336,61.57142857142857,15.0,13.0,-14.350515463917532,6900.0,5914.285714285715,6300.0,2700.0,8633.898305084746,3900.0,6685.714285714285,3600.0,0.0,-213.5593220338983,,,,,,,,,,,,,,,,,,,,,,,,,,,,,,,,,,,,,,,,,,,,,,,,,,,,,,,,2.1666666666666674,4.257142857142857,-6.0,-6.5,-20.92135593220339,-5.633333333333334,-3.2285714285714286,-1.9000000000000004,-7.5,-17.879322033898305,-1.7333333333333345,0.28571428571428636,-3.3,-6.5,-19.299661016949152,53.666666666666664,53.42857142857143,-20.0,-34.0,-38.54915254237288,1020.4333333333334,1014.2428571428572,12.299999999999955,11.099999999999909,11.576949152542397,17.899999999999995,19.428571428571427,-0.6999999999999993,3.0,2.305762711864407,1.6333333333333335,1.157142857142857,0.0,-1.6,-3.3301694915254236,-12.299999999999955,-12.799999999999955,True,3.3,5.0,1,1,1,False,False,False,False,False,False,False,True,False,0,-0.45733832695543636,1
2026-01-21,71,0.02,0.05,61,59,81,83,50,90,19,52,74.0,8100,6300,,,,,,,,,,,,4.7,-8.7,-2.2,38,1030.0,19.7,0.0,78.0,80.57142857142857,-7.0,-4.0,-7.640677966101691,0.06000000000000003,0.02142857142857143,-0.09,0.06,-0.001084745762711864,0.06333333333333334,0.09857142857142856,-0.03,0.010000000000000002,-0.018707482993197286,67.33333333333333,74.0,0.0,-4.0,-16.172881355932205,67.33333333333333,59.285714285714285,-8.0,40.0,-14.067796610169495,75.66666666666667,84.14285714285714,21.0,2.0,-3.6406779661016913,57.666666666666664,75.0,82.0,11.0,3.7186440677966033,81.33333333333333,84.42857142857143,-46.0,-9.0,-35.616949152542375,74.66666666666667,75.85714285714286,38.0,21.0,13.799999999999997,40.0,61.57142857142857,-23.0,-81.0,-56.8,68.66666666666667,74.28571428571429,-25.0,-9.0,-21.966101694915253,67.0,62.57142857142857,3.0,20.0,-11.350515463917532,9600.0,6042.857142857143,-5400.0,8100.0,3233.8983050847455,3300.0,7071.428571428572,2700.0,-1800.0,2486.4406779661017,,,,,,,,,,,,,,,,,,,,,,,,,,,,,,,,,,,,,,,,,,,,,,,,,,,,,,,,2.900000000000001,3.514285714285714,5.7,2.2,-15.221355932203391,-7.400000000000001,-5.371428571428572,-0.9999999999999991,-5.299999999999999,-18.879322033898305,-2.6333333333333346,-1.1571428571428566,2.3,-2.7,-16.99966101694915,38.666666666666664,50.857142857142854,9.0,-45.0,-29.54915254237288,1025.1000000000001,1018.1000000000001,1.2000000000000455,14.0,12.776949152542443,19.266666666666662,19.485714285714284,1.0,4.1,3.305762711864407,0.0,1.1428571428571428,0.0,-4.9,-3.3301694915254236,-1.2000000000000455,-13.5,False,2.3,1.0000000000000002,2,1,1,False,False,False,False,False,False,False,True,False,0,-0.45827844622143227,1
2026-01-22,83,-0.08,0.06,76,70,81,91,97,67,22,84,82.0,16200,0,,,,,,,,,,,,11.7,2.6,5.6,45,1019.3,19.2,0.0,77.33333333333333,80.42857142857143,12.0,-2.0,4.359322033898309,0.0166666666666667,0.005714285714285715,-0.1,-0.13,-0.10108474576271187,0.06333333333333334,0.07999999999999999,0.009999999999999995,0.0,-0.00870748299319729,66.0,72.71428571428571,15.0,-4.0,-1.1728813559322049,65.33333333333333,59.57142857142857,11.0,-6.0,-3.067796610169495,74.0,82.14285714285714,0.0,-5.0,-3.6406779661016913,58.333333333333336,74.14285714285714,8.0,2.0,11.718644067796603,81.0,84.71428571428571,47.0,-1.0,11.383050847457625,69.66666666666667,73.71428571428571,-23.0,-15.0,-9.200000000000003,27.666666666666668,53.714285714285715,3.0,-37.0,-53.8,71.0,74.42857142857143,32.0,7.0,10.033898305084747,75.66666666666667,65.14285714285714,8.0,26.0,-3.3505154639175316,12600.0,7971.428571428572,8100.0,9000.0,11333.898305084746,3300.0,6428.571428571428,-6300.0,0.0,-3813.5593220338983,,,,,,,,,,,,,,,,,,,,,,,,,,,,,,,,,,,,,,,,,,,,,,,,,,,,,,,,5.133333333333334,4.285714285714286,6.999999999999999,6.699999999999999,-8.221355932203391,-4.6000000000000005,-4.171428571428572,11.299999999999999,8.4,-7.579322033898304,-0.36666666666666803,-0.3142857142857138,7.8,6.8,-9.199661016949152,37.333333333333336,49.714285714285715,7.0,-4.0,-22.54915254237288,1026.0333333333335,1020.4714285714284,-10.700000000000045,2.7999999999999545,2.0769491525423973,19.199999999999996,18.62857142857143,-0.5,-0.1999999999999993,2.805762711864407,0.0,0.9285714285714286,0.0,0.0,-3.3301694915254236,10.700000000000045,9.5,True,7.8,10.1,3,1,1,False,False,False,False,False,False,False,True,True,0,-0.4503231751040671,1
2026-01-23,70,0.19,0.18,77,89,81,91,93,76,20,81,82.0,5400,9000,,,,,,,,,,,,6.9,-4.8,1.8,42,1023.8,25.3,0.0,74.66666666666667,77.42857142857143,-13.0,-8.0,-8.640677966101691,0.04333333333333337,0.03428571428571429,0.27,0.08,0.16891525423728815,0.09666666666666668,0.08428571428571428,0.12,0.09999999999999999,0.1112925170068027,71.33333333333333,71.0,1.0,16.0,-0.17288135593220488,72.66666666666667,64.14285714285714,19.0,22.0,15.932203389830505,81.0,80.42857142857143,0.0,21.0,-3.6406779661016913,88.33333333333333,73.28571428571429,0.0,90.0,11.718644067796603,80.0,83.71428571428571,-4.0,-3.0,7.383050847457625,77.66666666666667,74.14285714285714,9.0,24.0,-0.20000000000000284,20.333333333333332,45.0,-2.0,-22.0,-55.8,72.33333333333333,71.71428571428571,-3.0,4.0,7.0338983050847474,79.33333333333333,68.14285714285714,0.0,11.0,-3.3505154639175316,9900.0,8742.857142857143,-10800.0,-8100.0,533.8983050847455,5100.0,4371.428571428572,9000.0,5400.0,5186.440677966102,,,,,,,,,,,,,,,,,,,,,,,,,,,,,,,,,,,,,,,,,,,,,,,,,,,,,,,,7.766666666666668,5.042857142857143,-4.799999999999999,7.9,-13.02135593220339,-3.633333333333333,-4.0,-7.4,2.9000000000000004,-14.979322033898303,1.7333333333333318,0.2857142857142862,-3.8,6.3,-12.999661016949151,41.666666666666664,49.857142857142854,-3.0,13.0,-25.54915254237288,1024.3666666666666,1021.7285714285714,4.5,-5.0,6.576949152542397,21.399999999999995,19.085714285714285,6.100000000000001,6.600000000000001,8.905762711864408,0.0,0.9285714285714286,0.0,0.0,-3.3301694915254236,-4.5,6.2000000000000455,False,3.8,4.0,4,1,1,False,False,False,False,False,False,False,True,False,0,-0.4514489304921039,1
2026-01-24,83,0.06,0.07,73,89,83,89,88,71,16,73,79.0,15300,3600,,,,,,,,,,,,-6.6,-12.4,-9.0,29,1038.3,23.8,0.1,78.66666666666667,77.85714285714286,13.0,12.0,4.359322033898309,0.0566666666666667,0.04428571428571428,-0.13,0.039999999999999994,0.03891525423728813,0.10333333333333335,0.07714285714285715,-0.10999999999999999,0.020000000000000004,0.001292517006802718,75.33333333333333,70.42857142857143,-4.0,12.0,-4.172881355932205,82.66666666666667,67.0,0.0,30.0,15.932203389830505,81.66666666666667,78.71428571428571,2.0,2.0,-1.6406779661016913,90.33333333333333,73.71428571428571,-2.0,6.0,9.718644067796603,92.66666666666667,83.0,-5.0,38.0,2.383050847457625,71.33333333333333,72.42857142857143,-5.0,-19.0,-5.200000000000003,19.333333333333332,39.714285714285715,-4.0,-3.0,-59.8,79.33333333333333,72.14285714285714,-8.0,21.0,-0.9661016949152526,81.0,71.14285714285714,-3.0,5.0,-6.350515463917532,12300.0,9385.714285714286,9900.0,7200.0,10433.898305084746,4200.0,4371.428571428572,-5400.0,-2700.0,-213.5593220338983,,,,,,,,,,,,,,,,,,,,,,,,,,,,,,,,,,,,,,,,,,,,,,,,,,,,,,,,4.000000000000001,3.314285714285714,-13.5,-11.3,-26.52135593220339,-4.866666666666667,-5.742857142857143,-7.6000000000000005,-3.700000000000001,-22.579322033898304,-0.5333333333333347,-1.2857142857142851,-10.8,-6.8,-23.799661016949152,38.666666666666664,45.0,-13.0,-9.0,-38.54915254237288,1027.1333333333334,1024.6714285714286,14.5,8.299999999999955,21.076949152542397,22.766666666666662,20.242857142857144,-1.5,4.100000000000001,7.4057627118644085,0.03333333333333333,0.7142857142857142,0.1,0.1,-3.2301694915254235,-14.5,-19.0,True,10.8,14.6,5,1,1,False,False,False,False,False,False,False,True,False,0,-0.496957960988499,1
2026-01-25,74,-0.05,0.04,58,85,67,86,50,49,12,59,81.0,7200,900,,,,,,,,,,,,-4.3,-10.0,-7.2,79,1023.4,18.1,41.7,75.66666666666667,77.71428571428571,-9.0,-9.0,-4.640677966101691,0.06666666666666671,0.042857142857142864,-0.11,0.03,-0.07108474576271187,0.09666666666666668,0.07714285714285715,-0.030000000000000006,-0.019999999999999997,-0.028707482993197288,69.33333333333333,69.42857142857143,-15.0,-18.0,-19.172881355932205,87.66666666666667,76.42857142857143,-4.0,15.0,11.932203389830505,77.0,77.0,-16.0,-14.0,-17.64067796610169,88.66666666666667,75.71428571428571,-3.0,-5.0,6.718644067796603,77.0,81.71428571428571,-38.0,-47.0,-35.616949152542375,65.33333333333333,69.57142857142857,-22.0,-18.0,-27.200000000000003,16.0,27.142857142857142,-4.0,-10.0,-63.8,71.0,71.85714285714286,-14.0,-25.0,-14.966101694915253,80.66666666666667,75.0,2.0,-1.0,-4.350515463917532,9300.0,10414.285714285714,-8100.0,-9000.0,2333.8983050847455,4500.0,3342.8571428571427,-2700.0,900.0,-2913.5593220338983,,,,,,,,,,,,,,,,,,,,,,,,,,,,,,,,,,,,,,,,,,,,,,,,,,,,,,,,-1.333333333333332,2.3428571428571425,2.3,-16.0,-24.22135593220339,-9.066666666666668,-6.685714285714286,2.4000000000000004,-12.6,-20.179322033898302,-4.800000000000002,-2.3857142857142852,1.7999999999999998,-12.8,-21.99966101694915,50.0,44.42857142857143,50.0,34.0,11.45084745762712,1028.5000000000002,1025.7285714285713,-14.899999999999977,4.100000000000023,6.17694915254242,22.399999999999995,20.599999999999998,-5.699999999999999,-1.0999999999999979,1.7057627118644092,13.933333333333335,5.971428571428572,41.6,41.7,38.36983050847458,14.899999999999977,0.39999999999997726,True,1.7999999999999998,9.0,6,1,1,False,False,False,False,False,False,False,True,True,1,-0.5111331220044673,1
2026-01-26,87,-0.36,0.01,78,96,76,75,100,76,21,86,78.0,4500,8100,,,,,,,,,,,,-4.4,-9.0,-6.5,74,1014.1,23.2,0.0,81.33333333333333,78.0,13.0,17.0,8.359322033898309,-0.11666666666666663,-0.015714285714285712,-0.31,-0.55,-0.38108474576271184,0.040000000000000015,0.06999999999999999,-0.03,-0.16999999999999998,-0.05870748299319729,69.66666666666667,69.14285714285714,20.0,1.0,0.8271186440677951,90.0,79.28571428571429,11.0,7.0,22.932203389830505,75.33333333333333,75.57142857142857,9.0,-5.0,-8.640677966101691,83.33333333333333,73.71428571428571,-11.0,-16.0,-4.281355932203397,79.33333333333333,82.0,50.0,7.0,14.383050847457625,65.33333333333333,68.71428571428571,27.0,0.0,-0.20000000000000284,16.333333333333332,21.714285714285715,9.0,1.0,-54.8,72.66666666666667,73.14285714285714,27.0,5.0,12.033898305084747,79.33333333333333,78.14285714285714,-3.0,-4.0,-7.350515463917532,9000.0,10028.57142857143,-2700.0,-900.0,-366.1016949152545,4200.0,4500.0,7200.0,-900.0,4286.440677966102,,,,,,,,,,,,,,,,,,,,,,,,,,,,,,,,,,,,,,,,,,,,,,,,,,,,,,,,-5.099999999999999,0.9999999999999999,-0.10000000000000053,-11.3,-24.32135593220339,-10.466666666666667,-7.142857142857143,1.0,-4.2,-19.179322033898302,-7.566666666666667,-3.1428571428571423,0.7000000000000002,-8.3,-21.299661016949152,60.666666666666664,48.0,-5.0,32.0,6.45084745762712,1025.2666666666667,1025.3857142857144,-9.299999999999955,-9.699999999999932,-3.1230508474575345,21.7,21.142857142857142,5.099999999999998,-2.1000000000000014,6.805762711864407,13.933333333333335,5.971428571428572,-41.7,0.0,-3.3301694915254236,9.299999999999955,24.199999999999932,True,0.7000000000000002,2.5,0,1,1,False,False,False,False,False,False,False,True,True,0,-0.46275420535040585,1
2026-01-27,81,-0.16,0.01,75,69,96,91,96,83,18,73,72.0,5400,4500,,,,,,,,,,,,-4.3,-14.6,-8.9,64,1021.5,20.7,0.0,80.66666666666667,78.42857142857143,-6.0,-2.0,2.3593220338983087,-0.18999999999999995,-0.054285714285714284,0.19999999999999998,-0.22,-0.18108474576271186,0.020000000000000007,0.060000000000000005,0.0,-0.060000000000000005,-0.05870748299319729,70.33333333333333,71.14285714285714,-3.0,2.0,-2.172881355932205,83.33333333333333,79.57142857142857,-27.0,-20.0,-4.067796610169495,79.66666666666667,80.71428571428571,20.0,13.0,11.359322033898309,84.0,86.57142857142857,16.0,2.0,11.718644067796603,82.0,82.0,-4.0,8.0,10.383050847457625,69.33333333333333,73.14285714285714,7.0,12.0,6.799999999999997,17.0,18.285714285714285,-3.0,2.0,-57.8,72.66666666666667,72.57142857142857,-13.0,0.0,-0.9661016949152526,77.0,78.28571428571429,-6.0,-7.0,-13.350515463917532,5700.0,8871.42857142857,900.0,-9900.0,533.8983050847455,4500.0,4628.571428571428,-3600.0,900.0,686.4406779661017,,,,,,,,,,,,,,,,,,,,,,,,,,,,,,,,,,,,,,,,,,,,,,,,,,,,,,,,-4.333333333333332,0.5285714285714285,0.10000000000000053,2.3,-24.22135593220339,-11.200000000000001,-8.12857142857143,-5.6,-2.1999999999999993,-24.779322033898303,-7.533333333333335,-3.7714285714285714,-2.4000000000000004,0.09999999999999964,-23.69966101694915,72.33333333333333,53.0,-10.0,35.0,-3.5491525423728802,1019.6666666666666,1024.3428571428572,7.399999999999977,-16.799999999999955,4.276949152542443,20.666666666666664,21.428571428571427,-2.5,-3.1000000000000014,4.305762711864407,13.9,5.971428571428572,0.0,-0.1,-3.3301694915254236,-7.399999999999977,1.8999999999999773,True,2.4000000000000004,1.7000000000000002,1,1,1,False,False,False,False,False,False,False,True,False,0,-0.4252901579860924,0
2026-01-28,86,-0.19,-0.1,73,66,86,70,96,79,28,76,76.0,3600,5400,,,,,,,,,,,,-5.4,-12.5,-9.0,61,1022.5,18.6,0.1,84.66666666666667,80.57142857142857,5.0,12.0,7.359322033898309,-0.2366666666666666,-0.08428571428571428,-0.03,-0.14,-0.21108474576271186,-0.02666666666666666,0.038571428571428576,-0.11,-0.14,-0.1687074829931973,75.33333333333333,72.85714285714286,-2.0,15.0,-4.172881355932205,77.0,80.57142857142857,-3.0,-19.0,-7.067796610169495,86.0,81.42857142857143,-10.0,19.0,1.3593220338983087,78.66666666666667,84.71428571428571,-21.0,-16.0,-9.281355932203397,97.33333333333333,88.57142857142857,0.0,46.0,10.383050847457625,79.33333333333333,71.57142857142857,-4.0,30.0,2.799999999999997,22.333333333333332,19.571428571428573,10.0,16.0,-47.8,78.33333333333333,76.0,3.0,17.0,2.0338983050847474,75.33333333333333,78.57142857142857,4.0,-5.0,-9.350515463917532,4500.0,8228.57142857143,-1800.0,-3600.0,-1266.1016949152545,6000.0,4500.0,900.0,4500.0,1586.4406779661017,,,,,,,,,,,,,,,,,,,,,,,,,,,,,,,,,,,,,,,,,,,,,,,,,,,,,,,,-4.699999999999999,-0.9142857142857145,-1.1000000000000005,-1.1000000000000005,-25.32135593220339,-12.033333333333333,-8.671428571428573,2.0999999999999996,-2.5,-22.679322033898302,-8.133333333333335,-4.742857142857142,-0.09999999999999964,-1.7999999999999998,-23.799661016949152,66.33333333333333,56.285714285714285,-3.0,-18.0,-6.54915254237288,1019.3666666666668,1023.2714285714285,1.0,-0.8999999999999773,5.276949152542443,20.833333333333332,21.271428571428572,-2.099999999999998,0.5,2.205762711864409,0.03333333333333333,5.985714285714287,0.1,-41.6,-3.2301694915254235,-1.0,-8.399999999999977,False,0.09999999999999964,2.5,2,1,1,False,False,False,False,False,False,False,True,False,0,-0.41189580138542337,0
2026-01-29,89,-0.15,-0.17,81,89,72,81,92,67,42,95,67.0,5400,900,,,,,,,,,,,,-7.9,-13.7,-10.8,65,1024.0,20.1,0.0,85.33333333333333,81.42857142857143,3.0,2.0,10.359322033898309,-0.16666666666666663,-0.09428571428571428,0.04000000000000001,0.21,-0.17108474576271185,-0.08666666666666667,0.005714285714285712,-0.07,-0.18000000000000002,-0.2387074829931973,76.33333333333333,73.57142857142857,8.0,3.0,3.827118644067795,74.66666666666667,83.28571428571429,23.0,-7.0,15.932203389830505,84.66666666666667,80.14285714285714,-14.0,-4.0,-12.640677966101691,80.66666666666667,83.28571428571429,11.0,6.0,1.7186440677966033,94.66666666666667,87.85714285714286,-4.0,-8.0,6.383050847457625,76.33333333333333,71.57142857142857,-12.0,-9.0,-9.200000000000003,29.333333333333332,22.428571428571427,14.0,21.0,-33.8,81.33333333333333,77.57142857142857,19.0,9.0,21.033898305084747,71.66666666666667,76.42857142857143,-9.0,-11.0,-18.35051546391753,4800.0,6685.714285714285,1800.0,900.0,533.8983050847455,3600.0,4628.571428571428,-4500.0,-7200.0,-2913.5593220338983,,,,,,,,,,,,,,,,,,,,,,,,,,,,,,,,,,,,,,,,,,,,,,,,,,,,,,,,-5.866666666666666,-3.7142857142857144,-2.5,-3.5,-27.82135593220339,-13.6,-11.0,-1.1999999999999993,-4.699999999999999,-23.879322033898305,-9.566666666666668,-7.0857142857142845,-1.8000000000000007,-4.300000000000001,-25.599661016949153,63.333333333333336,59.142857142857146,4.0,-9.0,-2.5491525423728802,1022.6666666666666,1023.9428571428572,1.5,9.899999999999977,6.776949152542443,19.799999999999997,21.400000000000002,1.5,-3.099999999999998,3.705762711864409,0.03333333333333333,5.985714285714287,-0.1,0.0,-3.3301694915254236,-1.5,-2.5,False,1.8000000000000007,1.9000000000000004,3,1,1,False,False,False,False,False,False,False,True,False,0,-0.44281675211909494,0
2026-01-30,85,0.28,0.07,74,67,74,83,99,75,20,82,70.0,900,1800,,,,,,,,,,,,-7.7,-14.6,-11.6,64,1026.1,14.1,0.0,86.66666666666667,83.57142857142857,-4.0,4.0,6.359322033898309,-0.019999999999999945,-0.0814285714285714,0.43000000000000005,0.44000000000000006,0.2589152542372882,-0.06666666666666667,-0.01,0.24000000000000002,0.060000000000000005,0.001292517006802718,76.0,73.14285714285714,-7.0,-1.0,-3.172881355932205,74.0,80.14285714285714,-22.0,-2.0,-6.067796610169495,77.33333333333333,79.14285714285714,2.0,-22.0,-10.640677966101691,78.0,82.14285714285714,2.0,-8.0,3.7186440677966033,95.66666666666667,88.71428571428571,7.0,3.0,13.383050847457625,73.66666666666667,71.42857142857143,8.0,-8.0,-1.2000000000000028,30.0,22.428571428571427,-22.0,2.0,-55.8,84.33333333333333,77.71428571428571,-13.0,9.0,8.033898305084747,71.0,74.71428571428571,3.0,-2.0,-15.350515463917532,3300.0,6042.857142857143,-4500.0,-4500.0,-3966.1016949152545,2700.0,3600.0,900.0,-2700.0,-2013.5593220338983,,,,,,,,,,,,,,,,,,,,,,,,,,,,,,,,,,,,,,,,,,,,,,,,,,,,,,,,-6.999999999999999,-5.8,0.20000000000000018,-3.4000000000000004,-27.62135593220339,-13.6,-12.4,-0.9000000000000004,0.0,-24.779322033898303,-10.466666666666669,-8.999999999999998,-0.7999999999999989,-2.6999999999999993,-26.399661016949153,63.333333333333336,62.285714285714285,-1.0,0.0,-3.5491525423728802,1024.2,1024.2714285714285,2.099999999999909,4.599999999999909,8.876949152542352,17.599999999999998,19.8,-6.000000000000002,-6.6,-2.2942372881355926,0.03333333333333333,5.985714285714287,0.0,0.0,-3.3301694915254236,-2.099999999999909,-3.599999999999909,False,0.7999999999999989,2.5999999999999996,4,1,1,False,False,False,False,False,False,False,True,False,0,-0.41807073475864603,0
2026-01-31,84,0.13,0.01,75,60,90,81,97,86,22,77,67.0,900,2700,,,,,,,,,,,,-7.1,-14.6,-11.0,67,1023.0,19.3,0.0,86.0,83.71428571428571,-1.0,-2.0,5.359322033898309,0.08666666666666671,-0.07142857142857142,-0.15000000000000002,0.32,0.10891525423728814,-0.029999999999999995,-0.018571428571428572,-0.060000000000000005,0.11,-0.05870748299319729,76.66666666666667,73.42857142857143,1.0,2.0,-2.172881355932205,72.0,76.0,-7.0,-6.0,-13.067796610169495,78.66666666666667,80.14285714285714,16.0,4.0,5.359322033898309,81.66666666666667,81.0,-2.0,11.0,1.7186440677966033,96.0,90.0,-2.0,1.0,11.383050847457625,76.0,73.57142857142857,11.0,7.0,9.799999999999997,28.0,23.285714285714285,2.0,-6.0,-53.8,84.66666666666667,78.28571428571429,-5.0,1.0,3.0338983050847474,68.0,73.0,-3.0,-9.0,-18.35051546391753,2400.0,3985.714285714286,0.0,-2700.0,-3966.1016949152545,1800.0,3471.4285714285716,900.0,-2700.0,-1113.5593220338983,,,,,,,,,,,,,,,,,,,,,,,,,,,,,,,,,,,,,,,,,,,,,,,,,,,,,,,,-7.5666666666666655,-5.871428571428572,0.6000000000000005,-1.6999999999999993,-27.02135593220339,-14.299999999999999,-12.714285714285714,0.0,-2.0999999999999996,-24.779322033898303,-11.133333333333335,-9.285714285714286,0.5999999999999996,-2.0,-25.799661016949152,65.33333333333333,67.71428571428571,3.0,6.0,-0.5491525423728802,1024.3666666666668,1022.0857142857142,-3.099999999999909,0.5,5.776949152542443,17.83333333333333,19.157142857142862,5.200000000000001,0.6999999999999993,2.9057627118644085,0.0,5.971428571428572,0.0,-0.1,-3.3301694915254236,3.099999999999909,1.0,False,0.5999999999999996,0.1999999999999993,5,1,1,False,False,False,False,False,False,False,True,False,0,-0.421343662104205,0
2026-02-01,84,0.26,0.16,76,76,95,81,100,81,22,76,68.0,900,1800,,,,,,,,,,,,-5.3,-12.3,-8.8,65,1016.0,26.0,0.0,84.33333333333333,85.14285714285714,0.0,-5.0,5.359322033898309,0.22333333333333338,-0.027142857142857135,0.13,0.41000000000000003,0.23891525423728815,0.08000000000000002,-0.0014285714285714299,0.15,0.33,0.09129251700680271,75.0,76.0,1.0,-5.0,-1.1728813559322049,67.66666666666667,74.71428571428571,16.0,-13.0,2.932203389830505,86.33333333333333,84.14285714285714,5.0,23.0,10.359322033898309,81.66666666666667,80.28571428571429,0.0,0.0,1.7186440677966033,98.66666666666667,97.14285714285714,3.0,8.0,14.383050847457625,80.66666666666667,78.14285714285714,-5.0,14.0,4.799999999999997,21.333333333333332,24.714285714285715,0.0,-20.0,-53.8,78.33333333333333,80.71428571428571,-1.0,-19.0,2.0338983050847474,68.33333333333333,71.14285714285714,1.0,1.0,-17.35051546391753,900.0,3085.714285714286,0.0,-4500.0,-3966.1016949152545,2100.0,3600.0,-900.0,900.0,-2013.5593220338983,,,,,,,,,,,,,,,,,,,,,,,,,,,,,,,,,,,,,,,,,,,,,,,,,,,,,,,,-6.699999999999998,-6.014285714285714,1.7999999999999998,2.6000000000000005,-25.22135593220339,-13.833333333333334,-13.042857142857143,2.299999999999999,1.3999999999999986,-22.479322033898306,-10.466666666666669,-9.514285714285714,2.1999999999999993,2.0,-23.599661016949153,65.33333333333333,65.71428571428571,-2.0,0.0,-2.5491525423728802,1021.7000000000002,1021.0285714285714,-7.0,-8.0,-1.2230508474575572,19.799999999999997,20.285714285714285,6.699999999999999,5.899999999999999,9.605762711864408,0.0,0.014285714285714287,0.0,0.0,-3.3301694915254236,7.0,10.099999999999909,True,2.1999999999999993,2.799999999999999,6,2,1,False,False,False,False,False,False,False,True,True,0,-0.439347994046071,0
2026-02-02,83,0.14,0.26,71,52,86,91,95,60,38,74,76.0,7200,2700,,,,,,,,,,,,-1.2,-8.9,-6.4,63,1021.6,24.5,0.0,83.66666666666667,84.57142857142857,-1.0,-2.0,4.359322033898309,0.17666666666666672,0.044285714285714296,-0.12,-0.14,0.11891525423728815,0.14333333333333334,0.03428571428571429,0.1,0.19,0.19129251700680272,74.0,75.0,-5.0,-3.0,-6.172881355932205,62.666666666666664,68.42857142857143,-24.0,-15.0,-21.067796610169495,90.33333333333333,85.57142857142857,-9.0,12.0,1.3593220338983087,84.33333333333333,82.57142857142857,10.0,8.0,11.718644067796603,97.33333333333333,96.42857142857143,-5.0,-4.0,9.383050847457625,75.66666666666667,75.85714285714286,-21.0,-15.0,-16.200000000000003,27.333333333333332,27.142857142857142,16.0,18.0,-37.8,75.66666666666667,79.0,-2.0,-8.0,0.03389830508474745,70.33333333333333,70.85714285714286,8.0,6.0,-9.350515463917532,3000.0,3471.4285714285716,6300.0,6300.0,2333.8983050847455,2400.0,2828.5714285714284,900.0,900.0,-1113.5593220338983,,,,,,,,,,,,,,,,,,,,,,,,,,,,,,,,,,,,,,,,,,,,,,,,,,,,,,,,-4.533333333333332,-5.557142857142858,4.1,6.5,-21.12135593220339,-11.933333333333332,-13.028571428571428,3.4000000000000004,5.699999999999999,-19.079322033898304,-8.733333333333334,-9.5,2.4000000000000004,5.199999999999999,-21.19966101694915,65.0,64.14285714285714,-2.0,-1.0,-4.54915254237288,1020.2000000000002,1022.1,5.600000000000023,-4.499999999999886,4.3769491525424655,23.266666666666662,20.47142857142857,-1.5,10.4,8.105762711864408,0.0,0.014285714285714287,0.0,0.0,-3.3301694915254236,-5.600000000000023,1.3999999999999773,True,2.4000000000000004,4.6,0,2,1,False,False,False,False,False,False,False,True,False,0,-0.42681797974599195,0
2026-02-03,62,0.1,0.21,58,51,81,75,62,63,23,55,81.0,17100,0,,,,,,,,,,,,2.5,-7.9,-2.3,73,1022.6,11.0,0.0,76.33333333333333,81.85714285714286,-21.0,-22.0,-16.64067796610169,0.1666666666666667,0.08142857142857143,-0.04000000000000001,-0.03,0.07891525423728814,0.21,0.06285714285714285,-0.05000000000000002,0.19999999999999998,0.1412925170068027,68.33333333333333,72.57142857142857,-13.0,-17.0,-19.172881355932205,59.666666666666664,65.85714285714286,-1.0,-9.0,-22.067796610169495,87.33333333333333,83.42857142857143,-5.0,-9.0,-3.6406779661016913,82.33333333333333,80.28571428571429,-16.0,-6.0,-4.281355932203397,85.66666666666667,91.57142857142857,-33.0,-35.0,-23.616949152542375,68.0,73.0,3.0,-23.0,-13.200000000000003,27.666666666666668,27.857142857142858,-15.0,1.0,-52.8,68.33333333333333,76.42857142857143,-19.0,-22.0,-18.966101694915253,75.0,72.14285714285714,5.0,14.0,-4.350515463917532,8400.0,5142.857142857143,9900.0,16200.0,12233.898305084746,1500.0,2185.714285714286,-2700.0,-2700.0,-3813.5593220338983,,,,,,,,,,,,,,,,,,,,,,,,,,,,,,,,,,,,,,,,,,,,,,,,,,,,,,,,-1.3333333333333321,-4.585714285714287,3.7,9.6,-17.42135593220339,-9.700000000000001,-12.071428571428571,1.0,6.699999999999999,-18.079322033898304,-5.833333333333335,-8.557142857142855,4.1000000000000005,8.7,-17.099661016949153,67.0,65.42857142857143,10.0,6.0,5.45084745762712,1020.0666666666667,1022.2571428571428,1.0,-0.39999999999997726,5.3769491525424655,20.499999999999996,19.08571428571429,-13.5,-8.3,-5.394237288135592,0.0,0.014285714285714287,0.0,0.0,-3.3301694915254236,-1.0,-6.600000000000023,False,4.1000000000000005,6.500000000000001,1,2,1,False,False,False,False,False,False,True,True,False,1,-0.4593057827129263,1
2026-02-04,58,0.39,0.36,63,57,74,91,76,58,22,62,80.0,7200,0,,,,,,,,,,,,1.6,-6.1,-1.5,73,1023.4,11.3,0.0,67.66666666666667,77.85714285714286,-4.0,-26.0,-20.64067796610169,0.21000000000000005,0.16428571428571428,0.29000000000000004,0.13,0.36891525423728816,0.27666666666666667,0.12857142857142856,0.15,0.19999999999999998,0.2912925170068027,64.0,71.14285714285714,5.0,-13.0,-14.172881355932205,53.333333333333336,64.57142857142857,6.0,-19.0,-16.067796610169495,80.33333333333333,81.71428571428571,-7.0,-21.0,-10.640677966101691,85.66666666666667,83.28571428571429,16.0,10.0,11.718644067796603,77.66666666666667,88.71428571428571,14.0,-24.0,-9.616949152542375,60.333333333333336,70.0,-5.0,-23.0,-18.200000000000003,27.666666666666668,27.0,-1.0,0.0,-53.8,63.666666666666664,74.42857142857143,7.0,-14.0,-11.966101694915253,79.0,72.71428571428571,-1.0,12.0,-5.350515463917532,10500.0,5657.142857142857,-9900.0,6300.0,2333.8983050847455,900.0,1414.2857142857142,0.0,-1800.0,-3813.5593220338983,,,,,,,,,,,,,,,,,,,,,,,,,,,,,,,,,,,,,,,,,,,,,,,,,,,,,,,,0.9666666666666678,-3.585714285714286,-0.8999999999999999,6.9,-18.32135593220339,-7.633333333333334,-11.157142857142858,1.8000000000000007,6.200000000000001,-16.279322033898303,-3.400000000000001,-7.485714285714285,0.7999999999999998,7.300000000000001,-16.299661016949152,69.66666666666667,67.14285714285714,0.0,8.0,5.45084745762712,1022.5333333333334,1022.3857142857142,0.7999999999999545,7.399999999999977,6.17694915254242,15.599999999999994,18.04285714285714,0.3000000000000007,-14.7,-5.0942372881355915,0.0,0.0,0.0,0.0,-3.3301694915254236,-0.7999999999999545,-1.7999999999999545,False,0.7999999999999998,4.9,2,2,1,False,False,False,True,False,False,True,True,False,1,-0.43033913622142855,0
2026-02-05,57,0.01,0.15,51,45,86,86,49,60,16,40,92.0,13500,900,,,,,,,,,,,,-0.6,-9.2,-5.8,67,1019.6,10.6,0.0,59.0,73.28571428571429,-1.0,-26.0,-21.64067796610169,0.1666666666666667,0.1871428571428571,-0.38,-0.13,-0.011084745762711864,0.24,0.17428571428571424,-0.21,-0.11000000000000001,0.0812925170068027,57.333333333333336,66.85714285714286,-12.0,-20.0,-26.172881355932205,51.0,58.285714285714285,-12.0,-7.0,-28.067796610169495,80.33333333333333,83.71428571428571,12.0,0.0,1.3593220338983087,84.0,84.0,-5.0,-5.0,6.718644067796603,62.333333333333336,82.57142857142857,-27.0,-46.0,-36.616949152542375,60.333333333333336,69.0,2.0,0.0,-16.200000000000003,20.333333333333332,23.285714285714285,-6.0,-22.0,-59.8,52.333333333333336,66.57142857142857,-22.0,-34.0,-33.96610169491525,84.33333333333333,76.28571428571429,12.0,16.0,6.649484536082468,12600.0,6814.285714285715,6300.0,6300.0,8633.898305084746,300.0,1414.2857142857142,900.0,-1800.0,-2913.5593220338983,,,,,,,,,,,,,,,,,,,,,,,,,,,,,,,,,,,,,,,,,,,,,,,,,,,,,,,,1.1666666666666676,-2.542857142857143,-2.2,0.6,-20.52135593220339,-7.733333333333334,-10.514285714285714,-3.0999999999999996,-0.29999999999999893,-19.379322033898305,-3.200000000000001,-6.771428571428571,-4.3,0.6000000000000005,-20.599661016949153,71.0,67.42857142857143,-6.0,4.0,-0.5491525423728802,1021.8666666666668,1021.7571428571428,-3.7999999999999545,-2.0,2.3769491525424655,10.966666666666661,16.685714285714287,-0.7000000000000011,-13.9,-5.794237288135593,0.0,0.0,0.0,0.0,-3.3301694915254236,3.7999999999999545,3.0,False,4.3,3.5,3,2,1,False,False,False,False,False,True,True,True,False,1,-0.46086006609317687,1
2026-02-06,72,0.33,0.32,79,69,97,89,96,69,21,89,97.0,14400,900,,,,,,,,,,,,-1.7,-11.3,-5.9,77,1008.6,11.4,0.8,62.333333333333336,71.42857142857143,15.0,10.0,-6.640677966101691,0.2433333333333334,0.19428571428571426,0.32,0.23,0.30891525423728816,0.27666666666666667,0.21,0.17,0.11000000000000001,0.2512925170068027,64.33333333333333,67.57142857142857,28.0,21.0,1.8271186440677951,57.0,58.57142857142857,24.0,18.0,-4.067796610169495,85.66666666666667,87.0,11.0,16.0,12.359322033898309,88.66666666666667,84.85714285714286,3.0,14.0,9.718644067796603,73.66666666666667,82.14285714285714,47.0,34.0,10.383050847457625,62.333333333333336,68.14285714285714,9.0,6.0,-7.200000000000003,19.666666666666668,23.428571428571427,5.0,-2.0,-54.8,63.666666666666664,67.57142857142857,49.0,34.0,15.033898305084747,89.66666666666667,80.14285714285714,5.0,16.0,11.649484536082468,11700.0,8742.857142857143,900.0,-2700.0,9533.898305084746,600.0,1285.7142857142858,0.0,900.0,-2913.5593220338983,,,,,,,,,,,,,,,,,,,,,,,,,,,,,,,,,,,,,,,,,,,,,,,,,,,,,,,,-0.2333333333333322,-1.6857142857142862,-1.1,-4.2,-21.62135593220339,-8.866666666666667,-10.042857142857144,-2.1000000000000014,-3.4000000000000004,-21.479322033898306,-4.400000000000001,-5.957142857142856,-0.10000000000000053,-3.6000000000000005,-20.69966101694915,72.33333333333333,69.28571428571429,10.0,4.0,9.45084745762712,1017.2000000000002,1019.2571428571429,-11.0,-14.0,-8.623050847457534,11.099999999999994,16.3,0.8000000000000007,0.40000000000000036,-4.994237288135592,0.26666666666666666,0.1142857142857143,0.8,0.8,-2.530169491525424,11.0,14.799999999999955,True,0.10000000000000053,4.4,4,2,1,False,False,False,True,False,False,False,True,True,1,-0.4680829208414848,1
2026-02-07,45,0.37,0.38,70,92,69,97,85,64,15,70,93.0,4500,4500,,,,,,,,,,,,-1.5,-11.4,-7.5,64,1014.5,39.9,0.2,58.0,65.85714285714286,-27.0,-13.0,-33.64067796610169,0.23666666666666672,0.2285714285714286,0.03999999999999998,-0.020000000000000018,0.34891525423728814,0.2833333333333333,0.26285714285714284,0.06,0.020000000000000018,0.3112925170068027,66.66666666666667,66.85714285714286,-9.0,7.0,-7.172881355932205,68.66666666666667,63.142857142857146,23.0,35.0,18.932203389830505,84.0,84.0,-28.0,-5.0,-15.640677966101691,90.66666666666667,87.14285714285714,8.0,6.0,17.718644067796603,76.66666666666667,80.42857142857143,-11.0,9.0,-0.6169491525423751,64.33333333333333,65.0,-5.0,6.0,-12.200000000000003,17.333333333333332,22.428571428571427,-6.0,-7.0,-60.8,66.33333333333333,66.57142857142857,-19.0,8.0,-3.9661016949152526,94.0,83.85714285714286,-4.0,13.0,7.649484536082468,10800.0,9257.142857142857,-9900.0,-2700.0,-366.1016949152545,2100.0,1542.857142857143,3600.0,4500.0,686.4406779661017,,,,,,,,,,,,,,,,,,,,,,,,,,,,,,,,,,,,,,,,,,,,,,,,,,,,,,,,-1.2666666666666655,-0.8857142857142859,0.19999999999999996,-3.1,-21.42135593220339,-10.633333333333333,-9.585714285714287,-0.09999999999999964,-5.300000000000001,-21.579322033898304,-6.400000000000001,-5.457142857142856,-1.5999999999999996,-6.0,-22.299661016949152,69.33333333333333,68.85714285714286,-13.0,-9.0,-3.5491525423728802,1014.2333333333335,1018.0428571428572,5.899999999999977,-8.899999999999977,-2.723050847457557,20.63333333333333,19.24285714285714,28.5,28.599999999999998,23.505762711864406,0.3333333333333333,0.14285714285714285,-0.6000000000000001,0.2,-3.1301694915254235,-5.899999999999977,5.100000000000023,True,1.5999999999999996,1.7000000000000002,5,2,1,False,False,False,True,False,False,True,True,False,1,-0.4909280580000623,1
2026-02-08,75,0.3,0.25,68,92,72,64,95,76,12,67,96.0,2700,6300,,,,,,,,,,,,-5.4,-12.7,-9.5,61,1027.1,26.1,0.0,64.0,64.57142857142857,30.0,18.0,-3.6406779661016913,0.3333333333333333,0.2342857142857143,-0.07,0.29,0.27891525423728813,0.31666666666666665,0.2757142857142857,-0.13,0.1,0.1812925170068027,72.33333333333333,65.71428571428571,-2.0,17.0,-9.172881355932205,84.33333333333333,65.42857142857143,0.0,47.0,18.932203389830505,79.33333333333333,80.71428571428571,3.0,-14.0,-12.640677966101691,83.33333333333333,84.71428571428571,-33.0,-22.0,-15.281355932203397,92.0,79.71428571428571,10.0,46.0,9.383050847457625,69.66666666666667,64.28571428571429,12.0,16.0,-0.20000000000000284,16.0,21.0,-3.0,-4.0,-63.8,75.33333333333333,65.28571428571429,-3.0,27.0,-6.9661016949152526,95.33333333333333,87.85714285714286,3.0,4.0,10.649484536082468,7200.0,9514.285714285714,-1800.0,-10800.0,-2166.1016949152545,3900.0,2185.714285714286,1800.0,5400.0,2486.4406779661017,,,,,,,,,,,,,,,,,,,,,,,,,,,,,,,,,,,,,,,,,,,,,,,,,,,,,,,,-2.866666666666666,-0.9000000000000002,-3.9000000000000004,-4.800000000000001,-25.32135593220339,-11.800000000000002,-9.642857142857142,-1.299999999999999,-3.5,-22.879322033898305,-7.633333333333334,-5.557142857142857,-2.0,-3.7,-24.299661016949152,67.33333333333333,68.28571428571429,-3.0,-6.0,-6.54915254237288,1016.7333333333335,1019.6285714285714,12.599999999999909,7.499999999999886,9.876949152542352,25.799999999999997,19.25714285714286,-13.799999999999997,15.500000000000002,9.70576271186441,0.3333333333333333,0.14285714285714285,-0.2,0.0,-3.3301694915254236,-12.599999999999909,-18.499999999999886,True,2.0,3.5999999999999996,6,2,1,False,False,False,False,False,True,False,True,False,0,-0.44858076428245397,0
2026-02-09,74,0.0,0.27,73,80,90,62,87,84,23,74,93.0,4500,9900,,,,,,,,,,,,-0.7,-13.5,-7.2,54,1028.0,16.0,0.0,64.66666666666667,63.285714285714285,-1.0,2.0,-4.640677966101691,0.22333333333333336,0.21428571428571427,-0.3,-0.33,-0.021084745762711864,0.3,0.27714285714285714,0.020000000000000018,-0.04999999999999999,0.20129251700680273,70.33333333333333,66.0,5.0,-6.0,-4.172881355932205,88.0,69.42857142857143,-12.0,11.0,6.932203389830505,77.0,81.28571428571429,18.0,-7.0,5.359322033898309,74.33333333333333,80.57142857142857,-2.0,-27.0,-17.281355932203397,89.0,78.57142857142857,-8.0,-9.0,1.3830508474576249,74.66666666666667,67.71428571428571,8.0,15.0,7.799999999999997,16.666666666666668,18.857142857142858,11.0,2.0,-52.8,70.33333333333333,65.28571428571429,7.0,-15.0,0.03389830508474745,94.0,90.28571428571429,-3.0,-4.0,7.649484536082468,3900.0,9128.57142857143,1800.0,-9900.0,-366.1016949152545,6900.0,3214.285714285714,3600.0,9000.0,6086.440677966102,,,,,,,,,,,,,,,,,,,,,,,,,,,,,,,,,,,,,,,,,,,,,,,,,,,,,,,,-2.5333333333333328,-0.8285714285714288,4.7,1.0,-20.62135593220339,-12.533333333333333,-10.299999999999999,-0.8000000000000007,-2.1999999999999993,-23.679322033898302,-8.066666666666668,-5.671428571428572,2.3,-1.2999999999999998,-21.99966101694915,59.666666666666664,67.0,-7.0,-23.0,-13.54915254237288,1023.2000000000002,1020.5428571428571,0.900000000000091,19.399999999999977,10.776949152542443,27.333333333333332,18.042857142857144,-10.100000000000001,4.6,-0.3942372881355922,0.06666666666666667,0.14285714285714285,0.0,-0.8,-3.3301694915254236,-0.900000000000091,-13.5,False,2.3,0.2999999999999998,0,2,1,False,False,False,False,False,False,False,True,False,0,-0.44348237655400025,0
2026-02-10,68,0.0,0.28,74,63,93,89,89,78,24,75,93.0,2700,0,,,,,,,,,,,,4.5,-4.8,0.1,60,1017.9,15.1,0.0,72.33333333333333,64.14285714285714,-6.0,23.0,-10.640677966101691,0.10000000000000003,0.19999999999999998,0.0,-0.37,-0.021084745762711864,0.26666666666666666,0.2871428571428571,0.010000000000000009,-0.09999999999999998,0.21129251700680274,71.66666666666667,68.28571428571429,1.0,4.0,-3.172881355932205,78.33333333333333,71.14285714285714,-17.0,-29.0,-10.067796610169495,85.0,83.0,3.0,24.0,8.359322033898309,71.66666666666667,82.57142857142857,27.0,-8.0,9.718644067796603,90.33333333333333,82.42857142857143,2.0,4.0,3.383050847457625,79.33333333333333,69.85714285714286,-6.0,14.0,1.7999999999999972,19.666666666666668,19.0,1.0,9.0,-51.8,72.0,68.14285714285714,1.0,5.0,1.0338983050847474,94.0,92.0,0.0,0.0,7.649484536082468,3300.0,7071.428571428572,-1800.0,-1800.0,-2166.1016949152545,5400.0,3214.285714285714,-9900.0,-4500.0,-3813.5593220338983,,,,,,,,,,,,,,,,,,,,,,,,,,,,,,,,,,,,,,,,,,,,,,,,,,,,,,,,-0.5333333333333327,-0.5428571428571429,5.2,6.0,-15.42135593220339,-10.333333333333334,-9.857142857142858,8.7,6.6000000000000005,-14.979322033898303,-5.533333333333335,-5.328571428571428,7.3,7.6,-14.699661016949152,58.333333333333336,65.14285714285714,6.0,-4.0,-7.54915254237288,1024.3333333333335,1019.8714285714285,-10.100000000000023,3.3999999999999773,0.67694915254242,19.066666666666666,18.62857142857143,-0.9000000000000004,-24.799999999999997,-1.2942372881355926,0.0,0.14285714285714285,0.0,-0.2,-3.3301694915254236,10.100000000000023,9.199999999999932,True,7.3,9.6,1,2,1,False,False,False,False,False,False,True,True,True,1,-0.42486229932091835,0
2026-02-11,65,0.09,0.23,53,66,62,12,72,75,19,54,95.0,2700,5400,,,,,,,,,,,,7.6,0.5,4.3,71,1011.7,21.1,0.0,69.0,65.14285714285714,-3.0,-10.0,-13.640677966101691,0.030000000000000037,0.1571428571428571,0.09,-0.21,0.06891525423728813,0.26,0.26857142857142857,-0.05000000000000002,-0.01999999999999999,0.16129251700680272,66.66666666666667,66.85714285714286,-21.0,-15.0,-24.172881355932205,69.66666666666667,72.42857142857143,3.0,-26.0,-7.067796610169495,81.66666666666667,81.28571428571429,-31.0,-10.0,-22.64067796610169,54.333333333333336,71.28571428571429,-77.0,-52.0,-67.2813559322034,82.66666666666667,81.85714285714286,-17.0,-23.0,-13.616949152542375,79.0,72.28571428571429,-3.0,-1.0,-1.2000000000000028,22.0,18.571428571428573,-5.0,7.0,-56.8,67.66666666666667,67.0,-21.0,-13.0,-19.966101694915253,93.66666666666667,94.14285714285714,2.0,-1.0,9.649484536082468,3300.0,6428.571428571428,0.0,0.0,-2166.1016949152545,5100.0,3985.714285714286,5400.0,-900.0,1586.4406779661017,,,,,,,,,,,,,,,,,,,,,,,,,,,,,,,,,,,,,,,,,,,,,,,,,,,,,,,,3.8000000000000007,0.31428571428571395,3.0999999999999996,13.0,-12.32135593220339,-5.933333333333334,-8.914285714285715,5.3,13.2,-9.679322033898304,-0.9333333333333348,-4.499999999999999,4.2,13.8,-10.499661016949151,61.666666666666664,64.85714285714286,11.0,10.0,3.4508474576271198,1019.2000000000002,1018.1999999999999,-6.199999999999932,-15.399999999999864,-5.523050847457512,17.4,20.028571428571432,6.000000000000002,-5.0,4.705762711864409,0.0,0.14285714285714285,0.0,0.0,-3.3301694915254236,6.199999999999932,16.299999999999955,True,4.2,11.5,2,2,1,False,False,False,False,False,True,True,True,True,1,-0.4381585141915471,0
2026-02-12,72,-0.19,0.0,60,47,79,27,95,69,22,65,93.0,4500,2700,,,,,,,,,,,,1.6,-2.7,-0.4,65,1020.1,24.8,0.0,68.33333333333333,67.28571428571429,7.0,-2.0,-6.640677966101691,-0.0333333333333333,0.1285714285714286,-0.28,-0.19,-0.21108474576271186,0.17,0.24714285714285716,-0.23,-0.27,-0.06870748299319729,62.333333333333336,68.14285714285714,7.0,-13.0,-17.172881355932205,58.666666666666664,72.71428571428571,-19.0,-33.0,-26.067796610169495,78.0,80.28571428571429,17.0,-11.0,-5.640677966101691,42.666666666666664,62.857142857142854,15.0,-35.0,-52.2813559322034,85.33333333333333,88.42857142857143,23.0,8.0,9.383050847457625,74.0,73.57142857142857,-6.0,-15.0,-7.200000000000003,21.666666666666668,19.428571428571427,3.0,-1.0,-53.8,64.66666666666667,70.57142857142857,11.0,-9.0,-8.966101694915253,93.66666666666667,94.28571428571429,-2.0,0.0,7.649484536082468,3300.0,5142.857142857143,1800.0,0.0,-366.1016949152545,2700.0,4242.857142857143,-2700.0,-7200.0,-1113.5593220338983,,,,,,,,,,,,,,,,,,,,,,,,,,,,,,,,,,,,,,,,,,,,,,,,,,,,,,,,4.566666666666667,0.6285714285714283,-6.0,2.3,-18.32135593220339,-2.333333333333334,-7.985714285714287,-3.2,10.8,-12.879322033898305,1.333333333333332,-3.7285714285714278,-4.7,6.8,-15.199661016949152,65.33333333333333,64.57142857142857,-6.0,11.0,-2.5491525423728802,1016.566666666667,1018.2714285714285,8.399999999999977,-7.899999999999977,2.8769491525424655,20.333333333333332,22.057142857142857,3.6999999999999993,8.8,8.405762711864408,0.0,0.14285714285714285,0.0,0.0,-3.3301694915254236,-8.399999999999977,-2.2000000000000455,True,4.7,0.5,3,2,1,False,False,False,False,False,True,False,True,False,0,-0.4271073018595676,0
2026-02-13,74,-0.06,0.05,74,69,83,83,97,77,17,78,98.0,9900,0,,,,,,,,,,,,1.3,-5.2,-2.3,63,1023.8,15.7,0.0,70.33333333333333,67.57142857142857,2.0,6.0,-4.640677966101691,-0.053333333333333295,0.07285714285714286,0.13,-0.06,-0.08108474576271187,0.09333333333333334,0.20857142857142857,0.05,-0.23000000000000004,-0.018707482993197286,62.333333333333336,67.42857142857143,14.0,0.0,-3.172881355932205,60.666666666666664,72.71428571428571,22.0,6.0,-4.067796610169495,74.66666666666667,78.28571428571429,4.0,-10.0,-1.6406779661016913,40.666666666666664,62.0,56.0,-6.0,3.7186440677966033,88.0,88.57142857142857,2.0,8.0,11.383050847457625,73.66666666666667,74.71428571428571,8.0,-1.0,0.7999999999999972,19.333333333333332,18.857142857142858,-5.0,-7.0,-58.8,65.66666666666667,69.0,13.0,3.0,4.0338983050847474,95.33333333333333,94.42857142857143,5.0,5.0,12.649484536082468,5700.0,4500.0,5400.0,7200.0,5033.8983050847455,2700.0,4114.285714285715,-2700.0,0.0,-3813.5593220338983,,,,,,,,,,,,,,,,,,,,,,,,,,,,,,,,,,,,,,,,,,,,,,,,,,,,,,,,3.5000000000000013,1.0571428571428567,-0.30000000000000004,-3.2,-18.62135593220339,-2.4666666666666672,-7.114285714285715,-2.5,-0.40000000000000036,-15.379322033898305,0.533333333333332,-3.214285714285714,-1.9,-2.4,-17.099661016949153,66.33333333333333,62.57142857142857,-2.0,3.0,-4.54915254237288,1018.5333333333334,1020.4428571428572,3.699999999999932,5.899999999999977,6.576949152542397,20.53333333333333,22.671428571428574,-9.100000000000001,0.5999999999999996,-0.6942372881355929,0.0,0.028571428571428574,0.0,0.0,-3.3301694915254236,-3.699999999999932,-12.099999999999909,False,1.9,6.6,4,2,1,False,False,False,False,False,False,False,True,False,0,-0.4086242103439883,0
2026-02-14,58,-0.29,-0.05,63,73,86,91,60,88,19,49,98.0,2700,0,,,,,,,,,,,,12.5,-5.3,2.0,61,1021.1,11.0,0.0,68.0,69.42857142857143,-16.0,-7.0,-20.64067796610169,-0.17999999999999994,-0.021428571428571425,-0.22999999999999998,-0.38,-0.31108474576271183,0.0,0.1471428571428572,-0.1,-0.28,-0.11870748299319729,65.66666666666667,66.42857142857143,-11.0,10.0,-14.172881355932205,63.0,70.0,4.0,7.0,-0.0677966101694949,82.66666666666667,80.71428571428571,3.0,24.0,1.3593220338983087,67.0,61.142857142857146,8.0,79.0,11.718644067796603,84.0,85.0,-37.0,-12.0,-25.616949152542375,78.0,78.14285714285714,11.0,13.0,11.799999999999997,19.333333333333332,19.428571428571427,2.0,0.0,-56.8,64.0,66.0,-29.0,-5.0,-24.966101694915253,96.33333333333333,95.14285714285714,0.0,3.0,12.649484536082468,5700.0,4242.857142857143,-7200.0,0.0,-2166.1016949152545,900.0,3471.4285714285716,0.0,-5400.0,-3813.5593220338983,,,,,,,,,,,,,,,,,,,,,,,,,,,,,,,,,,,,,,,,,,,,,,,,,,,,,,,,5.133333333333334,3.057142857142857,11.2,4.9,-7.42135593220339,-4.400000000000001,-6.242857142857143,-0.09999999999999964,-5.8,-15.479322033898303,-0.23333333333333459,-1.8571428571428565,4.3,-2.3,-12.799661016949152,63.0,62.142857142857146,-2.0,-10.0,-6.54915254237288,1021.6666666666669,1021.3857142857142,-2.699999999999932,9.399999999999977,3.8769491525424655,17.166666666666664,18.542857142857144,-4.699999999999999,-10.100000000000001,-5.394237288135592,0.0,0.0,0.0,0.0,-3.3301694915254236,2.699999999999932,-1.0,False,4.3,2.4,5,2,1,False,False,False,False,False,True,True,True,False,1,-0.42902891311499963,0
2026-02-15,84,-0.23,-0.12,77,62,69,83,98,61,54,88,97.0,900,3600,,,,,,,,,,,,5.3,0.4,2.5,83,1016.8,13.0,11.6,72.0,70.71428571428571,26.0,12.0,5.359322033898309,-0.19333333333333327,-0.09714285714285713,0.05999999999999997,-0.04000000000000001,-0.2510847457627119,-0.04,0.09428571428571429,-0.06999999999999999,-0.12,-0.18870748299319728,71.33333333333333,67.71428571428571,14.0,17.0,-0.17288135593220488,68.0,65.71428571428571,-11.0,15.0,-11.067796610169495,79.33333333333333,80.28571428571429,-17.0,-10.0,-15.640677966101691,85.66666666666667,63.857142857142854,-8.0,56.0,3.7186440677966033,85.0,85.42857142857143,38.0,3.0,12.383050847457625,75.33333333333333,76.0,-27.0,-8.0,-15.200000000000003,30.0,25.428571428571427,35.0,32.0,-21.799999999999997,71.66666666666667,69.0,39.0,23.0,14.033898305084747,97.66666666666667,95.28571428571429,-1.0,4.0,11.649484536082468,4500.0,3985.714285714286,-1800.0,-3600.0,-3966.1016949152545,1200.0,3085.714285714286,3600.0,900.0,-213.5593220338983,,,,,,,,,,,,,,,,,,,,,,,,,,,,,,,,,,,,,,,,,,,,,,,,,,,,,,,,6.366666666666667,4.5857142857142845,-7.2,3.6999999999999997,-14.62135593220339,-3.3666666666666676,-4.371428571428572,5.7,3.1,-9.779322033898303,0.7333333333333321,-0.1428571428571424,0.5,2.9,-12.299661016949152,69.0,65.28571428571429,22.0,18.0,15.45084745762712,1020.5666666666667,1019.9142857142858,-4.300000000000068,-3.300000000000068,-0.4230508474576027,13.233333333333329,16.671428571428574,2.0,-11.8,-3.3942372881355922,3.8666666666666667,1.657142857142857,11.6,11.6,8.269830508474577,4.300000000000068,7.0,False,0.5,4.8,6,2,1,False,False,False,False,False,False,False,True,False,0,-0.41368409899681813,0
2026-02-16,71,-0.13,-0.07,71,72,96,99,48,87,100,48,96.0,0,7200,,,,,,,,,,,,7.8,0.5,3.5,88,1019.1,16.4,2.1,71.0,70.28571428571429,-13.0,-3.0,-7.640677966101691,-0.2166666666666666,-0.1157142857142857,0.1,-0.07,-0.15108474576271186,-0.08,0.04571428571428572,0.04999999999999999,-0.12000000000000001,-0.1387074829931973,70.33333333333333,67.42857142857143,-6.0,-3.0,-6.172881355932205,69.0,64.57142857142857,10.0,3.0,-1.067796610169495,83.66666666666667,81.14285714285714,27.0,13.0,11.359322033898309,91.0,69.14285714285714,16.0,16.0,19.718644067796603,68.66666666666667,79.85714285714286,-50.0,-49.0,-37.616949152542375,78.66666666666667,76.42857142857143,26.0,10.0,10.799999999999997,57.666666666666664,36.42857142857143,46.0,83.0,24.200000000000003,61.666666666666664,65.28571428571429,-40.0,-30.0,-25.966101694915253,97.0,95.71428571428571,-1.0,-2.0,10.649484536082468,1200.0,3342.8571428571427,-900.0,-9900.0,-4866.1016949152545,3600.0,2700.0,3600.0,7200.0,3386.4406779661017,,,,,,,,,,,,,,,,,,,,,,,,,,,,,,,,,,,,,,,,,,,,,,,,,,,,,,,,8.533333333333333,5.8,2.5,6.5,-12.12135593220339,-1.466666666666667,-2.3714285714285723,0.09999999999999998,5.7,-9.679322033898304,2.6666666666666656,1.3857142857142861,1.0,5.8,-11.299661016949152,77.33333333333333,70.14285714285714,5.0,25.0,20.45084745762712,1019.0000000000001,1018.6428571428571,2.300000000000068,-4.699999999999932,1.8769491525424655,13.466666666666663,16.72857142857143,3.3999999999999986,0.6999999999999993,0.005762711864406356,4.566666666666666,1.957142857142857,-9.5,2.1,-1.2301694915254235,-2.300000000000068,2.0,False,1.0,1.5,0,2,1,False,False,False,False,False,False,False,False,False,0,-0.4233827007615904,0
2026-02-17,77,-0.11,-0.15,79,64,90,59,100,72,45,93,99.0,1800,1800,,,,,,,,,,,,10.4,-0.8,3.9,88,1021.3,9.5,0.0,77.33333333333333,71.57142857142857,6.0,19.0,-1.6406779661016913,-0.15666666666666665,-0.13142857142857142,0.020000000000000004,0.18,-0.13108474576271187,-0.11333333333333333,-0.015714285714285712,-0.07999999999999999,-0.09999999999999999,-0.21870748299319728,75.66666666666667,68.14285714285714,8.0,16.0,1.8271186440677951,66.0,64.71428571428571,-8.0,-9.0,-9.067796610169495,85.0,80.71428571428571,-6.0,4.0,5.359322033898309,80.33333333333333,64.85714285714286,-40.0,-32.0,-20.281355932203397,82.0,81.42857142857143,52.0,40.0,14.383050847457625,73.33333333333333,75.57142857142857,-15.0,-16.0,-4.200000000000003,66.33333333333333,39.42857142857143,-55.0,26.0,-30.799999999999997,76.33333333333333,67.85714285714286,45.0,44.0,19.033898305084747,97.33333333333333,96.57142857142857,3.0,1.0,13.649484536082468,900.0,3214.285714285714,1800.0,-900.0,-3066.1016949152545,4200.0,2957.1428571428573,-5400.0,1800.0,-2013.5593220338983,,,,,,,,,,,,,,,,,,,,,,,,,,,,,,,,,,,,,,,,,,,,,,,,,,,,,,,,7.833333333333333,6.642857142857143,2.6000000000000005,-2.0999999999999996,-9.52135593220339,0.033333333333332736,-1.8000000000000005,-1.3,4.5,-10.979322033898304,3.299999999999999,1.928571428571429,0.3999999999999999,1.9,-10.899661016949151,86.33333333333333,74.14285714285714,0.0,27.0,20.45084745762712,1019.066666666667,1019.1285714285714,2.199999999999932,0.1999999999999318,4.076949152542397,12.966666666666663,15.928571428571429,-6.899999999999999,-1.5,-6.894237288135592,4.566666666666666,1.957142857142857,-2.1,0.0,-3.3301694915254236,-2.199999999999932,-4.5,False,0.3999999999999999,1.4,1,2,1,False,False,False,False,False,False,False,True,False,0,-0.41489195286416597,0
2026-02-18,75,-0.09,-0.1,67,83,74,86,50,65,31,70,97.0,7200,900,,,,,,,,,,,,13.2,2.9,7.9,84,1011.4,15.0,0.1,74.33333333333333,73.0,-2.0,-9.0,-3.6406779661016913,-0.10999999999999997,-0.15714285714285717,0.020000000000000004,0.14,-0.11108474576271186,-0.10666666666666667,-0.06285714285714285,0.04999999999999999,0.01999999999999999,-0.1687074829931973,72.33333333333333,70.14285714285714,-12.0,-10.0,-10.172881355932205,73.0,67.14285714285714,19.0,21.0,9.932203389830505,86.66666666666667,82.42857142857143,-16.0,5.0,-10.640677966101691,81.33333333333333,75.42857142857143,27.0,3.0,6.718644067796603,66.0,78.28571428571429,-50.0,-48.0,-35.616949152542375,74.66666666666667,74.14285714285714,-7.0,4.0,-11.200000000000003,58.666666666666664,41.142857142857146,-14.0,-23.0,-44.8,70.33333333333333,70.14285714285714,-23.0,-18.0,-3.9661016949152526,97.33333333333333,96.85714285714286,-2.0,0.0,11.649484536082468,3000.0,3857.1428571428573,5400.0,6300.0,2333.8983050847455,3300.0,2314.285714285714,-900.0,-2700.0,-2913.5593220338983,,,,,,,,,,,,,,,,,,,,,,,,,,,,,,,,,,,,,,,,,,,,,,,,,,,,,,,,10.466666666666667,7.442857142857142,2.799999999999999,7.8999999999999995,-6.721355932203391,0.8666666666666659,-1.4571428571428577,3.7,2.5,-7.279322033898303,5.099999999999999,2.4428571428571435,4.0,5.4,-6.8996610169491515,86.66666666666667,76.0,-4.0,1.0,16.45084745762712,1017.2666666666668,1019.0857142857143,-9.899999999999977,-5.399999999999977,-5.82305084745758,13.633333333333331,15.057142857142859,5.5,2.0,-1.3942372881355922,0.7333333333333334,1.9714285714285713,0.1,-11.5,-3.2301694915254235,9.899999999999977,7.7000000000000455,True,4.0,4.4,2,2,1,False,False,False,False,False,True,False,True,True,1,-0.4105205744272022,0
2026-02-19,67,-0.05,-0.04,60,69,41,24,82,69,42,67,96.0,0,900,,,,,,,,,,,,9.2,2.7,4.5,95,1013.5,18.3,10.1,73.0,72.28571428571429,-8.0,-4.0,-11.640677966101691,-0.0833333333333333,-0.13714285714285715,0.039999999999999994,0.08,-0.07108474576271187,-0.09666666666666666,-0.06857142857142857,0.060000000000000005,0.030000000000000006,-0.1087074829931973,68.66666666666667,70.14285714285714,-7.0,-11.0,-17.172881355932205,72.0,70.28571428571429,-14.0,-3.0,-4.067796610169495,68.33333333333333,77.0,-33.0,-55.0,-43.64067796610169,56.333333333333336,75.0,-62.0,-75.0,-55.2813559322034,77.33333333333333,76.42857142857143,32.0,34.0,-3.616949152542375,68.66666666666667,74.14285714285714,4.0,-18.0,-7.200000000000003,39.333333333333336,44.0,11.0,-58.0,-33.8,76.66666666666667,70.42857142857143,-3.0,19.0,-6.9661016949152526,97.33333333333333,97.28571428571429,-1.0,0.0,10.649484536082468,3000.0,3214.285714285714,-7200.0,0.0,-4866.1016949152545,1200.0,2057.1428571428573,0.0,-6300.0,-2913.5593220338983,,,,,,,,,,,,,,,,,,,,,,,,,,,,,,,,,,,,,,,,,,,,,,,,,,,,,,,,10.933333333333335,8.528571428571428,-4.0,1.3999999999999995,-10.721355932203391,1.5999999999999996,-0.6857142857142862,-0.19999999999999973,2.2,-7.4793220338983035,5.433333333333333,3.1428571428571432,-3.4000000000000004,1.0,-10.299661016949152,89.0,80.28571428571429,11.0,7.0,27.45084745762712,1015.4000000000001,1018.1428571428571,2.1000000000000227,-5.600000000000023,-3.723050847457557,14.266666666666666,14.128571428571428,3.3000000000000007,1.9000000000000021,1.9057627118644085,3.4,3.414285714285714,10.0,8.0,6.769830508474576,-2.1000000000000227,7.7999999999999545,False,3.4000000000000004,0.6000000000000001,3,2,1,False,False,False,False,False,True,True,False,False,0,-0.437261960709553,0
2026-02-20,81,0.09,0.01,85,95,67,91,98,81,49,94,98.0,9900,2700,,,,,,,,,,,,14.9,3.2,7.6,87,1006.5,21.2,13.9,74.33333333333333,73.28571428571429,14.0,4.0,2.3593220338983087,-0.016666666666666635,-0.1157142857142857,0.14,0.2,0.06891525423728813,-0.043333333333333335,-0.07428571428571429,0.05,0.16,-0.05870748299319729,70.66666666666667,71.71428571428571,25.0,6.0,7.827118644067795,82.33333333333333,74.0,26.0,31.0,21.932203389830505,60.666666666666664,74.71428571428571,26.0,-23.0,-17.64067796610169,67.0,76.14285714285714,67.0,32.0,11.718644067796603,76.66666666666667,76.57142857142857,16.0,-2.0,12.383050847457625,71.66666666666667,74.71428571428571,12.0,9.0,4.799999999999997,40.666666666666664,48.57142857142857,7.0,4.0,-26.799999999999997,77.0,72.71428571428571,27.0,1.0,20.033898305084747,97.0,97.28571428571429,2.0,-1.0,12.649484536082468,5700.0,3214.285714285714,9900.0,8100.0,5033.8983050847455,1500.0,2442.8571428571427,1800.0,900.0,-1113.5593220338983,,,,,,,,,,,,,,,,,,,,,,,,,,,,,,,,,,,,,,,,,,,,,,,,,,,,,,,,12.433333333333332,10.471428571428572,5.700000000000001,4.5,-5.02135593220339,2.933333333333333,0.5142857142857139,0.5,4.0,-6.9793220338983035,6.666666666666665,4.557142857142858,3.0999999999999996,3.6999999999999997,-7.199661016949152,88.66666666666667,83.71428571428571,-8.0,-1.0,19.45084745762712,1010.4666666666668,1015.6714285714287,-7.0,-14.799999999999955,-10.723050847457557,18.166666666666664,14.914285714285713,2.8999999999999986,11.7,4.805762711864407,8.033333333333333,5.3999999999999995,3.8000000000000007,13.9,10.569830508474578,7.0,4.899999999999977,True,3.0999999999999996,0.3000000000000007,4,2,1,False,False,False,False,False,False,False,True,True,0,-0.44152535994794173,0
2026-02-21,77,-0.05,-0.02,65,41,67,37,99,72,24,77,,3600,6300,,,,,,,,,,,,10.8,2.3,6.8,60,1014.6,15.5,0.0,75.0,76.0,-4.0,2.0,-1.6406779661016913,-0.0033333333333332993,-0.08142857142857143,-0.14,0.039999999999999994,-0.07108474576271187,-0.016666666666666666,-0.06999999999999999,-0.03,0.08,-0.08870748299319729,70.0,72.0,-20.0,-2.0,-12.172881355932205,68.33333333333333,69.42857142857143,-54.0,-42.0,-32.067796610169495,58.333333333333336,72.0,0.0,-7.0,-17.64067796610169,50.666666666666664,68.42857142857143,-54.0,-49.0,-42.2813559322034,93.0,82.14285714285714,1.0,49.0,13.383050847457625,74.0,72.42857142857143,-9.0,7.0,-4.200000000000003,38.333333333333336,49.285714285714285,-25.0,-7.0,-51.8,79.33333333333333,76.71428571428571,-17.0,7.0,3.0338983050847474,97.0,97.16666666666667,,,,4500.0,3342.8571428571427,-6300.0,-3600.0,-1266.1016949152545,3300.0,3342.8571428571427,3600.0,5400.0,2486.4406779661017,,,,,,,,,,,,,,,,,,,,,,,,,,,,,,,,,,,,,,,,,,,,,,,,,,,,,,,,11.633333333333335,10.228571428571428,-4.1,-2.3999999999999986,-9.12135593220339,2.733333333333333,1.5999999999999994,-0.9000000000000004,-0.6000000000000001,-7.879322033898304,6.299999999999998,5.242857142857143,-0.7999999999999998,-1.1000000000000005,-7.999661016949152,80.66666666666667,83.57142857142857,-27.0,-24.0,-7.54915254237288,1011.5333333333334,1014.7428571428571,8.100000000000023,3.2000000000000455,-2.6230508474575345,18.333333333333332,15.557142857142859,-5.699999999999999,0.5,-0.8942372881355922,8.0,5.3999999999999995,-13.9,-0.1,-3.3301694915254236,-8.100000000000023,-1.1000000000000227,True,0.7999999999999998,2.3,5,2,1,False,False,False,False,False,False,False,True,False,0,-0.4259414495226321,0
2026-02-22,80,-0.05,0.01,69,87,83,81,82,66,34,64,,9900,4500,,,,,,,,,,,,4.1,0.7,2.2,92,1013.7,19.7,20.0,79.33333333333333,75.42857142857143,3.0,13.0,1.3593220338983087,-0.0033333333333332993,-0.055714285714285716,0.0,0.0,-0.07108474576271187,-5.782411586589357e-19,-0.05142857142857143,0.03,0.05,-0.05870748299319729,73.0,70.85714285714286,4.0,9.0,-8.172881355932205,74.33333333333333,73.0,46.0,18.0,13.932203389830505,72.33333333333333,74.0,16.0,42.0,-1.6406779661016913,69.66666666666667,68.14285714285714,44.0,57.0,1.7186440677966033,93.0,79.85714285714286,-17.0,0.0,-3.616949152542375,73.0,73.14285714285714,-6.0,-3.0,-10.200000000000003,35.666666666666664,46.42857142857143,10.0,-8.0,-41.8,78.33333333333333,73.28571428571429,-13.0,-3.0,-9.966101694915253,98.0,97.2,,,,7800.0,4628.571428571428,6300.0,9900.0,5033.8983050847455,4500.0,3471.4285714285716,-1800.0,3600.0,686.4406779661017,,,,,,,,,,,,,,,,,,,,,,,,,,,,,,,,,,,,,,,,,,,,,,,,,,,,,,,,9.933333333333335,10.057142857142859,-6.700000000000001,-5.1,-15.82135593220339,2.066666666666666,1.6428571428571423,-1.5999999999999999,-2.0,-9.479322033898304,5.533333333333331,5.200000000000001,-4.6,-2.3,-12.599661016949153,79.66666666666667,84.85714285714286,32.0,-3.0,24.45084745762712,1011.6,1014.3000000000001,-0.8999999999999773,0.20000000000004547,-3.5230508474575117,18.799999999999997,16.514285714285716,4.199999999999999,1.3999999999999986,3.305762711864407,11.300000000000002,6.6,20.0,9.9,16.669830508474575,0.8999999999999773,-7.2000000000000455,False,4.6,5.3999999999999995,6,2,1,False,False,False,False,False,False,False,True,False,0,-0.436213413936964,0
2026-02-23,82,0.04,0.07,73,72,72,97,77,61,48,78,,4500,4500,,,,,,,,,,,,3.3,-0.8,0.9,77,1009.9,35.8,4.6,79.66666666666667,77.0,2.0,1.0,3.3593220338983087,-0.019999999999999966,-0.03142857142857143,0.09,-0.049999999999999996,0.018915254237288136,0.02,-0.03142857142857143,0.060000000000000005,0.060000000000000005,0.001292517006802718,69.0,71.14285714285714,4.0,-12.0,-4.172881355932205,66.66666666666667,73.0,-15.0,-23.0,-1.067796610169495,74.0,70.57142857142857,-11.0,5.0,-12.640677966101691,71.66666666666667,67.85714285714286,16.0,6.0,17.718644067796603,86.0,84.0,-5.0,-21.0,-8.616949152542375,66.33333333333333,69.42857142857143,-5.0,-20.0,-15.200000000000003,35.333333333333336,39.0,14.0,-1.0,-27.799999999999997,73.0,77.57142857142857,14.0,-16.0,4.0338983050847474,,97.5,,,,6000.0,5271.428571428572,-5400.0,-5400.0,-366.1016949152545,5100.0,3085.714285714286,0.0,1800.0,686.4406779661017,,,,,,,,,,,,,,,,,,,,,,,,,,,,,,,,,,,,,,,,,,,,,,,,,,,,,,,,6.066666666666667,9.414285714285713,-0.7999999999999998,-11.600000000000001,-16.62135593220339,0.7333333333333328,1.4571428571428566,-1.5,-4.0,-10.979322033898304,3.299999999999999,4.828571428571429,-1.3000000000000003,-6.699999999999999,-13.899661016949151,76.33333333333333,83.28571428571429,-15.0,-10.0,9.45084745762712,1012.7333333333335,1012.9857142857143,-3.800000000000068,3.3999999999999773,-7.32305084745758,23.666666666666668,19.285714285714285,16.099999999999998,14.599999999999998,19.405762711864405,8.200000000000001,6.957142857142856,-15.4,-9.3,1.269830508474576,3.800000000000068,4.7000000000000455,False,1.3000000000000003,5.8999999999999995,0,2,1,False,False,False,False,False,False,False,True,False,0,-0.43113381442193505,0
2026-02-24,81,-0.4,-0.15,69,79,72,86,63,56,52,72,,5400,0,,,,,,,,,,,,3.4,-4.9,-1.2,58,1016.4,24.5,0.0,81.0,77.57142857142857,-1.0,4.0,2.3593220338983087,-0.13666666666666663,-0.07285714285714286,-0.44,-0.35000000000000003,-0.4210847457627119,-0.02333333333333333,-0.03142857142857143,-0.22,-0.13,-0.21870748299319728,70.33333333333333,69.71428571428571,-4.0,4.0,-8.172881355932205,79.33333333333333,75.14285714285714,7.0,38.0,5.932203389830505,75.66666666666667,68.0,0.0,5.0,-12.640677966101691,88.0,71.71428571428571,-11.0,49.0,6.718644067796603,74.0,78.71428571428571,-14.0,-36.0,-22.616949152542375,61.0,67.14285714285714,-5.0,-16.0,-20.200000000000003,44.666666666666664,40.0,4.0,28.0,-23.799999999999997,71.33333333333333,74.57142857142857,-6.0,-5.0,-1.9661016949152526,,97.0,,,,6600.0,5785.714285714285,900.0,1800.0,533.8983050847455,3000.0,2828.5714285714284,-4500.0,-6300.0,-3813.5593220338983,,,,,,,,,,,,,,,,,,,,,,,,,,,,,,,,,,,,,,,,,,,,,,,,,,,,,,,,3.6,8.414285714285715,0.10000000000000009,-7.4,-16.52135593220339,-1.6666666666666672,0.8714285714285709,-4.1000000000000005,-7.2,-15.079322033898304,0.6333333333333323,4.1000000000000005,-2.1,-8.0,-15.999661016949151,75.66666666666667,79.0,-19.0,-2.0,-9.54915254237288,1013.3333333333335,1012.2857142857143,6.5,1.7999999999999545,-0.82305084745758,26.666666666666668,21.428571428571427,-11.299999999999997,9.0,8.105762711864408,8.200000000000001,6.957142857142856,-4.6,0.0,-3.3301694915254236,-6.5,-2.699999999999932,True,2.1,3.4000000000000004,1,2,1,False,False,False,False,False,False,False,True,False,0,-0.4359908612366625,0
2026-02-25,80,-0.24,-0.06,73,74,76,86,78,58,47,82,98.0,9900,1800,,,,,,,,,,,,12.6,-1.4,5.3,58,1006.8,21.0,0.7,81.0,78.28571428571429,-1.0,0.0,1.3593220338983087,-0.19999999999999996,-0.09428571428571429,0.16000000000000003,-0.19,-0.26108474576271185,-0.04666666666666666,-0.025714285714285714,0.09,-0.06999999999999999,-0.1287074829931973,71.66666666666667,70.57142857142857,4.0,4.0,-4.172881355932205,75.0,73.85714285714286,-5.0,-13.0,0.9322033898305051,73.33333333333333,68.28571428571429,4.0,-7.0,-8.640677966101691,89.66666666666667,71.71428571428571,0.0,5.0,6.718644067796603,72.66666666666667,82.71428571428571,15.0,-4.0,-7.616949152542375,58.333333333333336,66.14285714285714,2.0,-8.0,-18.200000000000003,49.0,42.285714285714285,-5.0,13.0,-28.799999999999997,77.33333333333333,76.28571428571429,10.0,18.0,8.033898305084747,98.0,97.33333333333333,,,12.649484536082468,6600.0,6171.428571428572,4500.0,0.0,5033.8983050847455,2100.0,2957.1428571428573,1800.0,-2700.0,-2013.5593220338983,,,,,,,,,,,,,,,,,,,,,,,,,,,,,,,,,,,,,,,,,,,,,,,,,,,,,,,,6.433333333333334,8.32857142857143,9.2,8.5,-7.3213559322033905,-2.366666666666667,0.25714285714285656,3.5000000000000004,-2.0999999999999996,-11.579322033898304,1.6666666666666654,3.7285714285714286,6.5,3.0999999999999996,-9.499661016949151,64.33333333333333,75.28571428571429,0.0,-34.0,-9.54915254237288,1011.0333333333334,1011.6285714285714,-9.600000000000023,-6.900000000000091,-10.423050847457603,27.099999999999994,22.285714285714285,-3.5,1.3000000000000007,4.605762711864408,1.7666666666666677,7.042857142857143,0.7,-19.3,-2.6301694915254235,9.600000000000023,3.1000000000000227,True,6.5,4.3999999999999995,2,2,1,False,False,False,False,False,False,False,True,True,0,-0.421903052494455,0
2026-02-26,74,-0.37,-0.17,72,95,81,97,65,65,33,71,97.0,2700,2700,,,,,,,,,,,,10.5,2.7,5.7,75,1011.5,10.9,2.3,78.33333333333333,79.28571428571429,-6.0,-8.0,-4.640677966101691,-0.33666666666666667,-0.13999999999999999,-0.13,-0.41,-0.39108474576271185,-0.12666666666666668,-0.04428571428571428,-0.11000000000000001,-0.24000000000000002,-0.2387074829931973,71.33333333333333,72.28571428571429,-1.0,-1.0,-5.172881355932205,82.66666666666667,77.57142857142857,21.0,23.0,21.932203389830505,76.33333333333333,74.0,5.0,9.0,-3.6406779661016913,89.66666666666667,82.14285714285714,11.0,0.0,17.718644067796603,68.66666666666667,80.28571428571429,-13.0,-12.0,-20.616949152542375,59.666666666666664,65.57142857142857,7.0,4.0,-11.200000000000003,44.0,41.0,-14.0,-15.0,-42.8,75.0,76.85714285714286,-11.0,-7.0,-2.9661016949152526,97.5,97.66666666666667,-1.0,,11.649484536082468,6000.0,6557.142857142857,-7200.0,-1800.0,-2166.1016949152545,1500.0,3214.285714285714,900.0,-1800.0,-1113.5593220338983,,,,,,,,,,,,,,,,,,,,,,,,,,,,,,,,,,,,,,,,,,,,,,,,,,,,,,,,8.833333333333334,8.514285714285714,-2.0999999999999996,7.2,-9.42135593220339,-1.2000000000000004,0.25714285714285656,4.1,3.5,-7.4793220338983035,3.2666666666666657,3.900000000000001,0.40000000000000036,4.8,-9.099661016949153,63.666666666666664,72.42857142857143,17.0,-2.0,7.45084745762712,1011.5666666666667,1011.342857142857,4.7000000000000455,1.6000000000000227,-5.723050847457557,18.799999999999997,21.228571428571428,-10.1,-24.9,-5.494237288135592,1.000000000000001,5.928571428571429,1.5999999999999999,-2.3,-1.0301694915254238,-4.7000000000000455,4.899999999999977,False,0.40000000000000036,6.9,3,2,1,False,False,False,False,False,False,False,True,False,0,-0.42049326117310315,0
2026-02-27,84,-0.11,-0.21,70,64,65,75,68,54,43,86,96.0,3600,900,,,,,,,,,,,,11.3,-1.2,4.7,76,1018.4,8.3,0.0,79.33333333333333,79.71428571428571,10.0,3.0,5.359322033898309,-0.23999999999999996,-0.1685714285714286,0.26,0.29000000000000004,-0.13108474576271187,-0.14666666666666667,-0.07571428571428572,-0.03999999999999998,-0.06,-0.27870748299319725,71.66666666666667,70.14285714285714,-2.0,1.0,-7.172881355932205,77.66666666666667,73.14285714285714,-31.0,-15.0,-9.067796610169495,74.0,73.71428571428571,-16.0,-7.0,-19.64067796610169,86.0,79.85714285714286,-22.0,-11.0,-4.281355932203397,70.33333333333333,76.0,3.0,5.0,-17.616949152542375,59.0,61.714285714285715,-11.0,-2.0,-22.200000000000003,41.0,40.142857142857146,10.0,-9.0,-32.8,79.66666666666667,75.71428571428571,15.0,14.0,12.033898305084747,97.0,97.0,-1.0,,10.649484536082468,5400.0,5657.142857142857,900.0,-1800.0,-1266.1016949152545,1800.0,2957.1428571428573,-1800.0,900.0,-2913.5593220338983,,,,,,,,,,,,,,,,,,,,,,,,,,,,,,,,,,,,,,,,,,,,,,,,,,,,,,,,11.466666666666669,8.0,0.8000000000000007,7.9,-8.62135593220339,0.03333333333333314,-0.371428571428572,-3.9000000000000004,3.7,-11.379322033898303,5.233333333333332,3.4857142857142867,-1.0,5.9,-10.099661016949153,69.66666666666667,70.85714285714286,1.0,18.0,8.45084745762712,1012.2333333333335,1013.0428571428571,6.899999999999977,2.0,1.17694915254242,13.399999999999999,19.385714285714283,-2.5999999999999996,-16.2,-8.094237288135592,1.000000000000001,3.942857142857143,-2.3,0.0,-3.3301694915254236,-6.899999999999977,-11.600000000000023,True,1.0,0.5999999999999996,4,2,1,False,False,False,False,False,False,False,True,False,0,-0.4113898058965007,0
2026-02-28,77,0.09,-0.09,66,71,69,86,70,56,16,74,92.0,900,900,,,,,,,,,,,,15.7,0.6,7.3,66,1018.2,9.0,0.0,78.33333333333333,79.71428571428571,-7.0,-3.0,-1.6406779661016913,-0.12999999999999998,-0.14857142857142858,0.2,0.32999999999999996,0.06891525423728813,-0.15666666666666665,-0.08571428571428572,0.12,-0.03,-0.15870748299319729,69.33333333333333,70.28571428571429,-4.0,-7.0,-11.172881355932205,76.66666666666667,77.42857142857143,7.0,-3.0,-2.067796610169495,71.66666666666667,74.0,4.0,-7.0,-15.640677966101691,86.0,86.85714285714286,11.0,0.0,6.718644067796603,67.66666666666667,71.85714285714286,2.0,-8.0,-15.616949152542375,58.333333333333336,59.42857142857143,2.0,-2.0,-20.200000000000003,30.666666666666668,39.0,-27.0,-31.0,-59.8,77.0,75.28571428571429,-12.0,-8.0,0.03389830508474745,95.0,95.75,-4.0,-6.0,6.649484536082468,2400.0,5271.428571428572,-2700.0,-9000.0,-3966.1016949152545,1500.0,2185.714285714286,0.0,-900.0,-2913.5593220338983,,,,,,,,,,,,,,,,,,,,,,,,,,,,,,,,,,,,,,,,,,,,,,,,,,,,,,,,12.5,8.7,4.399999999999999,3.0999999999999996,-4.221355932203391,0.6999999999999997,-0.6142857142857149,1.7999999999999998,2.0,-9.579322033898304,5.899999999999999,3.557142857142858,2.5999999999999996,2.0,-7.499661016949152,72.33333333333333,71.71428571428571,-10.0,8.0,-1.5491525423728802,1016.0333333333334,1013.5571428571429,-0.1999999999999318,11.400000000000091,0.9769491525424883,9.399999999999999,18.457142857142856,0.6999999999999993,-12.0,-7.394237288135592,0.7666666666666678,3.942857142857143,0.0,-0.7,-3.3301694915254236,0.1999999999999318,-6.7000000000000455,False,2.5999999999999996,1.5999999999999996,5,2,1,False,False,False,False,False,True,False,True,False,0,-0.41505041397464865,0
2026-03-01,84,-0.16,-0.19,73,83,74,99,93,62,23,77,94.0,6300,0,,,,,,,,,,,,11.7,2.5,6.6,65,1021.5,16.2,0.0,81.66666666666667,80.28571428571429,7.0,10.0,5.359322033898309,-0.05999999999999996,-0.16428571428571428,-0.25,0.21,-0.18108474576271186,-0.16333333333333333,-0.1142857142857143,-0.1,-0.01999999999999999,-0.2587074829931973,69.66666666666667,70.85714285714286,7.0,1.0,-4.172881355932205,72.66666666666667,76.85714285714286,12.0,-12.0,9.932203389830505,69.33333333333333,72.71428571428571,5.0,-7.0,-10.640677966101691,86.66666666666667,89.42857142857143,13.0,2.0,19.718644067796603,77.0,73.42857142857143,23.0,28.0,7.383050847457625,57.333333333333336,58.857142857142854,6.0,-3.0,-14.200000000000003,27.333333333333332,37.42857142857143,7.0,-10.0,-52.8,79.0,77.14285714285714,3.0,6.0,3.0338983050847474,94.0,95.4,2.0,-3.0,8.649484536082468,3600.0,4757.142857142857,5400.0,3600.0,1433.8983050847455,600.0,1542.857142857143,-900.0,-2700.0,-3813.5593220338983,,,,,,,,,,,,,,,,,,,,,,,,,,,,,,,,,,,,,,,,,,,,,,,,,,,,,,,,12.9,9.785714285714286,-4.0,1.1999999999999993,-8.221355932203391,0.633333333333333,-0.35714285714285776,1.9,-0.20000000000000018,-7.679322033898304,6.199999999999999,4.185714285714286,-0.7000000000000002,0.8999999999999995,-8.199661016949152,69.0,67.85714285714286,-1.0,-10.0,-2.5491525423728802,1019.3666666666668,1014.6714285714287,3.2999999999999545,10.0,4.276949152542443,11.166666666666664,17.957142857142856,7.199999999999999,5.299999999999999,-0.19423728813559293,0.0,1.0857142857142856,0.0,-2.3,-3.3301694915254236,-3.2999999999999545,-3.1000000000000227,False,0.7000000000000002,1.8999999999999995,6,3,2,False,False,False,False,False,False,False,True,False,0,-0.41457546763944386,0
2026-03-02,78,-0.03,0.0,61,70,46,22,92,65,54,65,98.0,5400,0,,,,,,,,,,,,1.6,-2.3,-0.6,66,1035.6,11.3,2.6,79.66666666666667,79.71428571428571,-6.0,-6.0,-0.6406779661016913,-0.03333333333333329,-0.1742857142857143,0.13,0.08,-0.05108474576271187,-0.09333333333333334,-0.1242857142857143,0.19,0.21,-0.06870748299319729,66.66666666666667,69.14285714285714,-12.0,-9.0,-16.172881355932205,74.66666666666667,76.57142857142857,-13.0,6.0,-3.067796610169495,63.0,69.0,-28.0,-19.0,-38.64067796610169,69.0,78.71428571428571,-77.0,-53.0,-57.2813559322034,85.0,75.57142857142857,-1.0,24.0,6.383050847457625,61.0,59.42857142857143,3.0,11.0,-11.200000000000003,31.0,38.285714285714285,31.0,11.0,-21.799999999999997,72.0,75.28571428571429,-12.0,-21.0,-8.966101694915253,94.66666666666667,95.83333333333333,4.0,2.0,12.649484536082468,4200.0,4885.714285714285,-900.0,1800.0,533.8983050847455,300.0,900.0,0.0,-900.0,-3813.5593220338983,,,,,,,,,,,,,,,,,,,,,,,,,,,,,,,,,,,,,,,,,,,,,,,,,,,,,,,,9.666666666666668,9.542857142857143,-10.1,-9.700000000000001,-18.32135593220339,0.26666666666666633,-0.571428571428572,-4.8,-1.0999999999999999,-12.479322033898303,4.433333333333332,3.971428571428572,-7.199999999999999,-5.3,-15.399661016949151,65.66666666666667,66.28571428571429,1.0,-10.0,-1.5491525423728802,1025.1000000000001,1018.342857142857,14.099999999999909,17.199999999999932,18.376949152542352,12.166666666666663,14.457142857142857,-4.899999999999999,3.0,-5.0942372881355915,0.8666666666666679,0.7999999999999999,2.6,2.6,-0.7301694915254235,-14.099999999999909,-17.399999999999864,True,7.199999999999999,7.8999999999999995,0,3,2,False,False,False,False,False,True,False,True,False,0,-0.4616921839530798,1
2026-03-03,77,-0.23,-0.04,81,57,90,78,100,68,100,81,91.0,4500,900,,,,,,,,,,,,5.0,-0.8,1.5,95,1031.1,15.0,8.2,79.66666666666667,79.14285714285714,-1.0,0.0,-1.6406779661016913,-0.13999999999999999,-0.15,-0.2,-0.32,-0.2510847457627119,-0.07666666666666667,-0.10857142857142857,-0.04,0.049999999999999996,-0.1087074829931973,71.66666666666667,70.85714285714286,20.0,15.0,3.827118644067795,70.0,73.42857142857143,-13.0,-14.0,-16.067796610169495,70.0,71.57142857142857,44.0,21.0,5.359322033898309,66.33333333333333,77.57142857142857,56.0,-8.0,-1.2813559322033967,95.0,80.85714285714286,8.0,30.0,14.383050847457625,65.0,61.142857142857146,3.0,12.0,-8.200000000000003,59.0,45.142857142857146,46.0,84.0,24.200000000000003,74.33333333333333,76.57142857142857,16.0,7.0,7.0338983050847474,94.33333333333333,95.14285714285714,-7.0,-1.0,5.649484536082468,5400.0,4757.142857142857,-900.0,3600.0,-366.1016949152545,300.0,1028.5714285714287,900.0,0.0,-2913.5593220338983,,,,,,,,,,,,,,,,,,,,,,,,,,,,,,,,,,,,,,,,,,,,,,,,,,,,,,,,6.1000000000000005,9.771428571428572,3.4,-10.7,-14.92135593220339,-0.2000000000000003,0.01428571428571376,1.4999999999999998,-1.4,-10.979322033898304,2.4999999999999987,4.3571428571428585,2.1,-5.8,-13.299661016949152,75.33333333333333,71.57142857142857,29.0,29.0,27.45084745762712,1029.4,1020.4428571428572,-4.5,12.899999999999864,13.876949152542352,14.166666666666663,13.1,3.6999999999999993,6.0,-1.3942372881355922,3.600000000000001,1.9714285714285713,5.6,8.2,4.869830508474576,4.5,-9.599999999999909,False,2.1,5.1,1,3,2,False,False,False,False,False,False,False,True,False,0,-0.4259589436413727,0
2026-03-04,68,0.11,0.01,73,64,74,83,95,62,91,67,90.0,10800,900,,,,,,,,,,,,12.6,5.1,8.0,94,1024.0,14.0,0.8,74.33333333333333,77.42857142857143,-9.0,-16.0,-10.640677966101691,-0.049999999999999954,-0.09999999999999999,0.34,0.27,0.08891525423728813,-0.01,-0.09857142857142856,0.05,0.2,-0.05870748299319729,71.66666666666667,70.85714285714286,-8.0,0.0,-4.172881355932205,63.666666666666664,72.0,7.0,-19.0,-9.067796610169495,70.0,71.28571428571429,-16.0,0.0,-10.640677966101691,61.0,77.14285714285714,5.0,-16.0,3.7186440677966033,95.66666666666667,83.28571428571429,-5.0,2.0,9.383050847457625,65.0,61.714285714285715,-6.0,0.0,-14.200000000000003,81.66666666666667,51.42857142857143,-9.0,68.0,15.200000000000003,71.0,74.42857142857143,-14.0,-10.0,-6.9661016949152526,93.0,94.0,-1.0,-4.0,4.649484536082468,6900.0,4885.714285714285,6300.0,4500.0,5933.8983050847455,600.0,900.0,0.0,900.0,-2913.5593220338983,,,,,,,,,,,,,,,,,,,,,,,,,,,,,,,,,,,,,,,,,,,,,,,,,,,,,,,,6.400000000000001,9.77142857142857,7.6,0.9000000000000004,-7.3213559322033905,0.6666666666666662,0.9428571428571423,5.8999999999999995,2.5999999999999996,-5.079322033898304,2.9666666666666655,4.742857142857143,6.5,1.4000000000000004,-6.799661016949152,85.0,76.71428571428571,-1.0,29.0,26.45084745762712,1030.2333333333333,1022.8999999999999,-7.099999999999909,2.5,6.776949152542443,13.433333333333332,12.1,-1.0,-2.1999999999999993,-2.3942372881355922,3.8666666666666676,1.9857142857142858,-7.3999999999999995,0.8,-2.530169491525424,7.099999999999909,11.599999999999909,True,6.5,8.6,2,3,2,False,False,False,False,False,False,True,True,True,1,-0.41806627273254765,0
2026-03-05,76,0.21,0.06,76,60,86,59,100,62,91,78,85.0,5400,2700,,,,,,,,,,,,14.2,6.6,9.5,92,1021.6,11.4,5.4,73.66666666666667,77.71428571428571,8.0,-2.0,-2.6406779661016913,0.030000000000000037,-0.017142857142857144,0.09999999999999999,0.24,0.18891525423728814,0.01,-0.06571428571428573,0.049999999999999996,0.06,-0.00870748299319729,76.66666666666667,71.42857142857143,3.0,15.0,-1.1728813559322049,60.333333333333336,67.0,-4.0,-10.0,-13.067796610169495,83.33333333333333,72.0,12.0,40.0,1.3593220338983087,73.33333333333333,71.71428571428571,-24.0,37.0,-20.281355932203397,98.33333333333333,88.28571428571429,5.0,8.0,14.383050847457625,64.0,61.285714285714285,0.0,-3.0,-14.200000000000003,94.0,59.714285714285715,0.0,37.0,15.200000000000003,75.33333333333333,75.42857142857143,11.0,13.0,4.0338983050847474,88.66666666666667,92.28571428571429,-5.0,-13.0,-0.35051546391753163,6900.0,5271.428571428572,-5400.0,0.0,533.8983050847455,1500.0,900.0,1800.0,2700.0,-1113.5593220338983,,,,,,,,,,,,,,,,,,,,,,,,,,,,,,,,,,,,,,,,,,,,,,,,,,,,,,,,10.6,10.299999999999999,1.5999999999999996,12.6,-5.721355932203391,3.633333333333333,1.4999999999999996,1.5,8.899999999999999,-3.579322033898304,6.333333333333332,5.285714285714286,1.5,10.1,-5.299661016949152,93.66666666666667,79.14285714285714,-2.0,26.0,24.45084745762712,1025.5666666666668,1024.3428571428572,-2.3999999999999773,-13.999999999999886,4.3769491525424655,13.466666666666663,12.171428571428569,-2.5999999999999996,0.09999999999999964,-4.994237288135592,4.800000000000001,2.4285714285714284,4.6000000000000005,2.8000000000000003,2.0698305084745767,2.3999999999999773,9.499999999999886,False,1.5,8.0,3,3,2,False,False,False,False,False,False,False,True,False,0,-0.40781370821175916,0
2026-03-06,67,0.21,0.05,71,64,86,83,82,66,100,57,87.0,1800,900,,,,,,,,,,,,12.1,6.5,8.8,91,1025.1,13.3,3.4,70.33333333333333,75.28571428571429,-9.0,-10.0,-11.640677966101691,0.17666666666666672,0.028571428571428574,0.0,0.44,0.18891525423728814,0.04,-0.028571428571428564,-0.009999999999999995,0.09,-0.018707482993197286,73.33333333333333,71.57142857142857,-5.0,-10.0,-6.172881355932205,62.666666666666664,67.0,4.0,7.0,-9.067796610169495,82.0,75.0,0.0,-4.0,1.3593220338983087,75.0,72.85714285714286,24.0,5.0,3.7186440677966033,92.33333333333333,90.28571428571429,-18.0,-18.0,-3.616949152542375,63.333333333333336,63.0,4.0,-2.0,-10.200000000000003,94.0,67.85714285714286,9.0,0.0,24.200000000000003,67.33333333333333,71.28571428571429,-21.0,-24.0,-16.966101694915253,87.33333333333333,91.0,2.0,-4.0,1.6494845360824684,6000.0,5014.285714285715,-3600.0,-2700.0,-3066.1016949152545,1500.0,900.0,-1800.0,0.0,-2913.5593220338983,,,,,,,,,,,,,,,,,,,,,,,,,,,,,,,,,,,,,,,,,,,,,,,,,,,,,,,,12.966666666666667,10.414285714285715,-2.0999999999999996,7.1,-7.8213559322033905,6.0666666666666655,2.599999999999999,-0.09999999999999964,7.3,-3.6793220338983037,8.766666666666666,5.871428571428573,-0.6999999999999993,7.300000000000001,-5.999661016949151,92.33333333333333,81.28571428571429,-1.0,-4.0,23.45084745762712,1023.5666666666667,1025.3,3.4999999999998863,-6.0,7.876949152542352,12.899999999999999,12.885714285714286,1.9000000000000004,-1.6999999999999993,-3.0942372881355915,3.200000000000001,2.914285714285714,-2.0000000000000004,-4.799999999999999,0.06983050847457628,-3.4999999999998863,-1.099999999999909,False,0.6999999999999993,0.8000000000000007,4,3,2,False,False,False,False,False,False,True,True,False,0,-0.39630222389551184,0
2026-03-07,72,0.12,0.17,74,42,83,70,93,69,100,71,92.0,2700,1800,,,,,,,,,,,,19.5,4.3,10.7,85,1020.8,20.1,0.1,71.66666666666667,74.57142857142857,5.0,4.0,-6.640677966101691,0.18000000000000005,0.032857142857142856,-0.09,0.009999999999999995,0.09891525423728813,0.09333333333333334,0.008571428571428572,0.12000000000000001,0.16,0.10129251700680272,73.66666666666667,72.71428571428571,3.0,1.0,-3.172881355932205,55.333333333333336,62.857142857142854,-22.0,-22.0,-31.067796610169495,85.0,77.0,-3.0,9.0,-1.6406779661016913,70.66666666666667,70.57142857142857,-13.0,-13.0,-9.281355932203397,91.66666666666667,93.57142857142857,11.0,-2.0,7.383050847457625,65.66666666666667,64.85714285714286,3.0,7.0,-7.200000000000003,97.0,79.85714285714286,0.0,9.0,24.200000000000003,68.66666666666667,70.85714285714286,14.0,4.0,-2.9661016949152526,88.0,91.0,5.0,2.0,6.649484536082468,3300.0,5271.428571428572,900.0,-8100.0,-2166.1016949152545,1800.0,1028.5714285714287,900.0,900.0,-2013.5593220338983,,,,,,,,,,,,,,,,,,,,,,,,,,,,,,,,,,,,,,,,,,,,,,,,,,,,,,,,15.266666666666666,10.957142857142856,7.4,6.9,-0.4213559322033902,5.8,3.1285714285714286,-2.2,-0.7999999999999998,-5.879322033898304,9.666666666666666,6.357142857142857,1.8999999999999986,2.6999999999999993,-4.0996610169491525,89.33333333333333,84.0,-6.0,-9.0,17.45084745762712,1022.5,1025.6714285714284,-4.2999999999999545,-3.2000000000000455,3.5769491525423973,14.933333333333332,14.471428571428572,6.800000000000001,6.100000000000001,3.705762711864409,2.9666666666666672,2.9285714285714284,-3.3,-0.7000000000000001,-3.2301694915254235,4.2999999999999545,0.8000000000000682,False,1.8999999999999986,1.1999999999999993,5,3,2,False,False,False,False,False,False,False,True,False,0,-0.39624179526776326,0
2026-03-08,67,0.46,0.35,68,53,58,75,88,57,81,68,97.0,1800,1800,,,,,,,,,,,,22.2,13.2,17.8,73,1011.3,20.7,0.7,68.66666666666667,72.14285714285714,-5.0,-9.0,-11.640677966101691,0.26333333333333336,0.12142857142857144,0.34,0.25,0.43891525423728817,0.19000000000000003,0.08571428571428572,0.17999999999999997,0.29,0.2812925170068027,71.0,72.0,-6.0,-8.0,-9.172881355932205,53.0,58.57142857142857,11.0,-7.0,-20.067796610169495,75.66666666666667,74.71428571428571,-25.0,-28.0,-26.64067796610169,76.0,67.14285714285714,5.0,16.0,-4.281355932203397,87.66666666666667,92.85714285714286,-5.0,-12.0,2.383050847457625,64.0,64.14285714285714,-12.0,-5.0,-19.200000000000003,93.66666666666667,88.14285714285714,-19.0,-10.0,5.200000000000003,65.33333333333333,69.57142857142857,-3.0,-10.0,-5.9661016949152526,92.0,91.42857142857143,5.0,12.0,11.649484536082468,2100.0,4628.571428571428,-900.0,-3600.0,-3066.1016949152545,1500.0,1285.7142857142858,0.0,-900.0,-2013.5593220338983,,,,,,,,,,,,,,,,,,,,,,,,,,,,,,,,,,,,,,,,,,,,,,,,,,,,,,,,17.933333333333334,12.457142857142856,2.6999999999999993,8.0,2.278644067796609,7.999999999999999,4.657142857142857,8.899999999999999,6.6,3.0206779661016956,12.433333333333332,7.957142857142858,7.100000000000001,8.3,3.000338983050849,83.0,85.14285714285714,-12.0,-19.0,5.45084745762712,1019.0666666666667,1024.2142857142856,-9.5,-10.300000000000068,-5.923050847457603,18.03333333333333,15.114285714285714,0.5999999999999979,9.299999999999999,4.305762711864407,1.4000000000000012,3.0285714285714285,0.6,-4.7,-2.6301694915254235,9.5,13.799999999999955,True,7.100000000000001,9.0,6,3,2,False,False,False,True,False,True,True,True,True,1,-0.43362940073507655,0
2026-03-09,54,0.19,0.22,65,30,79,23,92,77,91,63,95.0,10800,0,,,,,,,,,,,,23.0,5.6,14.5,60,1016.4,9.9,0.0,64.33333333333333,68.71428571428571,-13.0,-13.0,-24.64067796610169,0.2566666666666667,0.15285714285714286,-0.27,-0.01999999999999999,0.16891525423728815,0.24666666666666667,0.11714285714285713,-0.12999999999999998,0.16999999999999998,0.1512925170068027,69.0,72.57142857142857,-3.0,-6.0,-12.172881355932205,41.666666666666664,52.857142857142854,-23.0,-34.0,-43.067796610169495,73.33333333333333,79.42857142857143,21.0,-7.0,-5.640677966101691,56.0,67.28571428571429,-52.0,-60.0,-56.2813559322034,91.0,92.85714285714286,4.0,10.0,6.383050847457625,67.66666666666667,65.85714285714286,20.0,11.0,0.7999999999999972,90.66666666666667,93.42857142857143,10.0,-9.0,15.200000000000003,67.33333333333333,69.28571428571429,-5.0,6.0,-10.966101694915253,94.66666666666667,91.0,-2.0,8.0,9.649484536082468,5100.0,5400.0,9000.0,9000.0,5933.8983050847455,1200.0,1285.7142857142858,-1800.0,-900.0,-3813.5593220338983,,,,,,,,,,,,,,,,,,,,,,,,,,,,,,,,,,,,,,,,,,,,,,,,,,,,,,,,21.566666666666666,15.514285714285714,0.8000000000000007,10.9,3.07864406779661,7.699999999999998,5.785714285714285,-7.6,-0.9000000000000004,-4.579322033898304,14.333333333333334,10.114285714285716,-3.3000000000000007,5.699999999999999,-0.2996610169491518,72.66666666666667,84.28571428571429,-13.0,-31.0,-7.54915254237288,1016.1666666666669,1021.4714285714284,5.100000000000023,-8.699999999999932,-0.82305084745758,16.9,14.914285714285713,-10.799999999999999,-3.4000000000000004,-6.494237288135592,0.26666666666666783,2.657142857142857,-0.7,-3.4,-3.3301694915254236,-5.100000000000023,4.399999999999977,True,3.3000000000000007,3.8000000000000007,0,3,2,False,False,False,False,False,True,True,True,False,1,-0.42349689374011046,0
2026-03-10,53,0.25,0.27,57,42,81,72,32,70,100,39,94.0,6300,900,,,,,,,,,,,,27.2,7.6,16.9,63,1016.3,9.6,0.0,58.0,65.28571428571429,-1.0,-19.0,-25.64067796610169,0.30000000000000004,0.22142857142857145,0.06,0.13,0.22891525423728815,0.28,0.16142857142857142,0.05000000000000002,0.1,0.20129251700680273,63.333333333333336,69.14285714285714,-8.0,-17.0,-20.172881355932205,41.666666666666664,50.714285714285715,12.0,0.0,-31.067796610169495,72.66666666666667,78.14285714285714,2.0,-2.0,-3.6406779661016913,56.666666666666664,66.42857142857143,49.0,2.0,-7.281355932203397,70.66666666666667,83.14285714285714,-60.0,-61.0,-53.616949152542375,68.0,66.14285714285714,-7.0,1.0,-6.200000000000003,90.66666666666667,93.42857142857143,9.0,0.0,24.200000000000003,56.666666666666664,63.285714285714285,-24.0,-32.0,-34.96610169491525,95.33333333333333,91.42857142857143,-1.0,2.0,8.649484536082468,6300.0,5657.142857142857,-4500.0,3600.0,1433.8983050847455,900.0,1285.7142857142858,900.0,-900.0,-2913.5593220338983,,,,,,,,,,,,,,,,,,,,,,,,,,,,,,,,,,,,,,,,,,,,,,,,,,,,,,,,24.133333333333336,18.685714285714287,4.199999999999999,7.699999999999999,7.278644067796609,8.799999999999999,6.985714285714286,2.0,3.3,-2.579322033898304,16.399999999999995,12.314285714285715,2.3999999999999986,6.199999999999999,2.1003389830508468,65.33333333333333,79.71428571428571,3.0,-22.0,-4.54915254237288,1014.6666666666669,1019.3571428571428,-0.10000000000002274,-4.5,-0.9230508474576027,13.399999999999997,14.142857142857142,-0.3000000000000007,-10.500000000000002,-6.794237288135593,0.2333333333333345,1.4857142857142858,0.0,-0.1,-3.3301694915254236,0.10000000000002274,-5.0,False,2.3999999999999986,0.9000000000000021,1,3,2,False,False,False,False,False,True,True,True,False,1,-0.4354867445966607,0
2026-03-11,73,-0.11,0.22,74,65,74,83,81,77,100,63,98.0,1800,1800,,,,,,,,,,,,26.5,14.5,19.8,70,1010.7,21.3,4.0,60.0,66.0,20.0,6.0,-5.640677966101691,0.11000000000000003,0.18999999999999997,-0.36,-0.5700000000000001,-0.13108474576271187,0.2366666666666667,0.19142857142857145,-0.05000000000000002,-0.12999999999999998,0.1512925170068027,65.33333333333333,69.28571428571429,17.0,6.0,-3.172881355932205,45.666666666666664,50.857142857142854,23.0,12.0,-8.067796610169495,78.0,78.14285714285714,-7.0,16.0,-10.640677966101691,59.333333333333336,66.42857142857143,11.0,8.0,3.7186440677966033,68.33333333333333,81.14285714285714,49.0,-7.0,-4.616949152542375,74.66666666666667,68.28571428571429,7.0,20.0,0.7999999999999972,97.0,94.71428571428571,0.0,19.0,24.200000000000003,55.0,62.714285714285715,24.0,-5.0,-10.966101694915253,95.66666666666667,92.57142857142857,4.0,1.0,12.649484536082468,6300.0,4371.428571428572,-4500.0,0.0,-3066.1016949152545,900.0,1414.2857142857142,900.0,0.0,-2013.5593220338983,,,,,,,,,,,,,,,,,,,,,,,,,,,,,,,,,,,,,,,,,,,,,,,,,,,,,,,,25.566666666666663,20.67142857142857,-0.6999999999999993,4.300000000000001,6.57864406779661,9.233333333333333,8.328571428571427,6.9,1.3000000000000007,4.320677966101696,17.066666666666666,14.0,2.900000000000002,2.0,5.000338983050849,64.33333333333333,76.28571428571429,7.0,-3.0,2.4508474576271198,1014.4666666666668,1017.4571428571428,-5.599999999999909,-0.599999999999909,-6.523050847457512,13.6,15.185714285714285,11.700000000000001,0.6000000000000014,4.9057627118644085,1.3333333333333346,1.9428571428571428,4.0,3.3,0.6698305084745764,5.599999999999909,5.699999999999932,True,2.900000000000002,5.300000000000001,2,3,2,False,False,False,False,False,False,False,True,True,0,-0.4178925841911775,0
2026-03-12,76,0.07,0.19,83,70,81,83,96,78,100,80,98.0,7200,900,,,,,,,,,,,,23.0,-1.4,8.0,77,1011.7,29.6,17.6,67.33333333333333,66.0,3.0,22.0,-2.6406779661016913,0.07000000000000002,0.16999999999999998,0.18,-0.12,0.04891525423728814,0.22666666666666668,0.21,-0.03,-0.03,0.12129251700680271,71.33333333333333,70.28571428571429,9.0,18.0,5.827118644067795,59.0,52.285714285714285,5.0,40.0,-3.067796610169495,78.66666666666667,77.42857142857143,7.0,2.0,-3.6406779661016913,79.33333333333333,69.85714285714286,0.0,60.0,3.7186440677966033,69.66666666666667,80.57142857142857,15.0,4.0,10.383050847457625,75.0,70.57142857142857,1.0,1.0,1.7999999999999972,100.0,96.0,0.0,9.0,24.200000000000003,60.666666666666664,63.0,17.0,17.0,6.0338983050847474,96.66666666666667,94.42857142857143,0.0,3.0,12.649484536082468,5100.0,4628.571428571428,5400.0,-3600.0,2333.8983050847455,1200.0,1157.142857142857,-900.0,900.0,-2913.5593220338983,,,,,,,,,,,,,,,,,,,,,,,,,,,,,,,,,,,,,,,,,,,,,,,,,,,,,,,,25.566666666666663,21.928571428571427,-3.5,0.0,3.07864406779661,6.899999999999999,7.185714285714285,-15.9,-7.0,-11.579322033898304,14.899999999999999,13.785714285714286,-11.8,-6.5,-6.799661016949152,70.0,74.14285714285714,7.0,17.0,9.45084745762712,1012.9000000000001,1016.0428571428572,1.0,-4.699999999999932,-5.523050847457512,20.166666666666668,17.785714285714285,8.3,19.700000000000003,13.20576271186441,7.200000000000002,3.685714285714286,13.600000000000001,17.6,14.269830508474577,-1.0,4.599999999999909,False,11.8,8.899999999999999,3,3,2,False,False,False,False,False,False,False,True,False,0,-0.4371551580633117,0
2026-03-14,54,0.36,0.15,71,49,90,72,77,71,84,66,93.0,14400,3600,,,,,,,,,,,,13.9,6.0,9.7,43,1018.3,20.0,0.0,67.66666666666667,64.14285714285714,-22.0,1.0,-24.64067796610169,0.10666666666666669,0.19142857142857145,0.29,0.10999999999999999,0.33891525423728813,0.18666666666666668,0.22428571428571425,-0.04000000000000001,-0.12000000000000002,0.0812925170068027,76.0,70.28571428571429,-12.0,14.0,-6.172881355932205,61.333333333333336,50.142857142857146,-21.0,7.0,-24.067796610169495,81.66666666666667,78.0,9.0,9.0,5.359322033898309,79.33333333333333,68.28571428571429,-11.0,0.0,-7.281355932203397,84.66666666666667,79.85714285714286,-19.0,45.0,-8.616949152542375,75.33333333333333,71.28571428571429,-7.0,1.0,-5.200000000000003,94.66666666666667,93.71428571428571,-16.0,-16.0,8.200000000000003,69.66666666666667,64.28571428571429,-14.0,27.0,-7.9661016949152526,96.33333333333333,95.28571428571429,-5.0,-1.0,7.649484536082468,7800.0,6428.571428571428,7200.0,8100.0,9533.898305084746,2100.0,1542.857142857143,2700.0,2700.0,-213.5593220338983,,,,,,,,,,,,,,,,,,,,,,,,,,,,,,,,,,,,,,,,,,,,,,,,,,,,,,,,21.133333333333333,22.185714285714283,-9.1,-13.299999999999999,-6.02135593220339,6.366666666666666,7.114285714285714,7.4,-1.5999999999999996,-4.179322033898304,12.5,13.914285714285715,1.6999999999999993,-7.199999999999999,-5.0996610169491525,63.333333333333336,67.28571428571429,-34.0,-20.0,-24.54915254237288,1013.566666666667,1015.0714285714286,6.599999999999909,2.0,1.0769491525423973,23.63333333333333,18.74285714285714,-9.600000000000001,10.4,3.6057627118644078,7.200000000000002,3.2,-17.6,0.0,-3.3301694915254236,-6.599999999999909,-7.599999999999909,True,1.6999999999999993,10.100000000000001,5,3,2,False,False,False,True,False,False,True,True,False,1,-0.4426687321808342,0
2026-03-15,59,0.05,0.06,58,49,90,91,31,95,61,32,94.0,1800,0,,,,,,,,,,,,12.1,4.8,8.3,63,1024.1,16.7,1.0,63.0,62.285714285714285,5.0,-14.0,-19.64067796610169,0.16,0.18142857142857147,-0.31,0.16,0.02891525423728814,0.13333333333333336,0.20857142857142857,-0.09,-0.16,-0.00870748299319729,70.66666666666667,68.0,-13.0,-16.0,-19.172881355932205,56.0,51.142857142857146,0.0,-16.0,-24.067796610169495,87.0,79.0,0.0,16.0,5.359322033898309,82.0,71.28571428571429,19.0,8.0,11.718644067796603,68.0,71.0,-46.0,-50.0,-54.616949152542375,81.33333333333333,75.0,24.0,18.0,18.799999999999997,81.66666666666667,88.14285714285714,-23.0,-39.0,-14.799999999999997,59.333333333333336,58.714285714285715,-34.0,-31.0,-41.96610169491525,95.0,95.57142857142857,1.0,-4.0,8.649484536082468,7800.0,6300.0,-12600.0,0.0,-3066.1016949152545,1500.0,1285.7142857142858,-3600.0,-1800.0,-3813.5593220338983,,,,,,,,,,,,,,,,,,,,,,,,,,,,,,,,,,,,,,,,,,,,,,,,,,,,,,,,16.333333333333332,21.128571428571426,-1.8000000000000007,-14.4,-7.8213559322033905,3.133333333333333,7.185714285714285,-1.2000000000000002,-9.7,-5.379322033898304,8.666666666666666,13.571428571428571,-1.3999999999999986,-11.5,-6.499661016949151,61.0,64.14285714285714,20.0,-7.0,-4.54915254237288,1018.0333333333334,1015.5428571428572,5.7999999999999545,13.399999999999864,6.876949152542352,22.099999999999998,18.257142857142856,-3.3000000000000007,-4.600000000000001,0.30576271186440707,6.200000000000002,3.3285714285714287,1.0,-3.0,-2.3301694915254236,-5.7999999999999545,-12.399999999999864,True,1.3999999999999986,0.3000000000000007,6,3,2,False,False,False,False,False,True,True,True,False,1,-0.44358048748327694,0
2026-03-16,68,0.17,0.13,87,69,93,97,99,85,100,82,89.0,3600,3600,,,,,,,,,,,,20.3,3.2,15.7,91,1001.5,31.2,21.1,60.333333333333336,62.42857142857143,9.0,-8.0,-10.640677966101691,0.19333333333333336,0.14,0.12000000000000001,0.1,0.14891525423728816,0.11333333333333336,0.1771428571428571,0.07,-0.06,0.061292517006802716,72.0,70.71428571428571,29.0,4.0,9.827118644067795,55.666666666666664,53.42857142857143,20.0,-1.0,-4.067796610169495,91.0,84.0,3.0,12.0,8.359322033898309,86.66666666666667,74.42857142857143,6.0,14.0,17.718644067796603,69.0,72.57142857142857,68.0,3.0,13.383050847457625,83.66666666666667,79.0,-10.0,7.0,8.799999999999997,81.66666666666667,90.85714285714286,39.0,0.0,24.200000000000003,60.0,60.714285714285715,50.0,2.0,8.033898305084747,92.0,94.42857142857143,-5.0,-9.0,3.6494845360824684,6600.0,6557.142857142857,1800.0,-3600.0,-1266.1016949152545,2400.0,1542.857142857143,3600.0,2700.0,-213.5593220338983,,,,,,,,,,,,,,,,,,,,,,,,,,,,,,,,,,,,,,,,,,,,,,,,,,,,,,,,15.433333333333332,20.857142857142858,8.200000000000001,-2.6999999999999993,0.37864406779661053,4.666666666666666,5.757142857142857,-1.5999999999999996,4.6,-6.9793220338983035,11.233333333333333,13.271428571428572,7.399999999999999,7.699999999999999,0.9003389830508475,65.66666666666667,66.71428571428571,28.0,14.0,23.45084745762712,1014.6333333333336,1014.1428571428571,-22.59999999999991,-10.200000000000045,-15.723050847457557,22.63333333333333,19.75714285714286,14.5,1.5999999999999979,14.805762711864407,7.366666666666668,6.242857142857143,20.1,3.5,17.769830508474577,22.59999999999991,16.799999999999955,True,7.399999999999999,6.0,0,3,2,False,False,False,False,False,False,True,True,True,1,-0.46086680226855553,1
2026-03-17,68,0.12,0.23,67,70,83,83,61,88,73,49,99.0,0,1800,,,,,,,,,,,,4.3,-1.9,1.4,50,1014.8,25.5,0.2,65.0,64.42857142857143,0.0,14.0,-10.640677966101691,0.11333333333333336,0.13,-0.05000000000000002,-0.24,0.09891525423728813,0.14,0.17857142857142858,0.1,0.08000000000000002,0.16129251700680272,70.66666666666667,71.0,-20.0,-4.0,-10.172881355932205,62.666666666666664,59.142857142857146,1.0,21.0,-3.067796610169495,88.66666666666667,84.57142857142857,-10.0,-7.0,-1.6406779661016913,90.33333333333333,83.0,-14.0,11.0,3.7186440677966033,63.666666666666664,68.14285714285714,-38.0,-16.0,-24.616949152542375,89.33333333333333,80.57142857142857,3.0,17.0,11.799999999999997,78.0,88.28571428571429,-27.0,-11.0,-2.799999999999997,54.333333333333336,58.714285714285715,-33.0,-17.0,-24.966101694915253,94.0,95.0,10.0,6.0,13.649484536082468,1800.0,5014.285714285715,-3600.0,-14400.0,-4866.1016949152545,1800.0,1800.0,-1800.0,-1800.0,-2013.5593220338983,,,,,,,,,,,,,,,,,,,,,,,,,,,,,,,,,,,,,,,,,,,,,,,,,,,,,,,,12.233333333333334,18.185714285714287,-16.0,-9.600000000000001,-15.62135593220339,2.0333333333333328,4.685714285714285,-5.1,-7.9,-12.079322033898304,8.466666666666665,11.400000000000002,-14.299999999999999,-8.299999999999999,-13.399661016949151,68.0,65.28571428571429,-41.0,7.0,-17.54915254237288,1013.4666666666668,1013.9142857142858,13.299999999999955,-3.5,-2.4230508474576027,24.466666666666665,21.985714285714284,-5.699999999999999,5.5,9.105762711864408,7.4333333333333345,6.271428571428572,-20.900000000000002,0.2,-3.1301694915254235,-13.299999999999955,9.299999999999955,True,14.299999999999999,6.9,1,3,2,False,False,False,False,False,True,True,False,False,1,-0.47529828641185046,1
2026-03-18,61,-0.27,-0.01,65,58,86,94,71,75,50,52,99.0,0,3600,,,,,,,,,,,,4.1,-4.2,-0.4,53,1028.7,14.0,0.0,65.66666666666667,65.57142857142857,-7.0,2.0,-17.64067796610169,0.006666666666666691,0.05571428571428573,-0.39,-0.32,-0.29108474576271187,0.1166666666666667,0.13857142857142857,-0.24000000000000002,-0.06999999999999999,-0.07870748299319728,73.0,72.14285714285714,-2.0,7.0,-12.172881355932205,65.66666666666667,61.42857142857143,-12.0,9.0,-15.067796610169495,87.33333333333333,85.28571428571429,3.0,-4.0,1.3593220338983087,91.33333333333333,86.14285714285714,11.0,3.0,14.718644067796603,77.0,73.71428571428571,10.0,40.0,-14.616949152542375,82.66666666666667,81.28571428571429,-13.0,-20.0,-1.2000000000000028,74.33333333333333,81.14285714285714,-23.0,-11.0,-25.799999999999997,61.0,60.57142857142857,3.0,20.0,-21.966101694915253,95.66666666666667,95.71428571428571,0.0,5.0,13.649484536082468,1200.0,4114.285714285715,0.0,-1800.0,-4866.1016949152545,3000.0,2185.714285714286,1800.0,3600.0,-213.5593220338983,,,,,,,,,,,,,,,,,,,,,,,,,,,,,,,,,,,,,,,,,,,,,,,,,,,,,,,,9.566666666666666,14.885714285714286,-0.20000000000000018,-8.0,-15.82135593220339,-0.9666666666666671,3.0,-2.3000000000000003,-9.0,-14.379322033898305,5.5666666666666655,8.928571428571429,-1.7999999999999998,-8.700000000000001,-15.199661016949152,64.66666666666667,63.857142857142854,3.0,-10.0,-14.54915254237288,1015.0000000000001,1015.6857142857143,13.900000000000091,4.600000000000136,11.476949152542488,23.566666666666663,22.614285714285717,-11.5,-2.6999999999999993,-2.3942372881355922,7.100000000000001,6.271428571428572,-0.2,-1.0,-3.3301694915254236,-13.900000000000091,-27.200000000000045,True,1.7999999999999998,16.099999999999998,2,3,2,False,False,False,False,False,True,True,False,False,0,-0.42068896608669265,0
2026-03-19,70,-0.15,0.06,84,97,95,91,95,90,85,70,99.0,1800,900,,,,,,,,,,,,12.9,-0.4,5.6,65,1024.2,10.6,0.0,66.33333333333333,65.14285714285714,9.0,2.0,-8.640677966101691,-0.09999999999999998,0.05000000000000001,0.12000000000000002,-0.32,-0.17108474576271185,0.09333333333333337,0.11571428571428573,0.06999999999999999,-0.07,-0.00870748299319729,72.0,73.57142857142857,19.0,-3.0,6.827118644067795,75.0,66.0,39.0,28.0,23.932203389830505,88.0,88.28571428571429,9.0,2.0,10.359322033898309,89.33333333333333,87.28571428571429,-3.0,-6.0,11.718644067796603,75.66666666666667,75.71428571428571,24.0,-4.0,9.383050847457625,84.33333333333333,83.14285714285714,15.0,5.0,13.799999999999997,69.33333333333333,79.0,35.0,-15.0,9.200000000000003,57.0,61.57142857142857,18.0,-12.0,-3.9661016949152526,99.0,95.85714285714286,0.0,10.0,13.649484536082468,600.0,4114.285714285715,1800.0,-1800.0,-3066.1016949152545,2100.0,2057.1428571428573,-2700.0,-2700.0,-2913.5593220338983,,,,,,,,,,,,,,,,,,,,,,,,,,,,,,,,,,,,,,,,,,,,,,,,,,,,,,,,7.1000000000000005,12.942857142857141,8.8,-7.4,-7.02135593220339,-2.1666666666666674,0.8714285714285709,3.8000000000000003,-3.6,-10.579322033898304,2.199999999999999,6.9,6.0,-10.1,-9.199661016949152,56.0,63.142857142857146,12.0,-26.0,-2.5491525423728802,1022.566666666667,1017.6142857142858,-4.5,22.700000000000045,6.976949152542488,16.699999999999996,21.085714285714285,-3.4000000000000004,-20.6,-5.794237288135593,0.06666666666666786,5.700000000000001,0.0,-21.1,-3.3301694915254236,4.5,-9.400000000000091,False,6.0,4.199999999999999,3,3,2,False,False,False,False,False,False,False,True,False,0,-0.41895428904606746,0
2026-03-20,71,-0.07,0.0,72,96,88,78,58,72,97,57,95.0,1800,900,,,,,,,,,,,,21.5,3.4,11.1,67,1015.8,17.7,3.0,67.33333333333333,64.42857142857143,1.0,3.0,-7.640677966101691,-0.16333333333333333,0.030000000000000006,0.07999999999999999,-0.19,-0.09108474576271187,0.016666666666666684,0.08857142857142856,-0.06,-0.23,-0.06870748299319729,73.66666666666667,72.0,-12.0,5.0,-5.172881355932205,83.66666666666667,69.71428571428571,-1.0,26.0,22.932203389830505,89.66666666666667,89.28571428571429,-7.0,5.0,3.3593220338983087,87.66666666666667,86.57142857142857,-13.0,-5.0,-1.2813559322033967,74.66666666666667,70.28571428571429,-37.0,-3.0,-27.616949152542375,79.0,82.28571428571429,-18.0,-16.0,-4.200000000000003,77.33333333333333,78.57142857142857,12.0,24.0,21.200000000000003,59.666666666666664,58.285714285714285,-13.0,8.0,-16.966101694915253,97.66666666666667,95.42857142857143,-4.0,-4.0,9.649484536082468,1200.0,3342.8571428571427,0.0,1800.0,-3066.1016949152545,1800.0,2057.1428571428573,0.0,-900.0,-2913.5593220338983,,,,,,,,,,,,,,,,,,,,,,,,,,,,,,,,,,,,,,,,,,,,,,,,,,,,,,,,12.833333333333334,12.728571428571428,8.6,17.2,1.5786440677966098,-0.40000000000000036,1.5571428571428567,3.8,5.3,-6.779322033898303,5.433333333333333,7.342857142857143,5.5,9.7,-3.699661016949152,61.666666666666664,61.714285714285715,2.0,17.0,-0.5491525423728802,1022.9000000000001,1018.1999999999999,-8.400000000000091,1.0,-1.4230508474576027,14.1,19.385714285714283,7.1,-7.800000000000001,1.305762711864407,1.000000000000001,3.6142857142857143,3.0,2.8,-0.33016949152542363,8.400000000000091,12.900000000000091,True,5.5,11.5,4,3,2,False,False,False,False,False,False,False,True,True,0,-0.4186163773899973,0
2026-03-21,74,-0.31,-0.22,76,74,93,81,84,86,54,69,86.0,1800,7200,,,,,,,,,,,,18.9,9.7,14.0,75,1011.3,13.8,3.9,71.66666666666667,67.28571428571429,3.0,13.0,-4.640677966101691,-0.17666666666666664,-0.06571428571428571,-0.24,-0.03999999999999998,-0.33108474576271185,-0.053333333333333316,0.03571428571428571,-0.22,-0.21,-0.28870748299319726,77.33333333333333,72.71428571428571,4.0,11.0,-1.1728813559322049,89.0,73.28571428571429,-22.0,16.0,0.9322033898305051,92.0,89.71428571428571,5.0,7.0,8.359322033898309,83.33333333333333,87.85714285714286,3.0,-13.0,1.7186440677966033,79.0,71.28571428571429,26.0,13.0,-1.6169491525423751,82.66666666666667,84.42857142857143,14.0,11.0,9.799999999999997,78.66666666666667,74.28571428571429,-43.0,4.0,-21.799999999999997,65.33333333333333,58.714285714285715,12.0,17.0,-4.9661016949152526,93.33333333333333,94.42857142857143,-9.0,-13.0,0.6494845360824684,1800.0,1542.857142857143,0.0,1800.0,-3066.1016949152545,3000.0,2571.4285714285716,6300.0,3600.0,3386.4406779661017,,,,,,,,,,,,,,,,,,,,,,,,,,,,,,,,,,,,,,,,,,,,,,,,,,,,,,,,17.766666666666666,13.442857142857141,-2.6000000000000014,14.799999999999999,-1.0213559322033916,4.2333333333333325,2.085714285714285,6.299999999999999,13.899999999999999,-0.4793220338983044,10.233333333333333,7.957142857142857,2.9000000000000004,14.4,-0.7996610169491518,69.0,66.28571428571429,8.0,22.0,7.45084745762712,1017.1,1017.2,-4.5,-17.40000000000009,-5.923050847457603,14.033333333333331,18.5,-3.8999999999999986,-0.1999999999999993,-2.5942372881355915,2.300000000000001,4.171428571428572,0.8999999999999999,3.9,0.5698305084745763,4.5,12.900000000000091,False,2.9000000000000004,8.4,5,3,2,False,False,False,False,False,False,False,True,False,0,-0.4319479890649765,0
2026-03-22,51,1.03,0.36,52,70,30,75,57,29,30,61,97.0,10800,900,,,,,,,,,,,,27.4,8.2,16.8,68,1008.3,17.8,0.0,65.33333333333333,66.14285714285714,-23.0,-19.0,-27.64067796610169,0.2166666666666667,0.07428571428571429,1.34,1.18,1.0089152542372881,0.04666666666666668,0.07857142857142858,0.58,0.3,0.2912925170068027,66.66666666666667,71.85714285714286,-24.0,-32.0,-25.172881355932205,80.0,76.28571428571429,-4.0,-27.0,-3.067796610169495,70.33333333333333,81.14285714285714,-63.0,-65.0,-54.64067796610169,78.0,85.57142857142857,-6.0,-16.0,-4.281355932203397,66.33333333333333,75.0,-27.0,-38.0,-28.616949152542375,62.333333333333336,75.0,-57.0,-61.0,-47.2,60.333333333333336,69.85714285714286,-24.0,-55.0,-45.8,62.333333333333336,62.857142857142854,-8.0,-9.0,-12.966101694915253,92.66666666666667,94.85714285714286,11.0,-2.0,11.649484536082468,4800.0,2828.5714285714284,9000.0,9000.0,5933.8983050847455,3000.0,2700.0,-6300.0,0.0,-2913.5593220338983,,,,,,,,,,,,,,,,,,,,,,,,,,,,,,,,,,,,,,,,,,,,,,,,,,,,,,,,22.599999999999998,15.62857142857143,8.5,14.499999999999998,7.478644067796608,7.099999999999999,2.5714285714285707,-1.5,8.6,-1.9793220338983044,13.966666666666667,9.171428571428574,2.8000000000000007,11.200000000000001,2.000338983050849,70.0,67.0,-7.0,3.0,0.45084745762711975,1011.8000000000002,1014.9428571428572,-3.0,-15.900000000000091,-8.923050847457603,16.433333333333334,18.657142857142855,4.0,7.200000000000001,1.4057627118644085,2.300000000000001,4.028571428571429,-3.9,0.0,-3.3301694915254236,3.0,7.5,False,2.8000000000000007,5.700000000000001,6,3,2,False,False,False,True,True,True,True,True,False,1,-0.5164840182333208,1
2026-03-23,44,1.4,0.49,68,23,46,81,100,51,1,100,79.0,900,7200,,,,,,,,,,,,18.4,5.3,13.2,68,1011.7,30.2,2.0,56.333333333333336,62.714285714285715,-7.0,-27.0,-34.64067796610169,0.7066666666666667,0.25,0.3699999999999999,1.47,1.378915254237288,0.21,0.12999999999999998,0.13,0.49,0.4212925170068027,65.33333333333333,69.14285714285714,16.0,-4.0,-9.172881355932205,55.666666666666664,69.71428571428571,-47.0,-73.0,-50.067796610169495,56.333333333333336,74.42857142857143,16.0,-42.0,-38.64067796610169,79.0,83.28571428571429,6.0,3.0,1.7186440677966033,80.33333333333333,75.14285714285714,43.0,42.0,14.383050847457625,55.333333333333336,70.14285714285714,22.0,-21.0,-25.200000000000003,28.333333333333332,55.714285714285715,-29.0,-96.0,-74.8,76.66666666666667,65.42857142857143,39.0,43.0,26.033898305084747,87.33333333333333,93.42857142857143,-18.0,-16.0,-6.350515463917532,4500.0,2442.8571428571427,-9900.0,-900.0,-3966.1016949152545,5100.0,3214.285714285714,6300.0,6300.0,3386.4406779661017,,,,,,,,,,,,,,,,,,,,,,,,,,,,,,,,,,,,,,,,,,,,,,,,,,,,,,,,21.566666666666663,15.357142857142858,-9.0,-3.1000000000000014,-1.5213559322033916,7.733333333333333,2.8714285714285706,-2.8999999999999995,1.9,-4.879322033898304,14.666666666666666,8.814285714285715,-3.6000000000000014,2.0999999999999996,-1.5996610169491525,70.33333333333333,63.714285714285715,0.0,1.0,0.45084745762711975,1010.4333333333334,1016.4,3.400000000000091,-4.099999999999909,-5.523050847457512,20.599999999999998,18.514285714285712,12.399999999999999,12.5,13.805762711864407,1.966666666666668,1.3,2.0,-1.0,-1.3301694915254236,-3.400000000000091,-0.40000000000009095,False,3.6000000000000014,0.8000000000000007,0,3,2,False,False,False,True,True,False,True,True,False,1,-0.5029285648755034,1
2026-03-24,79,-0.1,0.06,79,72,95,83,100,83,40,79,89.0,1800,10800,,,,,,,,,,,,9.7,-0.5,4.9,52,1029.2,20.3,0.0,58.0,64.28571428571429,35.0,5.0,0.35932203389830875,0.7766666666666667,0.21857142857142856,-1.5,0.21,-0.12108474576271187,0.3033333333333333,0.10571428571428572,-0.43,0.28,-0.00870748299319729,66.33333333333333,70.85714285714286,11.0,3.0,1.8271186440677951,55.0,70.0,49.0,-2.0,-1.067796610169495,57.0,76.14285714285714,49.0,2.0,10.359322033898309,79.66666666666667,83.28571428571429,2.0,2.0,3.7186440677966033,85.66666666666667,80.71428571428571,0.0,16.0,14.383050847457625,54.333333333333336,69.42857142857143,32.0,-3.0,6.799999999999997,23.666666666666668,51.0,39.0,-14.0,-35.8,80.0,69.71428571428571,-21.0,10.0,5.0338983050847474,88.33333333333333,92.0,10.0,3.0,3.6494845360824684,4500.0,2700.0,900.0,0.0,-3066.1016949152545,6300.0,4500.0,3600.0,3600.0,6986.440677966102,,,,,,,,,,,,,,,,,,,,,,,,,,,,,,,,,,,,,,,,,,,,,,,,,,,,,,,,18.5,16.12857142857143,-8.7,-9.2,-10.221355932203391,4.333333333333332,3.0714285714285703,-5.8,-10.2,-10.679322033898304,11.633333333333333,9.314285714285715,-8.299999999999999,-9.1,-9.899661016949151,62.666666666666664,64.0,-16.0,-23.0,-15.54915254237288,1016.4000000000002,1018.4571428571428,17.5,17.90000000000009,11.976949152542488,22.766666666666666,17.771428571428572,-9.899999999999999,6.5,3.9057627118644085,0.6666666666666679,1.2714285714285716,-2.0,-3.9,-3.3301694915254236,-17.5,-20.90000000000009,True,8.299999999999999,11.9,1,3,2,False,False,False,False,False,False,False,True,False,0,-0.4621209612465603,1
2026-03-25,87,-0.09,0.68,87,62,90,86,89,80,97,93,93.0,0,2700,,,,,,,,,,,,14.0,2.5,7.9,57,1026.1,16.4,0.0,70.0,68.0,8.0,36.0,8.359322033898309,0.4033333333333334,0.24428571428571427,0.010000000000000009,-1.12,-0.11108474576271186,0.41,0.20428571428571432,0.6200000000000001,0.32000000000000006,0.6112925170068028,78.0,74.0,8.0,35.0,9.827118644067795,52.333333333333336,70.57142857142857,-10.0,-8.0,-11.067796610169495,77.0,76.71428571428571,-5.0,60.0,5.359322033898309,83.33333333333333,82.14285714285714,3.0,11.0,6.718644067796603,96.33333333333333,83.28571428571429,-11.0,32.0,3.383050847457625,71.33333333333333,70.14285714285714,-3.0,51.0,3.799999999999997,46.0,57.714285714285715,57.0,67.0,21.200000000000003,90.66666666666667,75.57142857142857,14.0,32.0,19.033898305084747,87.0,91.14285714285714,4.0,-4.0,7.649484536082468,900.0,2700.0,-1800.0,-10800.0,-4866.1016949152545,6900.0,4371.428571428572,-8100.0,1800.0,-1113.5593220338983,,,,,,,,,,,,,,,,,,,,,,,,,,,,,,,,,,,,,,,,,,,,,,,,,,,,,,,,14.033333333333331,17.54285714285714,4.300000000000001,-13.399999999999999,-5.92135593220339,2.4333333333333327,4.028571428571428,3.0,-5.699999999999999,-7.679322033898304,8.666666666666666,10.500000000000002,3.0,-8.9,-6.8996610169491515,59.0,64.57142857142857,5.0,-11.0,-10.54915254237288,1022.3333333333335,1018.0857142857143,-3.1000000000001364,17.799999999999955,8.876949152542352,22.299999999999997,18.114285714285714,-3.900000000000002,-1.4000000000000021,0.005762711864406356,0.6666666666666679,1.2714285714285716,0.0,0.0,-3.3301694915254236,3.1000000000001364,-14.399999999999864,False,3.0,5.299999999999999,2,3,2,False,False,False,False,False,False,False,False,False,0,-0.43534744921360174,0
2026-03-26,87,-0.14,0.51,86,66,90,97,98,69,98,89,93.0,900,7200,,,,,,,,,,,,26.3,9.5,17.7,52,1013.6,22.4,0.0,84.33333333333333,70.42857142857143,0.0,43.0,8.359322033898309,-0.10999999999999993,0.24571428571428572,-0.05000000000000002,-1.54,-0.16108474576271187,0.4166666666666667,0.26857142857142857,-0.17000000000000004,0.020000000000000018,0.4412925170068027,84.0,74.28571428571429,-1.0,18.0,8.827118644067795,66.66666666666667,66.14285714285714,4.0,43.0,-7.067796610169495,91.66666666666667,76.0,0.0,44.0,5.359322033898309,88.66666666666667,83.0,11.0,16.0,17.718644067796603,95.66666666666667,83.71428571428571,9.0,-2.0,12.383050847457625,77.33333333333333,67.14285714285714,-11.0,18.0,-7.200000000000003,78.33333333333333,59.57142857142857,1.0,97.0,22.200000000000003,87.0,78.28571428571429,-4.0,-11.0,15.033898305084747,91.66666666666667,90.28571428571429,0.0,14.0,7.649484536082468,900.0,2571.4285714285716,900.0,0.0,-3966.1016949152545,6900.0,5271.428571428572,4500.0,0.0,3386.4406779661017,,,,,,,,,,,,,,,,,,,,,,,,,,,,,,,,,,,,,,,,,,,,,,,,,,,,,,,,16.666666666666668,19.457142857142856,12.3,7.900000000000002,6.3786440677966105,3.8333333333333326,5.442857142857142,7.0,4.2,-0.6793220338983037,10.166666666666666,12.22857142857143,9.799999999999999,4.5,2.9003389830508475,53.666666666666664,62.714285714285715,-5.0,-16.0,-15.54915254237288,1022.9666666666667,1016.5714285714286,-12.499999999999886,1.8999999999999773,-3.6230508474575345,19.7,19.8,6.0,-7.800000000000001,6.005762711864406,0.0,1.2714285714285716,0.0,-2.0,-3.3301694915254236,12.499999999999886,15.600000000000023,True,9.799999999999999,12.799999999999999,3,3,2,False,False,False,False,False,False,False,True,True,0,-0.4465647326801584,0
2026-03-27,90,-0.34,-0.16,86,64,86,75,99,79,80,95,88.0,900,9900,,,,,,,,,,,,22.3,4.0,13.1,76,1014.6,21.8,10.3,88.0,73.14285714285714,3.0,11.0,11.359322033898309,-0.18999999999999995,0.20714285714285716,-0.2,-0.24000000000000002,-0.3610847457627119,0.3433333333333333,0.24571428571428572,-0.67,-0.22,-0.2287074829931973,86.33333333333333,76.28571428571429,0.0,7.0,8.827118644067795,64.0,61.57142857142857,-2.0,-8.0,-9.067796610169495,88.66666666666667,75.71428571428571,-4.0,-9.0,1.3593220338983087,86.0,82.57142857142857,-22.0,-8.0,-4.281355932203397,95.33333333333333,89.57142857142857,1.0,-1.0,13.383050847457625,76.0,68.14285714285714,10.0,-4.0,2.799999999999997,91.66666666666667,57.142857142857146,-18.0,40.0,4.200000000000003,92.33333333333333,83.71428571428571,6.0,16.0,21.033898305084747,91.33333333333333,89.28571428571429,-5.0,-1.0,2.6494845360824684,600.0,2442.8571428571427,0.0,-900.0,-3966.1016949152545,6600.0,6557.142857142857,2700.0,-900.0,6086.440677966102,,,,,,,,,,,,,,,,,,,,,,,,,,,,,,,,,,,,,,,,,,,,,,,,,,,,,,,,20.866666666666664,19.571428571428573,-4.0,12.600000000000001,2.3786440677966105,5.333333333333333,5.528571428571428,-5.5,4.5,-6.179322033898304,12.9,12.514285714285716,-4.6,8.2,-1.6996610169491522,61.666666666666664,64.0,24.0,24.0,8.45084745762712,1018.1,1016.4,1.0,-14.600000000000023,-2.6230508474575345,20.2,20.385714285714283,-0.5999999999999979,1.5,5.4057627118644085,3.433333333333335,2.314285714285714,10.3,10.3,6.969830508474577,-1.0,11.499999999999886,False,4.6,5.199999999999999,4,3,2,False,False,False,False,False,False,False,True,False,0,-0.4167014193360376,0
2026-03-28,93,-0.42,-0.19,90,80,83,89,100,80,79,100,88.0,900,1800,,,,,,,,,,,,8.8,0.4,4.7,50,1031.0,22.3,0.0,90.0,75.85714285714286,3.0,6.0,14.359322033898309,-0.29999999999999993,0.19142857142857145,-0.07999999999999996,-0.32999999999999996,-0.44108474576271184,0.05333333333333337,0.25,-0.03,-0.8700000000000001,-0.2587074829931973,87.33333333333333,78.28571428571429,4.0,3.0,12.827118644067795,70.0,62.42857142857143,16.0,18.0,6.932203389830505,86.33333333333333,74.28571428571429,-3.0,-7.0,-1.6406779661016913,87.0,83.71428571428571,14.0,3.0,9.718644067796603,99.0,91.85714285714286,1.0,11.0,14.383050847457625,76.0,67.28571428571429,1.0,0.0,3.799999999999997,85.66666666666667,60.714285714285715,-1.0,-18.0,3.200000000000003,94.66666666666667,88.14285714285714,5.0,7.0,26.033898305084747,89.66666666666667,89.57142857142857,0.0,-5.0,2.6494845360824684,900.0,2314.285714285714,0.0,900.0,-3966.1016949152545,6300.0,5785.714285714285,-8100.0,-900.0,-2013.5593220338983,,,,,,,,,,,,,,,,,,,,,,,,,,,,,,,,,,,,,,,,,,,,,,,,,,,,,,,,19.133333333333333,18.12857142857143,-13.5,-5.199999999999999,-11.12135593220339,4.633333333333333,4.199999999999998,-3.6,-2.1,-9.779322033898303,11.833333333333334,11.185714285714287,-8.399999999999999,-3.2,-10.099661016949153,59.333333333333336,60.42857142857143,-26.0,-7.0,-17.54915254237288,1019.7333333333336,1019.2142857142857,16.399999999999977,4.900000000000091,13.776949152542443,22.166666666666668,21.599999999999998,0.5,5.900000000000002,5.9057627118644085,3.433333333333335,1.757142857142857,-10.3,0.0,-3.3301694915254236,-16.399999999999977,-17.399999999999977,True,8.399999999999999,13.0,5,3,2,False,False,False,False,False,False,False,True,False,0,-0.4500328967089036,0
2026-03-29,85,-0.37,-0.24,69,81,48,62,75,65,83,70,85.0,900,9900,,,,,,,,,,,,15.6,-0.8,7.8,47,1032.6,20.4,0.0,89.33333333333333,80.71428571428571,-8.0,-2.0,6.359322033898309,-0.37666666666666665,-0.008571428571428587,0.04999999999999999,-0.22999999999999998,-0.39108474576271185,-0.19666666666666663,0.1642857142857143,-0.04999999999999999,-0.75,-0.3087074829931973,81.66666666666667,80.71428571428571,-21.0,-17.0,-8.172881355932205,75.0,64.0,1.0,15.0,7.932203389830505,72.33333333333333,76.85714285714286,-35.0,-42.0,-36.64067796610169,75.33333333333333,81.85714285714286,-27.0,-35.0,-17.281355932203397,91.33333333333333,94.42857142857143,-25.0,-23.0,-10.616949152542375,74.66666666666667,72.42857142857143,-15.0,-4.0,-11.200000000000003,80.66666666666667,68.28571428571429,4.0,-15.0,7.200000000000003,88.33333333333333,89.42857142857143,-30.0,-19.0,-3.9661016949152526,87.0,87.85714285714286,-3.0,-8.0,-0.35051546391753163,900.0,900.0,0.0,0.0,-3966.1016949152545,7200.0,7071.428571428572,8100.0,2700.0,6086.440677966102,,,,,,,,,,,,,,,,,,,,,,,,,,,,,,,,,,,,,,,,,,,,,,,,,,,,,,,,15.566666666666668,16.442857142857143,6.799999999999999,-10.700000000000001,-4.3213559322033905,1.1999999999999995,2.914285714285714,-1.2000000000000002,-10.3,-10.979322033898304,8.533333333333333,9.900000000000002,3.0999999999999996,-9.899999999999999,-6.999661016949152,57.666666666666664,57.42857142857143,-3.0,-5.0,-20.54915254237288,1026.0666666666668,1022.6857142857143,1.599999999999909,18.999999999999886,15.376949152542352,21.5,21.97142857142857,-1.9000000000000021,-2.0,4.005762711864406,3.433333333333335,1.757142857142857,0.0,0.0,-3.3301694915254236,-1.599999999999909,-17.999999999999886,False,3.0999999999999996,5.3,6,3,2,False,False,False,False,False,False,False,True,False,0,-0.4524426739636264,1
2026-03-30,81,-0.26,-0.29,79,71,97,70,79,70,100,76,85.0,900,9000,,,,,,,,,,,,20.8,10.4,14.9,59,1023.9,19.7,1.7,86.33333333333333,86.0,-4.0,-9.0,2.3593220338983087,-0.3499999999999999,-0.24571428571428572,0.10999999999999999,0.08000000000000002,-0.28108474576271186,-0.2399999999999999,0.05285714285714287,-0.04999999999999999,-0.12999999999999998,-0.35870748299319727,79.33333333333333,82.28571428571429,10.0,-7.0,1.8271186440677951,77.33333333333333,70.85714285714286,-10.0,7.0,-2.067796610169495,76.0,84.14285714285714,49.0,11.0,12.359322033898309,73.66666666666667,80.28571428571429,8.0,-5.0,-9.281355932203397,84.66666666666667,91.42857142857143,4.0,-20.0,-6.616949152542375,71.66666666666667,75.14285714285714,5.0,-9.0,-6.200000000000003,87.33333333333333,82.42857142857143,17.0,20.0,24.200000000000003,82.0,86.0,6.0,-19.0,2.0338983050847474,86.0,88.71428571428571,0.0,-3.0,-0.35051546391753163,900.0,900.0,0.0,0.0,-3966.1016949152545,6900.0,7328.571428571428,-900.0,-900.0,5186.440677966102,,,,,,,,,,,,,,,,,,,,,,,,,,,,,,,,,,,,,,,,,,,,,,,,,,,,,,,,15.066666666666668,16.785714285714285,5.200000000000001,-1.5,0.8786440677966105,3.3333333333333326,3.6428571428571423,11.200000000000001,6.4,0.22067796610169665,9.133333333333333,10.142857142857142,7.1000000000000005,1.8000000000000007,0.10033898305084854,52.0,56.142857142857146,12.0,-17.0,-8.54915254237288,1029.1666666666667,1024.4285714285713,-8.699999999999932,9.299999999999955,6.67694915254242,20.8,20.47142857142857,-0.6999999999999993,-2.1000000000000014,3.305762711864407,0.5666666666666679,1.714285714285714,1.7,-8.600000000000001,-1.6301694915254237,8.699999999999932,7.100000000000023,True,7.1000000000000005,10.2,0,3,2,False,False,False,False,False,False,False,True,True,0,-0.41329791641837316,0
2026-03-31,92,-0.13,-0.26,89,71,97,86,96,85,100,89,77.0,0,9000,,,,,,,,,,,,28.5,15.7,21.9,51,1017.8,22.2,0.0,86.0,87.85714285714286,11.0,-1.0,13.359322033898309,-0.25333333333333324,-0.25,0.13,0.29,-0.15108474576271186,-0.26333333333333325,0.00714285714285715,0.02999999999999997,-0.07,-0.3287074829931973,79.0,83.71428571428571,10.0,-1.0,11.827118644067795,74.33333333333333,70.71428571428571,0.0,-9.0,-2.067796610169495,80.66666666666667,84.42857142857143,0.0,14.0,12.359322033898309,72.66666666666667,80.71428571428571,16.0,-3.0,6.718644067796603,83.33333333333333,90.85714285714286,17.0,-4.0,10.383050847457625,73.33333333333333,75.42857142857143,15.0,5.0,8.799999999999997,94.33333333333333,91.0,0.0,21.0,24.200000000000003,78.33333333333333,87.42857142857143,13.0,-11.0,15.033898305084747,82.33333333333333,87.0,-8.0,-11.0,-8.350515463917532,600.0,642.8571428571429,-900.0,-900.0,-4866.1016949152545,9300.0,7071.428571428572,0.0,7200.0,5186.440677966102,,,,,,,,,,,,,,,,,,,,,,,,,,,,,,,,,,,,,,,,,,,,,,,,,,,,,,,,21.633333333333336,19.47142857142857,7.699999999999999,19.7,8.57864406779661,8.433333333333332,5.957142857142856,5.299999999999999,15.299999999999999,5.520677966101696,14.866666666666665,12.571428571428573,6.999999999999998,17.2,7.100338983050847,52.333333333333336,56.0,-8.0,1.0,-16.54915254237288,1024.7666666666667,1022.8,-6.100000000000023,-13.200000000000045,0.5769491525423973,20.766666666666666,20.74285714285714,2.5,-0.10000000000000142,5.805762711864407,0.5666666666666679,1.714285714285714,-1.7,0.0,-3.3301694915254236,6.100000000000023,14.799999999999955,True,6.999999999999998,14.099999999999998,1,3,2,False,False,False,False,False,False,False,False,True,0,-0.4272238440700464,0
2026-04-01,95,-0.21,-0.25,94,95,96,91,96,91,92,95,83.0,3600,3600,,,,,,,,,,,,30.1,18.6,23.6,55,1017.1,21.2,0.9,89.33333333333333,89.0,3.0,10.0,16.35932203389831,-0.19999999999999993,-0.2671428571428572,-0.07999999999999999,0.16,-0.23108474576271185,-0.2666666666666666,-0.12571428571428572,0.010000000000000009,-0.010000000000000009,-0.3187074829931973,87.33333333333333,84.71428571428571,5.0,25.0,16.827118644067795,79.0,75.42857142857143,24.0,14.0,21.932203389830505,96.66666666666667,85.28571428571429,-1.0,48.0,11.359322033898309,82.33333333333333,81.42857142857143,5.0,29.0,11.718644067796603,90.33333333333333,91.85714285714286,0.0,21.0,10.383050847457625,82.0,77.0,6.0,26.0,14.799999999999997,97.33333333333333,90.28571428571429,-8.0,9.0,16.200000000000003,86.66666666666667,87.71428571428571,6.0,25.0,21.033898305084747,81.66666666666667,85.57142857142857,6.0,-2.0,-2.3505154639175316,1500.0,1157.142857142857,3600.0,2700.0,-1266.1016949152545,7200.0,7200.0,-5400.0,-6300.0,-213.5593220338983,,,,,,,,,,,,,,,,,,,,,,,,,,,,,,,,,,,,,,,,,,,,,,,,,,,,,,,,26.46666666666667,21.771428571428572,1.6000000000000014,14.500000000000002,10.178644067796611,14.9,8.257142857142856,2.900000000000002,19.400000000000002,8.420677966101698,20.133333333333336,14.814285714285715,1.7000000000000028,15.8,8.80033898305085,55.0,55.714285714285715,4.0,8.0,-12.54915254237288,1019.6,1021.5142857142857,-0.6999999999999318,-15.499999999999886,-0.12305084745753447,21.03333333333333,21.428571428571427,-1.0,0.8000000000000007,4.805762711864407,0.8666666666666679,1.8428571428571427,0.9,0.9,-2.4301694915254237,0.6999999999999318,6.7999999999999545,False,1.7000000000000028,8.700000000000001,2,4,2,False,False,False,False,False,False,False,True,False,0,-0.44230874642228746,0
2026-04-02,92,-0.27,-0.21,86,67,79,35,100,89,100,100,80.0,0,9000,,,,,,,,,,,,18.6,8.8,13.6,87,1024.6,17.7,0.5,93.0,89.71428571428571,-3.0,11.0,13.359322033898309,-0.20333333333333325,-0.2857142857142857,-0.060000000000000026,-0.010000000000000009,-0.29108474576271187,-0.23999999999999996,-0.2285714285714286,0.04000000000000001,0.07999999999999999,-0.27870748299319725,89.66666666666667,84.71428571428571,-8.0,7.0,8.827118644067795,77.66666666666667,75.57142857142857,-28.0,-4.0,-6.067796610169495,90.66666666666667,83.71428571428571,-17.0,-18.0,-5.640677966101691,70.66666666666667,72.57142857142857,-56.0,-35.0,-44.2813559322034,97.33333333333333,92.14285714285714,4.0,21.0,14.383050847457625,88.33333333333333,79.85714285714286,-2.0,19.0,12.799999999999997,97.33333333333333,90.57142857142857,8.0,0.0,24.200000000000003,94.66666666666667,89.28571428571429,5.0,24.0,26.033898305084747,80.0,83.71428571428571,-3.0,-5.0,-5.350515463917532,1200.0,1028.5714285714287,-3600.0,-900.0,-4866.1016949152545,7200.0,7457.142857142857,5400.0,0.0,5186.440677966102,,,,,,,,,,,,,,,,,,,,,,,,,,,,,,,,,,,,,,,,,,,,,,,,,,,,,,,,25.733333333333334,20.67142857142857,-11.5,-2.1999999999999993,-1.3213559322033888,14.366666666666667,8.157142857142857,-9.8,-1.5999999999999996,-1.379322033898303,19.7,14.22857142857143,-10.000000000000002,-1.3000000000000007,-1.1996610169491522,64.33333333333333,60.714285714285715,32.0,28.0,19.45084745762712,1019.8333333333334,1023.0857142857143,7.499999999999886,0.6999999999999318,7.376949152542352,20.366666666666664,20.75714285714286,-3.5,-2.0,1.305762711864407,0.46666666666666784,1.9142857142857141,-0.4,-1.2,-2.8301694915254236,-7.499999999999886,-6.7999999999999545,True,10.000000000000002,8.299999999999999,3,4,2,False,False,False,False,False,False,False,False,False,0,-0.42571642451221203,0
2026-04-03,94,0.0,-0.07,83,58,90,83,90,78,100,85,76.0,900,6300,,,,,,,,,,,,27.9,7.8,17.3,70,1023.9,15.2,0.1,93.66666666666667,90.28571428571429,2.0,2.0,15.359322033898309,-0.15999999999999992,-0.23714285714285716,0.27,0.13,-0.021084745762711864,-0.1766666666666666,-0.21571428571428572,0.13999999999999999,0.19,-0.1387074829931973,87.66666666666667,84.28571428571429,-3.0,-6.0,5.827118644067795,73.33333333333333,74.71428571428571,-9.0,-13.0,-15.067796610169495,88.33333333333333,84.28571428571429,11.0,-7.0,5.359322033898309,69.66666666666667,73.71428571428571,48.0,-3.0,3.7186440677966033,95.33333333333333,90.85714285714286,-10.0,-6.0,4.383050847457625,86.0,79.71428571428571,-11.0,-7.0,1.7999999999999972,97.33333333333333,93.42857142857143,0.0,0.0,24.200000000000003,93.33333333333333,87.85714285714286,-15.0,-4.0,11.033898305084747,79.66666666666667,82.0,-4.0,-1.0,-9.350515463917532,1500.0,1028.5714285714287,900.0,900.0,-3966.1016949152545,6300.0,6942.857142857143,-2700.0,-2700.0,2486.4406779661017,,,,,,,,,,,,,,,,,,,,,,,,,,,,,,,,,,,,,,,,,,,,,,,,,,,,,,,,25.53333333333333,21.47142857142857,9.299999999999997,-0.6000000000000014,7.978644067796608,11.733333333333333,8.7,-1.0000000000000009,-7.8999999999999995,-2.379322033898304,18.166666666666668,14.828571428571431,3.700000000000001,-4.599999999999998,2.500338983050849,70.66666666666667,59.857142857142854,-17.0,19.0,2.4508474576271198,1021.8666666666668,1024.4142857142856,-0.6999999999999318,6.100000000000023,6.67694915254242,18.03333333333333,19.814285714285713,-2.5,-7.0,-1.194237288135593,0.5000000000000012,0.4571428571428569,-0.4,0.1,-3.2301694915254235,0.6999999999999318,-6.7999999999999545,False,3.700000000000001,6.300000000000001,4,4,2,False,False,False,False,False,False,False,True,False,0,-0.39854202460936144,0
2026-04-04,95,-0.12,-0.16,86,96,93,91,95,78,100,77,84.0,4500,6300,,,,,,,,,,,,30.0,17.5,23.9,56,1018.9,19.3,0.0,93.66666666666667,90.57142857142857,1.0,0.0,16.35932203389831,-0.12999999999999992,-0.19428571428571426,-0.12,0.09,-0.14108474576271185,-0.1466666666666666,-0.21142857142857144,-0.09,0.09,-0.2287074829931973,85.0,83.71428571428571,3.0,-8.0,8.827118644067795,73.66666666666667,77.0,38.0,1.0,22.932203389830505,87.33333333333333,85.71428571428571,3.0,-3.0,8.359322033898309,69.66666666666667,74.0,8.0,0.0,11.718644067796603,95.0,90.14285714285714,5.0,-1.0,9.383050847457625,81.66666666666667,79.42857142857143,0.0,-13.0,1.7999999999999972,100.0,96.42857142857143,0.0,8.0,24.200000000000003,87.33333333333333,84.57142857142857,-8.0,-18.0,3.0338983050847474,80.0,81.42857142857143,8.0,1.0,-1.3505154639175316,1800.0,1542.857142857143,3600.0,900.0,-366.1016949152545,7200.0,7585.714285714285,0.0,2700.0,2486.4406779661017,,,,,,,,,,,,,,,,,,,,,,,,,,,,,,,,,,,,,,,,,,,,,,,,,,,,,,,,25.5,24.5,2.1000000000000014,-0.10000000000000142,10.07864406779661,11.366666666666665,11.142857142857142,9.7,-1.1000000000000014,7.320677966101696,18.266666666666666,17.571428571428573,6.599999999999998,0.29999999999999716,9.100338983050847,71.0,60.714285714285715,-14.0,1.0,-11.54915254237288,1022.4666666666667,1022.6857142857142,-5.0,1.7999999999999545,1.67694915254242,17.399999999999995,19.385714285714283,4.100000000000001,-1.8999999999999986,2.9057627118644085,0.20000000000000118,0.4571428571428569,-0.1,-0.9,-3.3301694915254236,5.0,5.699999999999932,False,6.599999999999998,10.299999999999999,5,4,2,False,False,False,False,False,False,False,True,False,0,-0.40361976676020844,0
2026-04-05,93,-0.3,-0.2,85,85,76,81,96,84,65,91,85.0,900,4500,,,,,,,,,,,,23.2,10.6,18.0,67,1012.7,26.8,15.1,94.0,91.71428571428571,-2.0,1.0,14.359322033898309,-0.13999999999999993,-0.1842857142857143,-0.18,-0.02999999999999997,-0.32108474576271184,-0.14333333333333328,-0.2057142857142857,-0.04000000000000001,0.009999999999999981,-0.2687074829931973,84.66666666666667,86.0,-1.0,-1.0,7.827118644067795,79.66666666666667,77.57142857142857,-11.0,18.0,11.932203389830505,86.33333333333333,89.71428571428571,-17.0,-3.0,-8.640677966101691,85.0,76.71428571428571,-10.0,46.0,1.7186440677966033,93.66666666666667,93.14285714285714,1.0,-4.0,10.383050847457625,80.0,82.14285714285714,6.0,-5.0,7.799999999999997,88.33333333333333,93.85714285714286,-35.0,-35.0,-10.799999999999997,84.33333333333333,87.57142857142857,14.0,-9.0,17.033898305084747,81.66666666666667,81.42857142857143,1.0,5.0,-0.35051546391753163,2100.0,1542.857142857143,-3600.0,900.0,-3966.1016949152545,5700.0,6814.285714285715,-1800.0,-4500.0,686.4406779661017,,,,,,,,,,,,,,,,,,,,,,,,,,,,,,,,,,,,,,,,,,,,,,,,,,,,,,,,27.03333333333333,25.585714285714285,-6.800000000000001,4.599999999999998,3.278644067796609,11.966666666666667,12.77142857142857,-6.9,1.799999999999999,0.42067796610169594,19.73333333333333,19.028571428571432,-5.899999999999999,4.4,3.200338983050848,64.33333333333333,63.57142857142857,11.0,-20.0,-0.5491525423728802,1018.5000000000001,1019.842857142857,-6.199999999999932,-11.899999999999864,-4.523050847457512,20.433333333333334,20.3,7.5,9.100000000000001,10.405762711864408,5.066666666666667,2.614285714285714,15.1,14.6,11.769830508474577,6.199999999999932,11.199999999999932,True,5.899999999999999,0.6999999999999993,6,4,2,False,False,False,False,False,False,False,True,True,0,-0.43427301501774807,0
2026-04-06,90,-0.17,-0.07,91,83,93,75,88,91,100,94,87.0,0,18900,,,,,,,,,,,,15.6,6.0,11.0,48,1018.9,19.9,0.0,92.66666666666667,93.0,-3.0,-4.0,11.359322033898309,-0.19666666666666657,-0.17142857142857143,0.12999999999999998,-0.17,-0.19108474576271187,-0.14333333333333328,-0.1742857142857143,0.13,0.0,-0.1387074829931973,87.33333333333333,87.71428571428571,6.0,8.0,13.827118644067795,88.0,79.28571428571429,-2.0,25.0,9.932203389830505,87.33333333333333,89.14285714285714,17.0,3.0,8.359322033898309,82.33333333333333,77.42857142857143,-6.0,-8.0,-4.281355932203397,93.0,94.42857142857143,-8.0,-2.0,2.383050847457625,84.33333333333333,85.14285714285714,7.0,13.0,14.799999999999997,88.33333333333333,93.85714285714286,35.0,0.0,24.200000000000003,87.33333333333333,90.14285714285714,3.0,9.0,20.033898305084747,85.33333333333333,81.71428571428571,2.0,11.0,1.6494845360824684,1800.0,1414.2857142857142,-900.0,-900.0,-4866.1016949152545,9900.0,8228.57142857143,14400.0,12600.0,15086.440677966102,,,,,,,,,,,,,,,,,,,,,,,,,,,,,,,,,,,,,,,,,,,,,,,,,,,,,,,,22.933333333333334,24.842857142857145,-7.6,-12.299999999999999,-4.3213559322033905,11.366666666666665,12.142857142857142,-4.6,-1.7999999999999998,-4.179322033898304,17.633333333333333,18.47142857142857,-7.0,-6.300000000000001,-3.799661016949152,57.0,62.0,-19.0,-22.0,-19.54915254237288,1016.8333333333335,1019.1285714285714,6.199999999999932,-5.0,1.67694915254242,22.0,20.32857142857143,-6.900000000000002,4.699999999999999,3.5057627118644064,5.033333333333334,2.3714285714285714,-15.1,-0.1,-3.3301694915254236,-6.199999999999932,-0.0,True,7.0,12.899999999999999,0,4,2,False,False,False,False,False,False,False,False,False,0,-0.4485546023346709,0
2026-04-07,84,-0.08,-0.11,72,81,88,22,71,75,92,73,85.0,0,2700,,,,,,,,,,,,12.7,5.0,9.3,46,1024.9,21.5,0.0,89.0,91.85714285714286,-6.0,-11.0,5.359322033898309,-0.18333333333333326,-0.16428571428571428,0.09000000000000001,0.039999999999999994,-0.10108474576271187,-0.12666666666666662,-0.15285714285714286,-0.039999999999999994,0.05,-0.17870748299319728,82.66666666666667,85.28571428571429,-19.0,-14.0,-5.172881355932205,83.0,80.71428571428571,-2.0,-15.0,7.932203389830505,85.66666666666667,87.85714285714286,-5.0,-5.0,3.3593220338983087,59.333333333333336,68.28571428571429,-53.0,-69.0,-57.2813559322034,85.0,90.85714285714286,-17.0,-24.0,-14.616949152542375,83.33333333333333,83.71428571428571,-16.0,-3.0,-1.2000000000000028,85.66666666666667,92.71428571428571,-8.0,-8.0,16.200000000000003,86.0,87.85714285714286,-21.0,-4.0,-0.9661016949152526,85.66666666666667,82.85714285714286,-2.0,1.0,-0.35051546391753163,300.0,1414.2857142857142,0.0,-4500.0,-4866.1016949152545,8700.0,7328.571428571428,-16200.0,-3600.0,-1113.5593220338983,,,,,,,,,,,,,,,,,,,,,,,,,,,,,,,,,,,,,,,,,,,,,,,,,,,,,,,,17.166666666666664,22.585714285714285,-2.9000000000000004,-17.3,-7.221355932203391,7.199999999999998,10.614285714285714,-1.0,-12.5,-5.179322033898304,12.766666666666666,16.671428571428574,-1.6999999999999993,-14.599999999999998,-5.499661016949151,53.666666666666664,61.285714285714285,-2.0,-10.0,-21.54915254237288,1018.8333333333336,1020.1428571428571,6.000000000000114,6.000000000000114,7.676949152542534,22.73333333333333,20.228571428571428,1.6000000000000014,2.1999999999999993,5.105762711864408,5.033333333333334,2.3714285714285714,0.0,0.0,-3.3301694915254236,-6.000000000000114,-12.200000000000045,True,1.6999999999999993,8.7,1,4,2,False,False,False,False,False,False,False,False,False,0,-0.4283601999777003,0
2026-04-08,87,-0.74,-0.42,76,83,93,89,72,86,84,59,79.0,3600,7200,,,,,,,,,,,,11.4,-0.1,5.6,42,1034.9,12.2,0.0,87.0,90.71428571428571,3.0,-6.0,8.359322033898309,-0.3299999999999999,-0.24,-0.66,-0.44,-0.7610847457627119,-0.19999999999999996,-0.17714285714285713,-0.31,-0.21999999999999997,-0.4887074829931973,79.66666666666667,82.71428571428571,4.0,-9.0,-1.1728813559322049,82.33333333333333,79.0,2.0,-2.0,9.932203389830505,91.33333333333333,87.42857142857143,5.0,17.0,8.359322033898309,62.0,68.0,67.0,8.0,9.718644067796603,77.0,87.42857142857143,1.0,-24.0,-13.616949152542375,84.0,83.0,11.0,2.0,9.799999999999997,92.0,91.57142857142857,-8.0,19.0,8.200000000000003,75.33333333333333,82.71428571428571,-14.0,-32.0,-14.966101694915253,83.66666666666667,82.28571428571429,-6.0,-6.0,-6.350515463917532,1200.0,1414.2857142857142,3600.0,2700.0,-1266.1016949152545,9600.0,7842.857142857143,4500.0,2700.0,3386.4406779661017,,,,,,,,,,,,,,,,,,,,,,,,,,,,,,,,,,,,,,,,,,,,,,,,,,,,,,,,13.233333333333333,19.91428571428571,-1.299999999999999,-11.799999999999999,-8.52135593220339,3.6333333333333324,7.942857142857142,-5.1,-10.7,-10.279322033898303,8.633333333333333,14.1,-3.700000000000001,-12.4,-9.199661016949152,45.333333333333336,59.42857142857143,-4.0,-25.0,-25.54915254237288,1026.2333333333336,1022.6857142857143,10.0,22.200000000000045,17.676949152542534,17.866666666666664,18.942857142857143,-9.3,-14.600000000000001,-4.194237288135593,0.0,2.242857142857143,0.0,-15.1,-3.3301694915254236,-10.0,-16.000000000000114,True,3.700000000000001,5.4,2,4,2,False,False,False,False,False,False,False,True,False,0,-0.43954719089639627,0
2026-04-09,88,-0.02,-0.07,93,77,96,78,100,88,100,100,90.0,0,2700,,,,,,,,,,,,16.5,0.8,8.4,59,1033.4,11.5,0.0,86.33333333333333,90.14285714285714,1.0,-2.0,9.359322033898309,-0.2799999999999999,-0.20428571428571426,0.72,0.15000000000000002,-0.041084745762711865,-0.19999999999999993,-0.15714285714285717,0.35,0.0,-0.1387074829931973,80.33333333333333,83.71428571428571,17.0,2.0,15.827118644067795,80.33333333333333,80.42857142857143,-6.0,-6.0,3.932203389830505,92.33333333333333,89.85714285714286,3.0,3.0,11.359322033898309,63.0,74.14285714285714,-11.0,3.0,-1.2813559322033967,81.0,87.42857142857143,28.0,12.0,14.383050847457625,83.0,82.85714285714286,2.0,-3.0,11.799999999999997,92.0,91.57142857142857,16.0,0.0,24.200000000000003,77.33333333333333,82.71428571428571,41.0,6.0,26.033898305084747,84.66666666666667,83.71428571428571,11.0,3.0,4.649484536082468,1200.0,1414.2857142857142,-3600.0,0.0,-4866.1016949152545,4200.0,6942.857142857143,-4500.0,-16200.0,-1113.5593220338983,,,,,,,,,,,,,,,,,,,,,,,,,,,,,,,,,,,,,,,,,,,,,,,,,,,,,,,,13.533333333333331,19.614285714285717,5.1,0.9000000000000004,-3.42135593220339,1.8999999999999988,6.799999999999999,0.9,-5.2,-9.379322033898303,7.766666666666667,13.35714285714286,2.8000000000000007,-2.5999999999999996,-6.3996610169491515,49.0,55.42857142857143,17.0,11.0,-8.54915254237288,1031.0666666666668,1023.9428571428572,-1.5,14.500000000000114,16.176949152542534,15.066666666666663,18.057142857142857,-0.6999999999999993,-8.399999999999999,-4.894237288135592,0.0,2.1714285714285713,0.0,0.0,-3.3301694915254236,1.5,-8.5,False,2.8000000000000007,0.9000000000000004,3,4,2,False,False,False,False,False,False,False,False,False,0,-0.41833739156886185,0
2026-04-10,92,0.08,-0.13,91,82,90,94,96,82,100,93,90.0,0,6300,,,,,,,,,,,,24.5,5.1,14.4,60,1025.5,17.3,0.0,89.0,89.85714285714286,4.0,8.0,13.359322033898309,-0.22666666666666657,-0.19285714285714284,0.1,0.16,0.058915254237288134,-0.20666666666666664,-0.1657142857142857,-0.06,-0.020000000000000004,-0.1987074829931973,86.66666666666667,84.85714285714286,-2.0,19.0,13.827118644067795,80.66666666666667,83.85714285714286,5.0,1.0,8.932203389830505,93.0,89.85714285714286,-6.0,2.0,5.359322033898309,87.0,75.71428571428571,16.0,72.0,14.718644067796603,89.33333333333333,88.28571428571429,-4.0,25.0,10.383050847457625,85.33333333333333,83.42857142857143,-6.0,7.0,5.799999999999997,94.66666666666667,91.57142857142857,0.0,8.0,24.200000000000003,84.0,83.85714285714286,-7.0,20.0,19.033898305084747,86.33333333333333,85.71428571428571,0.0,5.0,4.649484536082468,1200.0,1285.7142857142858,0.0,0.0,-4866.1016949152545,5400.0,6942.857142857143,3600.0,3600.0,2486.4406779661017,,,,,,,,,,,,,,,,,,,,,,,,,,,,,,,,,,,,,,,,,,,,,,,,,,,,,,,,17.466666666666665,19.128571428571426,8.0,11.8,4.57864406779661,1.933333333333332,6.414285714285714,4.3,0.09999999999999964,-5.079322033898304,9.466666666666667,12.942857142857145,6.0,5.1,-0.39966101694915146,53.666666666666664,54.0,1.0,14.0,-7.54915254237288,1031.2666666666669,1024.1714285714286,-7.900000000000091,0.599999999999909,8.276949152542443,13.666666666666666,18.357142857142858,5.800000000000001,-4.199999999999999,0.9057627118644085,0.0,2.157142857142857,0.0,0.0,-3.3301694915254236,7.900000000000091,9.400000000000091,True,6.0,8.8,4,4,2,False,False,False,False,False,False,False,False,True,0,-0.4184005739952093,0
2026-04-11,89,-0.45,-0.45,81,76,90,91,79,75,100,74,88.0,2700,1800,,,,,,,,,,,,21.6,13.9,17.7,46,1024.1,16.9,0.0,89.66666666666667,89.0,-3.0,2.0,10.359322033898309,-0.12999999999999992,-0.24000000000000002,-0.53,0.29,-0.47108474576271187,-0.21666666666666665,-0.20714285714285716,-0.32,-0.030000000000000027,-0.5187074829931972,88.33333333333333,84.14285714285714,-10.0,5.0,3.827118644067795,78.33333333333333,81.0,-6.0,-7.0,2.932203389830505,92.0,89.42857142857143,0.0,-3.0,5.359322033898309,87.66666666666667,75.71428571428571,-3.0,2.0,11.718644067796603,91.66666666666667,86.0,-17.0,7.0,-6.616949152542375,81.66666666666667,83.0,-7.0,-11.0,-1.2000000000000028,100.0,91.57142857142857,0.0,16.0,24.200000000000003,89.0,83.42857142857143,-19.0,15.0,0.03389830508474745,89.33333333333333,86.28571428571429,-2.0,9.0,2.6494845360824684,900.0,1028.5714285714287,2700.0,-900.0,-2166.1016949152545,3600.0,6300.0,-4500.0,-5400.0,-2013.5593220338983,,,,,,,,,,,,,,,,,,,,,,,,,,,,,,,,,,,,,,,,,,,,,,,,,,,,,,,,20.866666666666667,17.928571428571427,-2.8999999999999986,10.200000000000001,1.6786440677966112,6.599999999999999,5.8999999999999995,8.8,14.0,3.7206779661016967,13.5,12.057142857142859,3.299999999999999,12.1,2.9003389830508475,55.0,52.57142857142857,-14.0,4.0,-21.54915254237288,1027.6666666666667,1024.9142857142858,-1.400000000000091,-10.800000000000182,6.876949152542352,15.233333333333333,18.014285714285712,-0.40000000000000213,4.699999999999999,0.5057627118644064,0.0,2.157142857142857,0.0,0.0,-3.3301694915254236,1.400000000000091,9.300000000000182,False,3.299999999999999,9.299999999999999,5,4,2,False,False,False,False,False,False,False,True,False,0,-0.4226328073254456,0
2026-04-12,87,0.06,0.04,80,56,81,81,95,60,100,84,88.0,900,4500,,,,,,,,,,,,22.3,8.4,15.6,48,1028.4,19.0,0.0,89.33333333333333,88.14285714285714,-2.0,-1.0,8.359322033898309,-0.10333333333333326,-0.18857142857142858,0.51,0.08,0.03891525423728813,-0.17999999999999994,-0.17285714285714285,0.49,0.11000000000000001,-0.028707482993197288,84.0,83.42857142857143,-1.0,-13.0,2.827118644067795,71.33333333333333,76.85714285714286,-20.0,-21.0,-17.067796610169495,87.0,90.14285714285714,-9.0,-15.0,-3.6406779661016913,88.66666666666667,75.71428571428571,-10.0,3.0,1.7186440677966033,90.0,85.85714285714286,16.0,-5.0,9.383050847457625,72.33333333333333,79.57142857142857,-15.0,-28.0,-16.200000000000003,100.0,96.57142857142857,0.0,0.0,24.200000000000003,83.66666666666667,82.42857142857143,10.0,-16.0,10.033898305084747,88.66666666666667,86.71428571428571,0.0,-2.0,2.6494845360824684,1200.0,1028.5714285714287,-1800.0,900.0,-3966.1016949152545,4200.0,6300.0,2700.0,1800.0,686.4406779661017,,,,,,,,,,,,,,,,,,,,,,,,,,,,,,,,,,,,,,,,,,,,,,,,,,,,,,,,22.799999999999997,17.8,0.6999999999999993,5.800000000000001,2.3786440677966105,9.133333333333331,5.5857142857142845,-5.5,7.6000000000000005,-1.7793220338983033,15.9,11.714285714285714,-2.0999999999999996,7.199999999999999,0.8003389830508478,51.333333333333336,49.857142857142854,2.0,-11.0,-19.54915254237288,1026.0000000000002,1027.1571428571428,4.300000000000182,-5.0,11.176949152542534,17.73333333333333,16.9,2.1000000000000014,7.5,2.6057627118644078,0.0,0.0,0.0,0.0,-3.3301694915254236,-4.300000000000182,-2.900000000000091,False,2.0999999999999996,1.1999999999999993,6,4,2,False,False,False,False,False,False,False,True,False,0,-0.40785029501498077,0
2026-04-13,90,-0.21,-0.12,77,76,81,51,86,72,100,77,86.0,2700,900,,,,,,,,,,,,26.9,14.5,21.6,55,1019.9,24.0,0.4,88.66666666666667,88.14285714285714,3.0,-2.0,11.359322033898309,-0.19999999999999993,-0.19428571428571426,-0.27,-0.29,-0.23108474576271185,-0.1766666666666666,-0.18,-0.16,0.010000000000000009,-0.18870748299319728,79.33333333333333,81.42857142857143,-3.0,-14.0,-0.17288135593220488,69.33333333333333,75.85714285714286,20.0,-6.0,2.932203389830505,84.0,88.42857142857143,0.0,-9.0,-3.6406779661016913,74.33333333333333,72.28571428571429,-30.0,-43.0,-28.281355932203397,86.66666666666667,85.57142857142857,-9.0,-10.0,0.38305084745762485,69.0,76.85714285714286,12.0,-10.0,-4.200000000000003,100.0,96.57142857142857,0.0,0.0,24.200000000000003,78.33333333333333,80.0,-7.0,-16.0,3.0338983050847474,87.33333333333333,86.57142857142857,-2.0,-4.0,0.6494845360824684,2100.0,1414.2857142857142,1800.0,2700.0,-2166.1016949152545,2400.0,3728.5714285714284,-3600.0,-5400.0,-2913.5593220338983,,,,,,,,,,,,,,,,,,,,,,,,,,,,,,,,,,,,,,,,,,,,,,,,,,,,,,,,23.599999999999998,19.414285714285715,4.599999999999998,2.3999999999999986,6.978644067796608,12.266666666666666,6.799999999999999,6.1,9.4,4.320677966101696,18.3,13.22857142857143,6.000000000000002,7.200000000000001,6.80033898305085,49.666666666666664,50.857142857142854,7.0,-5.0,-12.54915254237288,1024.1333333333334,1027.3,-8.500000000000114,-5.600000000000023,2.67694915254242,19.966666666666665,17.485714285714288,5.0,6.699999999999999,7.605762711864408,0.13333333333333452,0.05714285714285715,0.4,0.4,-2.9301694915254237,8.500000000000114,4.199999999999932,True,6.000000000000002,3.900000000000002,0,4,2,False,False,False,False,False,False,False,True,True,0,-0.4077854201254847,0
2026-04-14,82,-0.18,-0.21,78,73,95,97,75,70,93,68,89.0,1800,900,,,,,,,,,,,,30.7,15.8,23.9,50,1016.1,17.4,0.2,86.33333333333333,87.85714285714286,-8.0,-7.0,3.3593220338983087,-0.10999999999999992,-0.20857142857142857,0.03,0.27,-0.20108474576271185,-0.09666666666666661,-0.19428571428571426,-0.09,0.24000000000000002,-0.27870748299319725,78.33333333333333,82.28571428571429,1.0,-3.0,0.8271186440677951,68.33333333333333,74.71428571428571,-3.0,-3.0,-0.0677966101694949,85.66666666666667,89.42857142857143,14.0,5.0,10.359322033898309,76.33333333333333,83.0,46.0,6.0,17.718644067796603,85.33333333333333,86.14285714285714,-11.0,-4.0,-10.616949152542375,67.33333333333333,76.14285714285714,-2.0,-5.0,-6.200000000000003,97.66666666666667,96.71428571428571,-7.0,-7.0,17.200000000000003,76.33333333333333,79.28571428571429,-9.0,-6.0,-5.9661016949152526,87.66666666666667,87.14285714285714,3.0,1.0,3.6494845360824684,1800.0,1671.4285714285713,-900.0,-900.0,-3066.1016949152545,2100.0,3471.4285714285716,0.0,-900.0,-2913.5593220338983,,,,,,,,,,,,,,,,,,,,,,,,,,,,,,,,,,,,,,,,,,,,,,,,,,,,,,,,26.633333333333336,21.985714285714288,3.8000000000000007,9.099999999999998,10.778644067796609,12.899999999999999,8.342857142857143,1.3000000000000007,1.9000000000000004,5.620677966101697,20.366666666666667,15.314285714285717,2.299999999999997,6.199999999999999,9.100338983050847,51.0,51.42857142857143,-5.0,4.0,-17.54915254237288,1021.4666666666668,1026.0428571428572,-3.7999999999999545,-7.999999999999886,-1.1230508474575345,20.133333333333333,16.9,-6.600000000000001,0.5,1.0057627118644064,0.2000000000000012,0.08571428571428573,-0.2,0.2,-3.1301694915254235,3.7999999999999545,12.300000000000068,False,2.299999999999997,8.299999999999999,1,4,2,False,False,False,False,False,False,False,True,False,0,-0.39383646367707087,0
2026-04-15,82,-0.12,-0.04,79,85,95,83,71,67,100,73,94.0,3600,900,,,,,,,,,,,,32.9,17.0,25.3,54,1014.0,14.4,0.1,84.66666666666667,87.14285714285714,0.0,-5.0,3.3593220338983087,-0.16999999999999993,-0.11999999999999998,0.06,-0.18,-0.14108474576271185,-0.12333333333333325,-0.13999999999999999,0.16999999999999998,-0.08,-0.1087074829931973,78.0,82.71428571428571,1.0,-1.0,1.8271186440677951,78.0,75.0,12.0,29.0,11.932203389830505,90.33333333333333,89.71428571428571,0.0,14.0,10.359322033898309,77.0,82.14285714285714,-14.0,2.0,3.7186440677966033,77.33333333333333,86.0,-4.0,-24.0,-14.616949152542375,69.66666666666667,73.42857142857143,-3.0,7.0,-9.200000000000003,97.66666666666667,99.0,7.0,0.0,24.200000000000003,72.66666666666667,81.28571428571429,5.0,-11.0,-0.9661016949152526,89.66666666666667,89.28571428571429,5.0,6.0,8.649484536082468,2700.0,1671.4285714285713,1800.0,2700.0,-1266.1016949152545,900.0,2571.4285714285716,0.0,-3600.0,-2913.5593220338983,,,,,,,,,,,,,,,,,,,,,,,,,,,,,,,,,,,,,,,,,,,,,,,,,,,,,,,,30.166666666666668,25.057142857142857,2.1999999999999993,10.599999999999998,12.978644067796608,15.766666666666666,10.785714285714286,1.1999999999999993,8.6,6.820677966101696,23.599999999999998,18.12857142857143,1.4000000000000021,9.700000000000001,10.500338983050849,53.0,53.142857142857146,4.0,6.0,-13.54915254237288,1016.6666666666669,1023.0571428571428,-2.1000000000000227,-14.400000000000091,-3.223050847457557,18.599999999999998,17.214285714285715,-2.9999999999999982,-4.6,-1.9942372881355919,0.23333333333333453,0.1,-0.1,0.1,-3.2301694915254235,2.1000000000000227,5.899999999999977,False,1.4000000000000021,3.6999999999999993,2,4,2,False,False,False,False,False,False,False,True,False,0,-0.3943423051298061,0
2026-04-16,90,-0.01,-0.1,82,96,86,15,97,81,90,89,89.0,5400,0,,,,,,,,,,,,34.0,19.0,26.7,42,1010.9,20.0,0.0,84.66666666666667,87.42857142857143,8.0,0.0,11.359322033898309,-0.10333333333333326,-0.11857142857142855,0.11,0.19999999999999998,-0.031084745762711863,-0.11666666666666663,-0.1442857142857143,-0.060000000000000005,0.01999999999999999,-0.1687074829931973,79.66666666666667,81.14285714285714,3.0,5.0,4.827118644067795,84.66666666666667,77.71428571428571,11.0,20.0,22.932203389830505,92.0,88.28571428571429,-9.0,5.0,1.3593220338983087,65.0,73.14285714285714,-68.0,-36.0,-64.2813559322034,81.0,85.57142857142857,26.0,11.0,11.383050847457625,72.66666666666667,72.42857142857143,14.0,9.0,4.799999999999997,94.33333333333333,97.57142857142857,-10.0,-10.0,14.200000000000003,76.66666666666667,79.71428571428571,16.0,12.0,15.033898305084747,90.66666666666667,89.14285714285714,-5.0,3.0,3.6494845360824684,3600.0,2442.8571428571427,1800.0,2700.0,533.8983050847455,600.0,2185.714285714286,-900.0,-900.0,-3813.5593220338983,,,,,,,,,,,,,,,,,,,,,,,,,,,,,,,,,,,,,,,,,,,,,,,,,,,,,,,,32.53333333333333,27.557142857142857,1.1000000000000014,7.100000000000001,14.07864406779661,17.266666666666666,13.385714285714286,2.0,4.5,8.820677966101696,25.3,20.742857142857144,1.3999999999999986,5.099999999999998,11.900338983050847,48.666666666666664,50.714285714285715,-12.0,-13.0,-25.54915254237288,1013.6666666666669,1019.8428571428573,-3.1000000000000227,-9.0,-6.32305084745758,17.266666666666666,18.428571428571427,5.6,-4.0,3.6057627118644078,0.1000000000000012,0.1,-0.1,-0.4,-3.3301694915254236,3.1000000000000227,5.2000000000000455,False,1.3999999999999986,2.8000000000000007,3,4,2,False,False,False,False,False,False,False,True,False,0,-0.4248011978754361,0
2026-04-17,90,-0.27,-0.17,85,70,96,83,96,69,93,88,94.0,2700,0,,,,,,,,,,,,26.9,19.3,23.3,51,1012.5,22.4,0.3,87.33333333333333,87.14285714285714,0.0,8.0,11.359322033898309,-0.13333333333333328,-0.16857142857142857,-0.26,-0.09000000000000002,-0.29108474576271187,-0.10333333333333328,-0.15,-0.07,0.03999999999999998,-0.2387074829931973,82.0,80.28571428571429,3.0,7.0,7.827118644067795,83.66666666666667,76.0,-26.0,-3.0,-3.067796610169495,92.33333333333333,89.14285714285714,10.0,1.0,11.359322033898309,60.333333333333336,71.57142857142857,68.0,-14.0,3.7186440677966033,88.0,85.57142857142857,-1.0,21.0,10.383050847457625,72.33333333333333,70.57142857142857,-12.0,-1.0,-7.200000000000003,94.33333333333333,96.57142857142857,3.0,0.0,17.200000000000003,83.33333333333333,79.0,-1.0,20.0,14.033898305084747,92.33333333333333,89.71428571428571,5.0,5.0,8.649484536082468,3900.0,2828.5714285714284,-2700.0,900.0,-2166.1016949152545,300.0,1285.7142857142858,0.0,-900.0,-3813.5593220338983,,,,,,,,,,,,,,,,,,,,,,,,,,,,,,,,,,,,,,,,,,,,,,,,,,,,,,,,31.266666666666662,27.900000000000002,-7.100000000000001,-3.8000000000000007,6.978644067796608,18.433333333333334,15.414285714285713,0.3000000000000007,3.5,9.120677966101697,25.099999999999998,22.014285714285712,-3.3999999999999986,-0.5999999999999979,8.500338983050849,49.0,49.42857142857143,9.0,1.0,-16.54915254237288,1012.4666666666668,1017.9857142857143,1.6000000000000227,-3.6000000000000227,-4.723050847457557,18.933333333333334,19.157142857142855,2.3999999999999986,5.0,6.005762711864406,0.1333333333333345,0.14285714285714285,0.3,0.09999999999999998,-3.030169491525424,-1.6000000000000227,1.5,False,3.3999999999999986,2.0,4,4,2,False,False,False,False,False,False,False,True,False,0,-0.40401170835404454,0
2026-04-18,76,-0.04,-0.04,72,65,86,27,89,83,72,73,93.0,7200,1800,,,,,,,,,,,,26.6,15.5,20.8,64,1013.3,20.3,0.0,85.33333333333333,85.28571428571429,-14.0,-6.0,-2.6406779661016913,-0.10666666666666659,-0.10999999999999999,0.23,0.07999999999999999,-0.06108474576271186,-0.10333333333333329,-0.09142857142857143,0.13,0.0,-0.1087074829931973,79.66666666666667,79.0,-13.0,-7.0,-5.172881355932205,77.0,74.42857142857143,-5.0,-20.0,-8.067796610169495,89.33333333333333,88.57142857142857,-10.0,-9.0,1.3593220338983087,41.666666666666664,62.42857142857143,-56.0,-56.0,-52.2813559322034,94.0,87.0,-7.0,18.0,3.383050847457625,77.66666666666667,71.71428571428571,14.0,16.0,6.799999999999997,85.0,92.57142857142857,-21.0,-28.0,-3.799999999999997,83.33333333333333,78.85714285714286,-15.0,0.0,-0.9661016949152526,92.0,90.42857142857143,-1.0,-1.0,7.649484536082468,5100.0,3471.4285714285716,4500.0,3600.0,2333.8983050847455,600.0,1285.7142857142858,1800.0,900.0,-2013.5593220338983,,,,,,,,,,,,,,,,,,,,,,,,,,,,,,,,,,,,,,,,,,,,,,,,,,,,,,,,29.166666666666668,28.614285714285717,-0.29999999999999716,-6.299999999999997,6.678644067796611,17.933333333333334,15.642857142857142,-3.8000000000000007,-1.5,5.320677966101696,23.600000000000005,22.45714285714286,-2.5,-4.5,6.000338983050849,52.333333333333336,52.0,13.0,10.0,-3.5491525423728802,1012.2333333333335,1016.4428571428572,0.7999999999999545,-0.7000000000000455,-3.9230508474576027,20.9,19.642857142857142,-2.099999999999998,5.9,3.9057627118644085,0.10000000000000116,0.14285714285714285,-0.3,-0.1,-3.3301694915254236,-0.7999999999999545,-2.3999999999999773,False,2.5,5.899999999999999,5,4,2,False,False,False,False,False,False,False,True,False,0,-0.4044402290228997,0
2026-04-19,84,-0.26,-0.14,79,62,74,72,91,78,100,77,92.0,900,4500,,,,,,,,,,,,18.0,8.4,12.6,65,1014.0,27.4,5.6,83.33333333333333,84.85714285714286,8.0,-6.0,5.359322033898309,-0.18999999999999995,-0.1557142857142857,-0.22,-0.25,-0.28108474576271186,-0.11666666666666663,-0.11714285714285715,-0.1,-0.04000000000000001,-0.2087074829931973,78.66666666666667,78.85714285714286,7.0,-3.0,1.8271186440677951,65.66666666666667,75.28571428571429,-3.0,-34.0,-11.067796610169495,85.33333333333333,87.57142857142857,-12.0,-12.0,-10.640677966101691,60.666666666666664,61.142857142857146,45.0,57.0,-7.281355932203397,92.0,86.42857142857143,2.0,-6.0,5.383050847457625,76.66666666666667,74.28571428571429,-5.0,-3.0,1.7999999999999972,88.33333333333333,92.57142857142857,28.0,10.0,24.200000000000003,79.33333333333333,77.85714285714286,4.0,-12.0,3.0338983050847474,93.0,91.0,-1.0,3.0,6.649484536082468,3600.0,3471.4285714285716,-6300.0,-4500.0,-3966.1016949152545,2100.0,1285.7142857142858,2700.0,4500.0,686.4406779661017,,,,,,,,,,,,,,,,,,,,,,,,,,,,,,,,,,,,,,,,,,,,,,,,,,,,,,,,23.833333333333332,28.0,-8.600000000000001,-16.0,-1.9213559322033902,14.399999999999999,15.642857142857142,-7.1,-10.6,-1.7793220338983033,18.900000000000002,22.028571428571432,-8.200000000000001,-14.1,-2.199661016949152,60.0,54.42857142857143,1.0,23.0,-2.5491525423728802,1013.2666666666668,1014.3857142857144,0.7000000000000455,3.1000000000000227,-3.223050847457557,23.366666666666664,20.842857142857145,7.099999999999998,7.399999999999999,11.005762711864406,1.9666666666666677,0.9428571428571428,5.6,5.6,2.269830508474576,-0.7000000000000455,-1.5,False,8.200000000000001,10.700000000000001,6,4,2,False,False,False,False,False,False,False,True,False,0,-0.40925796072689,0
2026-04-20,83,-0.26,-0.19,78,76,86,81,76,86,100,67,98.0,4500,0,,,,,,,,,,,,11.9,5.1,8.4,53,1023.1,21.5,0.8,81.0,83.85714285714286,-1.0,-7.0,4.359322033898309,-0.18666666666666662,-0.16285714285714284,0.0,0.010000000000000009,-0.28108474576271186,-0.1233333333333333,-0.12714285714285717,-0.04999999999999999,-0.01999999999999999,-0.2587074829931973,76.33333333333333,79.0,-1.0,-7.0,0.8271186440677951,67.66666666666667,75.28571428571429,14.0,6.0,2.932203389830505,82.0,88.28571428571429,12.0,-10.0,1.3593220338983087,60.0,65.42857142857143,9.0,-2.0,1.7186440677966033,85.33333333333333,85.0,-15.0,-20.0,-9.616949152542375,82.33333333333333,76.28571428571429,8.0,17.0,9.799999999999997,90.66666666666667,92.57142857142857,0.0,7.0,24.200000000000003,72.33333333333333,76.42857142857143,-10.0,-21.0,-6.9661016949152526,94.33333333333333,92.71428571428571,6.0,4.0,12.649484536082468,4200.0,3728.5714285714284,3600.0,1800.0,-366.1016949152545,2100.0,1157.142857142857,-4500.0,0.0,-3813.5593220338983,,,,,,,,,,,,,,,,,,,,,,,,,,,,,,,,,,,,,,,,,,,,,,,,,,,,,,,,18.833333333333332,25.857142857142858,-6.1,-14.999999999999998,-8.02135593220339,9.666666666666664,14.299999999999999,-3.3000000000000007,-14.200000000000001,-5.079322033898304,13.933333333333335,20.142857142857142,-4.199999999999999,-14.9,-6.3996610169491515,60.666666666666664,54.142857142857146,-12.0,2.0,-14.54915254237288,1016.8000000000002,1014.842857142857,9.100000000000023,10.600000000000023,5.8769491525424655,23.066666666666663,20.485714285714288,-5.899999999999999,-0.8999999999999986,5.105762711864408,2.133333333333334,0.9999999999999999,-4.8,0.5,-2.530169491525424,-9.100000000000023,-9.800000000000068,True,4.199999999999999,12.4,0,4,2,False,False,False,False,False,False,False,True,False,0,-0.4101941148956118,0
2026-04-21,79,-0.15,-0.11,83,82,90,89,77,69,100,82,98.0,3600,900,,,,,,,,,,,,16.0,0.5,8.5,48,1026.6,14.0,0.0,82.0,83.42857142857143,-4.0,3.0,0.35932203389830875,-0.22333333333333324,-0.15857142857142856,0.11000000000000001,-0.10999999999999999,-0.17108474576271185,-0.14666666666666664,-0.11285714285714288,0.08,-0.07,-0.17870748299319728,80.0,79.71428571428571,5.0,11.0,5.827118644067795,73.33333333333333,76.57142857142857,6.0,17.0,8.932203389830505,83.33333333333333,87.57142857142857,4.0,4.0,5.359322033898309,80.66666666666667,64.28571428571429,8.0,62.0,9.718644067796603,81.33333333333333,85.28571428571429,1.0,-12.0,-8.616949152542375,77.66666666666667,76.14285714285714,-17.0,-14.0,-7.200000000000003,100.0,93.57142857142857,0.0,28.0,24.200000000000003,75.33333333333333,78.42857142857143,15.0,9.0,8.033898305084747,96.0,94.0,0.0,5.0,12.649484536082468,3000.0,3985.714285714286,-900.0,-3600.0,-1266.1016949152545,1800.0,1157.142857142857,900.0,-900.0,-2913.5593220338983,,,,,,,,,,,,,,,,,,,,,,,,,,,,,,,,,,,,,,,,,,,,,,,,,,,,,,,,15.299999999999999,23.75714285714286,4.1,-10.600000000000001,-3.92135593220339,4.666666666666664,12.114285714285714,-4.6,-15.0,-9.679322033898304,9.833333333333334,17.942857142857143,0.09999999999999964,-12.3,-6.299661016949152,55.333333333333336,53.857142857142854,-5.0,-16.0,-19.54915254237288,1021.2333333333336,1016.342857142857,3.4999999999998863,13.299999999999955,9.376949152542352,20.966666666666665,20.0,-7.5,-6.300000000000001,-2.3942372881355922,2.133333333333334,0.9714285714285714,-0.8,0.0,-3.3301694915254236,-3.4999999999998863,-12.599999999999909,False,0.09999999999999964,4.1,1,4,2,False,False,False,False,False,False,False,True,False,0,-0.40441287489322436,0
2026-04-22,79,-0.27,-0.24,68,61,79,18,68,80,100,68,98.0,7200,0,,,,,,,,,,,,23.6,10.2,16.5,51,1016.4,14.7,2.2,80.33333333333333,83.0,0.0,-5.0,0.35932203389830875,-0.22666666666666657,-0.17999999999999997,-0.12000000000000002,-0.010000000000000009,-0.29108474576271187,-0.17999999999999994,-0.14142857142857143,-0.13,-0.09999999999999998,-0.3087074829931973,76.33333333333333,78.14285714285714,-15.0,-11.0,-9.172881355932205,73.0,73.14285714285714,-21.0,-1.0,-12.067796610169495,85.0,85.28571428571429,-11.0,5.0,-5.640677966101691,62.666666666666664,55.0,-71.0,-54.0,-61.2813559322034,73.66666666666667,84.85714285714286,-9.0,-23.0,-17.616949152542375,78.33333333333333,78.0,11.0,2.0,3.799999999999997,100.0,93.57142857142857,0.0,0.0,24.200000000000003,72.33333333333333,77.71428571428571,-14.0,-9.0,-5.9661016949152526,98.0,94.57142857142857,0.0,6.0,12.649484536082468,5100.0,4500.0,3600.0,6300.0,2333.8983050847455,300.0,1028.5714285714287,-900.0,-4500.0,-3813.5593220338983,,,,,,,,,,,,,,,,,,,,,,,,,,,,,,,,,,,,,,,,,,,,,,,,,,,,,,,,17.166666666666668,22.428571428571427,7.600000000000001,5.600000000000001,3.6786440677966112,5.266666666666664,11.142857142857142,9.7,1.799999999999999,0.02067796610169559,11.133333333333333,16.685714285714287,8.0,3.9000000000000004,1.7003389830508482,50.666666666666664,53.42857142857143,3.0,-14.0,-16.54915254237288,1022.0333333333334,1016.6857142857142,-10.199999999999932,2.3999999999999773,-0.82305084745758,16.733333333333334,20.042857142857144,0.6999999999999993,-12.7,-1.694237288135593,1.000000000000001,1.2714285714285711,2.2,-3.3999999999999995,-1.1301694915254235,10.199999999999932,6.7000000000000455,True,8.0,8.1,2,4,2,False,False,False,False,False,True,False,True,True,1,-0.41630882239018385,0
2026-04-23,88,-0.16,-0.18,89,84,96,89,96,87,93,86,95.0,2700,0,,,,,,,,,,,,28.3,14.7,21.7,50,1013.1,15.9,0.0,82.0,82.71428571428571,9.0,5.0,9.359322033898309,-0.19333333333333325,-0.20142857142857143,0.11000000000000001,0.1,-0.18108474576271186,-0.1766666666666666,-0.15285714285714283,0.06,0.010000000000000009,-0.24870748299319728,80.0,79.14285714285714,21.0,11.0,11.827118644067795,75.66666666666667,71.42857142857143,23.0,8.0,10.932203389830505,88.33333333333333,86.71428571428571,17.0,10.0,11.359322033898309,65.33333333333333,65.57142857142857,71.0,8.0,9.718644067796603,80.33333333333333,84.71428571428571,28.0,20.0,10.383050847457625,78.66666666666667,78.85714285714286,7.0,1.0,10.799999999999997,97.66666666666667,94.0,-7.0,-7.0,17.200000000000003,78.66666666666667,77.28571428571429,18.0,19.0,12.033898305084747,97.0,95.42857142857143,-3.0,-3.0,9.649484536082468,4500.0,4114.285714285715,-4500.0,-1800.0,-2166.1016949152545,300.0,1028.5714285714287,0.0,0.0,-3813.5593220338983,,,,,,,,,,,,,,,,,,,,,,,,,,,,,,,,,,,,,,,,,,,,,,,,,,,,,,,,22.633333333333336,21.61428571428571,4.699999999999999,16.4,8.37864406779661,8.466666666666663,10.528571428571428,4.5,9.6,4.520677966101696,15.566666666666668,15.971428571428573,5.199999999999999,13.299999999999999,6.9003389830508475,49.666666666666664,54.57142857142857,-1.0,-3.0,-17.54915254237288,1018.7000000000002,1017.0,-3.2999999999999545,-10.0,-4.1230508474575345,14.866666666666665,19.457142857142856,1.200000000000001,-5.6,-0.49423728813559187,0.7333333333333346,1.2714285714285711,-2.2,-0.8,-3.3301694915254236,3.2999999999999545,13.499999999999886,False,5.199999999999999,13.2,3,4,2,False,False,False,False,False,False,False,True,False,0,-0.4190558822539162,0
2026-04-24,81,-0.06,-0.1,79,61,96,83,67,74,100,77,90.0,3600,5400,,,,,,,,,,,,27.6,15.7,21.2,56,1008.9,15.8,1.8,82.66666666666667,81.42857142857143,-7.0,2.0,2.3593220338983087,-0.16333333333333325,-0.17142857142857143,0.1,0.09,-0.08108474576271187,-0.17333333333333326,-0.14285714285714285,0.07999999999999999,0.009999999999999995,-0.1687074829931973,78.66666666666667,78.28571428571429,-10.0,-4.0,1.8271186440677951,68.66666666666667,70.14285714285714,-23.0,-21.0,-12.067796610169495,90.33333333333333,86.71428571428571,0.0,6.0,11.359322033898309,63.333333333333336,65.57142857142857,-6.0,-6.0,3.7186440677966033,77.0,80.57142857142857,-29.0,-10.0,-18.616949152542375,80.33333333333333,79.57142857142857,-13.0,5.0,-2.200000000000003,97.66666666666667,95.0,7.0,0.0,24.200000000000003,77.0,75.71428571428571,-9.0,-5.0,3.0338983050847474,94.33333333333333,94.85714285714286,-5.0,-8.0,4.649484536082468,4500.0,4242.857142857143,900.0,0.0,-1266.1016949152545,1800.0,1800.0,5400.0,4500.0,1586.4406779661017,,,,,,,,,,,,,,,,,,,,,,,,,,,,,,,,,,,,,,,,,,,,,,,,,,,,,,,,26.5,21.714285714285715,-0.6999999999999993,11.600000000000001,7.678644067796611,13.533333333333331,10.014285714285714,1.0,15.2,5.520677966101696,19.8,15.671428571428574,-0.5,12.7,6.4003389830508475,52.333333333333336,55.285714285714285,6.0,8.0,-11.54915254237288,1012.8000000000002,1016.4857142857143,-4.2000000000000455,-17.699999999999932,-8.32305084745758,15.466666666666667,18.514285714285712,-0.09999999999999964,1.8000000000000007,-0.5942372881355915,1.3333333333333346,1.4857142857142855,1.8,1.8,-1.5301694915254236,4.2000000000000455,7.5,False,0.5,4.699999999999999,4,4,2,False,False,False,False,False,False,False,True,False,0,-0.39533631016480153,0
2026-04-25,85,-0.03,-0.12,80,47,98,83,98,77,94,75,89.0,3600,1800,,,,,,,,,,,,18.3,9.4,13.3,82,1011.3,18.0,5.4,84.66666666666667,82.71428571428571,4.0,6.0,6.359322033898309,-0.08333333333333325,-0.16999999999999998,0.03,0.24000000000000002,-0.05108474576271187,-0.13333333333333328,-0.1542857142857143,-0.01999999999999999,0.12,-0.18870748299319728,82.66666666666667,79.42857142857143,1.0,12.0,2.827118644067795,64.0,67.57142857142857,-14.0,-14.0,-26.067796610169495,96.66666666666667,88.42857142857143,2.0,19.0,13.359322033898309,85.0,73.57142857142857,0.0,65.0,3.7186440677966033,87.0,81.85714285714286,31.0,30.0,12.383050847457625,79.33333333333333,78.71428571428571,3.0,-3.0,0.7999999999999972,95.66666666666667,98.14285714285714,-6.0,-6.0,18.200000000000003,79.33333333333333,76.0,-2.0,7.0,1.0338983050847474,91.33333333333333,94.28571428571429,-1.0,-9.0,3.6494845360824684,3300.0,3728.5714285714284,0.0,-3600.0,-1266.1016949152545,2400.0,1800.0,-3600.0,1800.0,-2013.5593220338983,,,,,,,,,,,,,,,,,,,,,,,,,,,,,,,,,,,,,,,,,,,,,,,,,,,,,,,,24.733333333333334,20.528571428571432,-9.3,-5.300000000000001,-1.6213559322033895,13.266666666666664,9.142857142857142,-6.299999999999999,-0.7999999999999989,-0.7793220338983033,18.733333333333334,14.6,-7.899999999999999,-3.1999999999999993,-1.499661016949151,62.666666666666664,57.857142857142854,26.0,31.0,14.45084745762712,1011.1,1016.1999999999999,2.3999999999999773,-5.100000000000023,-5.923050847457603,16.566666666666666,18.185714285714287,2.1999999999999993,3.3000000000000007,1.6057627118644078,2.4000000000000012,2.257142857142857,3.6000000000000005,3.2,2.0698305084745767,-2.3999999999999773,1.8000000000000682,False,7.899999999999999,8.399999999999999,5,4,2,False,False,False,False,False,False,False,True,False,0,-0.4005943572935497,0
2026-04-26,91,-0.35,-0.18,88,88,88,67,98,79,100,93,98.0,6300,1800,,,,,,,,,,,,13.8,7.1,10.2,76,1018.5,15.2,0.0,85.66666666666667,83.71428571428571,6.0,3.0,12.359322033898309,-0.14666666666666658,-0.18285714285714283,-0.31999999999999995,-0.18999999999999997,-0.37108474576271183,-0.13333333333333328,-0.15999999999999998,-0.06,0.0,-0.24870748299319728,82.33333333333333,80.71428571428571,8.0,-1.0,10.827118644067795,65.33333333333333,71.28571428571429,41.0,4.0,14.932203389830505,94.0,90.42857142857143,-10.0,-8.0,3.3593220338983087,77.66666666666667,72.85714285714286,-16.0,-22.0,-12.281355932203397,87.66666666666667,82.85714285714286,0.0,2.0,12.383050847457625,76.66666666666667,78.85714285714286,2.0,-8.0,2.799999999999997,98.0,98.14285714285714,6.0,7.0,24.200000000000003,81.66666666666667,78.28571428571429,18.0,7.0,19.033898305084747,92.33333333333333,95.14285714285714,9.0,3.0,12.649484536082468,4500.0,4500.0,2700.0,3600.0,1433.8983050847455,3000.0,1414.2857142857142,0.0,1800.0,-2013.5593220338983,,,,,,,,,,,,,,,,,,,,,,,,,,,,,,,,,,,,,,,,,,,,,,,,,,,,,,,,19.900000000000002,19.928571428571427,-4.5,-14.5,-6.1213559322033895,10.733333333333329,8.957142857142857,-2.3000000000000007,-7.6,-3.079322033898304,14.899999999999999,14.257142857142858,-3.1000000000000014,-11.5,-4.5996610169491525,71.33333333333333,59.42857142857143,-6.0,26.0,8.45084745762712,1012.9000000000001,1016.842857142857,7.2000000000000455,5.399999999999977,1.2769491525424428,16.333333333333332,16.442857142857143,-2.8000000000000007,-0.7000000000000011,-1.194237288135593,2.4000000000000012,1.457142857142857,-5.4,0.0,-3.3301694915254236,-7.2000000000000455,-9.600000000000023,True,3.1000000000000014,11.0,6,4,2,False,False,False,False,False,False,False,True,False,0,-0.3938376755412445,0
2026-04-27,75,0.36,0.13,69,74,55,70,66,68,67,73,99.0,1800,900,,,,,,,,,,,,20.1,4.9,13.1,69,1023.6,11.5,0.0,83.66666666666667,82.57142857142857,-16.0,-6.0,-3.6406779661016913,-0.00666666666666658,-0.09428571428571426,0.71,0.42,0.33891525423728813,-0.056666666666666615,-0.1142857142857143,0.31,0.23,0.061292517006802716,79.0,79.42857142857143,-19.0,-10.0,-8.172881355932205,69.66666666666667,71.0,-14.0,13.0,0.9322033898305051,80.33333333333333,86.0,-33.0,-41.0,-29.64067796610169,73.33333333333333,71.28571428571429,3.0,-13.0,-9.281355932203397,87.33333333333333,81.42857142857143,-32.0,-1.0,-19.616949152542375,74.66666666666667,76.28571428571429,-11.0,-6.0,-8.200000000000003,87.0,93.42857142857143,-33.0,-33.0,-8.799999999999997,80.33333333333333,79.14285714285714,-20.0,-4.0,-0.9661016949152526,95.33333333333333,95.28571428571429,1.0,9.0,13.649484536082468,3900.0,4114.285714285715,-4500.0,-1800.0,-3066.1016949152545,1500.0,1542.857142857143,-900.0,-4500.0,-2913.5593220338983,,,,,,,,,,,,,,,,,,,,,,,,,,,,,,,,,,,,,,,,,,,,,,,,,,,,,,,,17.400000000000002,21.1,6.300000000000001,-7.5,0.17864406779661124,7.13333333333333,8.928571428571427,-2.1999999999999993,-10.799999999999999,-5.279322033898303,12.200000000000001,14.928571428571429,2.9000000000000004,-8.1,-1.6996610169491522,75.66666666666667,61.714285714285715,-7.0,13.0,1.4508474576271198,1017.8000000000002,1016.9142857142857,5.100000000000023,14.700000000000045,6.3769491525424655,14.899999999999999,15.014285714285716,-3.6999999999999993,-4.300000000000001,-4.894237288135592,1.8000000000000014,1.342857142857143,0.0,-1.8,-3.3301694915254236,-5.100000000000023,-12.300000000000068,True,2.9000000000000004,0.20000000000000107,0,4,2,False,False,False,True,False,True,False,True,False,1,-0.4054052727545725,0
2026-04-28,92,-0.34,-0.18,84,91,88,70,89,84,100,78,98.0,6300,1800,,,,,,,,,,,,17.5,8.9,12.4,71,1020.2,15.0,2.0,86.0,84.42857142857143,17.0,7.0,13.359322033898309,-0.10999999999999992,-0.12142857142857141,-0.7,-0.31000000000000005,-0.3610847457627119,-0.0766666666666666,-0.12428571428571426,-0.31,-0.06,-0.24870748299319728,80.33333333333333,79.57142857142857,15.0,4.0,6.827118644067795,84.33333333333333,72.28571428571429,17.0,44.0,17.932203389830505,77.0,85.71428571428571,33.0,-10.0,3.3593220338983087,69.0,68.57142857142857,0.0,-13.0,-9.281355932203397,84.33333333333333,83.14285714285714,23.0,-9.0,3.383050847457625,77.0,78.42857142857143,16.0,7.0,7.799999999999997,89.0,93.42857142857143,33.0,6.0,24.200000000000003,81.33333333333333,78.57142857142857,5.0,3.0,4.0338983050847474,98.33333333333333,95.28571428571429,-1.0,9.0,12.649484536082468,4800.0,4500.0,4500.0,2700.0,1433.8983050847455,1500.0,1671.4285714285713,900.0,0.0,-2013.5593220338983,,,,,,,,,,,,,,,,,,,,,,,,,,,,,,,,,,,,,,,,,,,,,,,,,,,,,,,,17.133333333333336,21.314285714285717,-2.6000000000000014,-0.8000000000000007,-2.42135593220339,6.966666666666664,10.12857142857143,4.0,-0.5,-1.2793220338983033,11.9,15.485714285714286,-0.6999999999999993,-0.9000000000000004,-2.3996610169491515,72.0,65.0,2.0,-11.0,3.4508474576271198,1020.7666666666669,1016.0,-3.3999999999999773,8.900000000000091,2.9769491525424883,13.899999999999999,15.157142857142858,3.5,-3.0,-1.3942372881355922,0.6666666666666679,1.6285714285714286,2.0,-3.4000000000000004,-1.3301694915254236,3.3999999999999773,-1.7000000000000455,False,0.6999999999999993,2.200000000000001,1,4,2,False,False,False,False,False,False,False,True,False,0,-0.3948105306817259,0
2026-04-29,88,0.04,-0.02,87,71,96,75,98,77,99,91,92.0,6300,2700,,,,,,,,,,,,17.3,10.9,13.3,81,1012.5,15.9,16.1,85.0,85.71428571428571,-4.0,-3.0,9.359322033898309,0.020000000000000063,-0.07714285714285714,0.38,0.38999999999999996,0.018915254237288136,-0.023333333333333275,-0.09285714285714285,0.16,0.16,-0.08870748299319729,80.0,82.28571428571429,3.0,-1.0,9.827118644067795,78.66666666666667,73.71428571428571,-20.0,-17.0,-2.067796610169495,79.66666666666667,88.14285714285714,8.0,8.0,11.359322033898309,71.66666666666667,76.71428571428571,5.0,8.0,-4.281355932203397,84.33333333333333,87.42857142857143,9.0,0.0,12.383050847457625,76.33333333333333,78.0,-7.0,-2.0,0.7999999999999972,88.66666666666667,93.28571428571429,-1.0,-1.0,23.200000000000003,80.66666666666667,81.85714285714286,13.0,-2.0,17.033898305084747,96.33333333333333,94.42857142857143,-6.0,-6.0,6.649484536082468,4800.0,4371.428571428572,0.0,0.0,1433.8983050847455,1800.0,2057.1428571428573,900.0,900.0,-1113.5593220338983,,,,,,,,,,,,,,,,,,,,,,,,,,,,,,,,,,,,,,,,,,,,,,,,,,,,,,,,18.3,20.414285714285715,-0.1999999999999993,3.5,-2.6213559322033895,8.233333333333333,10.228571428571428,2.0,3.8000000000000007,0.7206779661016967,12.933333333333332,15.028571428571428,0.9000000000000004,3.1000000000000014,-1.499661016949151,73.66666666666667,69.28571428571429,10.0,5.0,13.45084745762712,1018.7666666666669,1015.4428571428572,-7.7000000000000455,-6.0,-4.723050847457557,14.133333333333333,15.328571428571427,0.9000000000000004,0.7000000000000011,-0.49423728813559187,6.033333333333335,3.6142857142857143,14.100000000000001,16.1,12.769830508474577,7.7000000000000455,11.100000000000023,True,0.9000000000000004,0.20000000000000107,2,4,2,False,False,False,False,False,False,False,True,True,0,-0.3958263730305414,0
2026-04-30,88,-0.08,0.07,79,81,97,91,59,66,83,81,93.0,900,1800,,,,,,,,,,,,19.3,9.5,14.1,67,1009.4,23.2,0.3,89.33333333333333,85.71428571428571,0.0,13.0,9.359322033898309,-0.12666666666666662,-0.0657142857142857,-0.12,-0.44,-0.10108474576271187,-0.04333333333333328,-0.05714285714285714,0.09000000000000001,-0.06,0.001292517006802718,83.33333333333333,80.85714285714286,-8.0,10.0,1.8271186440677951,81.0,73.28571428571429,10.0,7.0,7.932203389830505,93.66666666666667,88.28571428571429,1.0,42.0,12.359322033898309,78.66666666666667,77.0,16.0,21.0,11.718644067796603,82.0,82.14285714285714,-39.0,-7.0,-26.616949152542375,75.66666666666667,75.0,-11.0,-2.0,-10.200000000000003,94.0,91.85714285714286,-16.0,16.0,7.200000000000003,83.33333333333333,81.14285714285714,-10.0,8.0,7.0338983050847474,94.33333333333333,94.14285714285714,1.0,-6.0,7.649484536082468,4500.0,4114.285714285715,-5400.0,-900.0,-3966.1016949152545,2100.0,2314.285714285714,-900.0,900.0,-2013.5593220338983,,,,,,,,,,,,,,,,,,,,,,,,,,,,,,,,,,,,,,,,,,,,,,,,,,,,,,,,18.03333333333333,19.12857142857143,2.0,-0.8000000000000007,-0.6213559322033895,9.766666666666666,9.485714285714284,-1.4000000000000004,4.6,-0.6793220338983037,13.266666666666666,13.942857142857145,0.7999999999999989,1.0,-0.6996610169491522,73.0,71.71428571428571,-14.0,-2.0,-0.5491525423728802,1014.0333333333334,1014.9142857142857,-3.1000000000000227,-14.200000000000045,-7.82305084745758,18.03333333333333,16.37142857142857,7.299999999999999,11.7,6.805762711864407,6.1333333333333355,3.6571428571428575,-15.8,0.3,-3.030169491525424,3.1000000000000227,10.800000000000068,False,0.7999999999999989,1.6999999999999993,3,4,2,False,False,False,False,False,False,False,True,False,0,-0.40053169114139664,0
2026-05-01,79,-0.05,-0.12,74,87,88,86,93,69,52,65,87.0,6300,7200,,,,,,,,,,,,18.3,5.5,12.2,57,1013.7,14.1,0.5,85.0,85.42857142857143,-9.0,-13.0,0.35932203389830875,-0.029999999999999933,-0.06428571428571428,0.03,0.29000000000000004,-0.07108474576271187,-0.02333333333333328,-0.05999999999999999,-0.19,0.06,-0.18870748299319728,80.0,80.14285714285714,-5.0,-10.0,-3.172881355932205,79.66666666666667,77.0,6.0,-4.0,13.932203389830505,93.66666666666667,87.14285714285714,-9.0,0.0,3.3593220338983087,84.0,77.42857142857143,-5.0,16.0,6.718644067796603,83.33333333333333,85.85714285714286,34.0,4.0,7.383050847457625,70.66666666666667,74.28571428571429,3.0,-15.0,-7.200000000000003,78.0,85.0,-31.0,-48.0,-23.799999999999997,79.0,79.42857142857143,-16.0,-13.0,-8.966101694915253,90.66666666666667,93.71428571428571,-6.0,-11.0,1.6494845360824684,4500.0,4500.0,5400.0,0.0,1433.8983050847455,3900.0,2571.4285714285716,5400.0,5400.0,3386.4406779661017,,,,,,,,,,,,,,,,,,,,,,,,,,,,,,,,,,,,,,,,,,,,,,,,,,,,,,,,18.3,17.8,-1.0,0.8000000000000007,-1.6213559322033895,8.633333333333331,8.028571428571428,-4.0,-3.4000000000000004,-4.679322033898304,13.200000000000001,12.657142857142858,-1.9000000000000004,-0.20000000000000107,-2.5996610169491525,68.33333333333333,71.85714285714286,-10.0,-14.0,-10.54915254237288,1011.8666666666668,1015.6,4.300000000000068,-6.5,-3.5230508474575117,17.73333333333333,16.128571428571426,-9.1,-0.9000000000000004,-2.2942372881355926,5.6333333333333355,3.4714285714285715,0.2,-1.5,-2.8301694915254236,-4.300000000000068,-1.2000000000000455,False,1.9000000000000004,1.1000000000000014,4,5,2,False,False,False,False,False,False,False,True,False,0,-0.3924056754168263,0
2026-05-02,88,-0.37,-0.12,81,62,83,91,96,83,100,71,89.0,2700,4500,,,,,,,,,,,,15.1,8.0,11.8,54,1013.5,17.9,0.0,85.0,85.85714285714286,9.0,0.0,9.359322033898309,-0.1666666666666666,-0.11285714285714285,-0.32,-0.41,-0.39108474576271185,-0.05666666666666661,-0.05999999999999999,0.0,-0.09999999999999999,-0.18870748299319728,78.0,80.28571428571429,7.0,-6.0,3.827118644067795,76.66666666666667,79.14285714285714,-25.0,-9.0,-11.067796610169495,89.33333333333333,85.0,-5.0,-13.0,-1.6406779661016913,89.33333333333333,78.57142857142857,5.0,16.0,11.718644067796603,82.66666666666667,85.57142857142857,3.0,-2.0,10.383050847457625,72.66666666666667,75.14285714285714,14.0,6.0,6.799999999999997,78.33333333333333,85.85714285714286,48.0,1.0,24.200000000000003,72.33333333333333,78.85714285714286,6.0,-20.0,-2.9661016949152526,89.66666666666667,93.71428571428571,2.0,-3.0,3.6494845360824684,3300.0,4371.428571428572,-3600.0,-3600.0,-2166.1016949152545,4500.0,2957.1428571428573,-2700.0,1800.0,686.4406779661017,,,,,,,,,,,,,,,,,,,,,,,,,,,,,,,,,,,,,,,,,,,,,,,,,,,,,,,,17.566666666666666,17.342857142857145,-3.200000000000001,-2.200000000000001,-4.8213559322033905,7.666666666666664,7.828571428571429,2.5,-2.9000000000000004,-2.1793220338983037,12.700000000000001,12.442857142857145,-0.3999999999999986,-1.5,-2.999661016949151,59.333333333333336,67.85714285714286,-3.0,-27.0,-13.54915254237288,1012.2000000000002,1015.9142857142857,-0.20000000000004547,1.0,-3.723050847457557,18.4,16.114285714285714,3.799999999999999,1.9999999999999982,1.5057627118644064,0.2666666666666679,2.7,-0.5,-16.1,-3.3301694915254236,0.20000000000004547,-4.100000000000023,False,0.3999999999999986,2.299999999999999,5,5,2,False,False,False,False,False,False,False,True,False,0,-0.38233530164095864,0
2026-05-03,85,-0.02,-0.03,80,85,86,91,71,96,100,64,83.0,1800,4500,,,,,,,,,,,,17.4,5.1,10.9,41,1015.6,21.1,0.0,84.0,85.0,-3.0,-3.0,6.359322033898309,-0.14666666666666658,-0.06571428571428571,0.35,0.06,-0.041084745762711865,-0.08999999999999996,-0.03857142857142857,0.09,-0.1,-0.09870748299319729,78.33333333333333,79.14285714285714,-1.0,1.0,2.827118644067795,78.0,78.71428571428571,23.0,4.0,11.932203389830505,85.66666666666667,84.71428571428571,3.0,-11.0,1.3593220338983087,89.33333333333333,82.0,0.0,0.0,11.718644067796603,86.66666666666667,81.71428571428571,-25.0,12.0,-14.616949152542375,82.66666666666667,77.57142857142857,13.0,30.0,19.799999999999997,84.0,85.85714285714286,0.0,17.0,24.200000000000003,66.66666666666667,74.71428571428571,-7.0,-17.0,-9.966101694915253,86.33333333333333,91.57142857142857,-6.0,-10.0,-2.3505154639175316,3600.0,3728.5714285714284,-900.0,900.0,-3066.1016949152545,5400.0,3342.8571428571427,0.0,2700.0,686.4406779661017,,,,,,,,,,,,,,,,,,,,,,,,,,,,,,,,,,,,,,,,,,,,,,,,,,,,,,,,16.933333333333334,17.857142857142858,2.299999999999999,-1.9000000000000021,-2.5213559322033916,6.199999999999998,7.542857142857143,-2.9000000000000004,-4.4,-5.079322033898304,11.633333333333333,12.542857142857144,-0.9000000000000004,-3.1999999999999993,-3.8996610169491515,50.666666666666664,62.857142857142854,-13.0,-26.0,-26.54915254237288,1014.2666666666668,1015.5,2.1000000000000227,6.2000000000000455,-1.6230508474575345,17.7,16.957142857142856,3.200000000000003,-2.099999999999998,4.705762711864409,0.16666666666666785,2.7,0.0,-0.3,-3.3301694915254236,-2.1000000000000227,-1.8999999999999773,False,0.9000000000000004,1.299999999999999,6,5,2,False,False,False,False,False,False,False,True,False,0,-0.3953438294908279,0
2026-05-04,88,-0.3,-0.19,83,66,90,89,88,81,100,79,83.0,2700,0,,,,,,,,,,,,26.8,9.0,17.3,38,1013.0,24.1,0.0,87.0,86.85714285714286,3.0,9.0,9.359322033898309,-0.2299999999999999,-0.15999999999999998,-0.27999999999999997,-0.25,-0.32108474576271184,-0.11333333333333329,-0.08428571428571428,-0.16,-0.07,-0.2587074829931973,81.33333333333333,81.14285714285714,3.0,9.0,5.827118644067795,71.0,77.57142857142857,-19.0,-21.0,-7.067796610169495,86.33333333333333,89.71428571428571,4.0,2.0,5.359322033898309,90.33333333333333,84.71428571428571,-2.0,3.0,9.718644067796603,85.0,84.85714285714286,17.0,-5.0,2.383050847457625,86.66666666666667,79.42857142857143,-15.0,12.0,4.799999999999997,100.0,90.57142857142857,0.0,48.0,24.200000000000003,71.33333333333333,75.57142857142857,15.0,14.0,5.0338983050847474,85.0,89.28571428571429,0.0,-4.0,-2.3505154639175316,2400.0,3857.1428571428573,900.0,-3600.0,-2166.1016949152545,3000.0,3214.285714285714,-4500.0,-7200.0,-3813.5593220338983,,,,,,,,,,,,,,,,,,,,,,,,,,,,,,,,,,,,,,,,,,,,,,,,,,,,,,,,19.766666666666666,18.814285714285717,9.400000000000002,8.5,6.8786440677966105,7.3666666666666645,8.12857142857143,3.9000000000000004,3.5,-1.1793220338983037,13.333333333333334,13.142857142857144,6.4,5.100000000000001,2.500338983050849,44.333333333333336,58.42857142857143,-3.0,-19.0,-29.54915254237288,1014.0333333333334,1013.9857142857143,-2.6000000000000227,-0.7000000000000455,-4.223050847457557,21.03333333333333,18.75714285714286,3.0,10.000000000000002,7.705762711864409,0.0,2.7,0.0,-0.5,-3.3301694915254236,2.6000000000000227,0.5,False,6.4,5.5,0,5,2,False,False,False,False,False,False,False,True,False,0,-0.3937934382693986,0
2026-05-05,77,0.33,0.0,78,71,76,54,97,78,100,76,77.0,17100,0,,,,,,,,,,,,29.4,16.4,23.0,35,1010.7,26.1,0.0,83.33333333333333,84.71428571428571,-11.0,-11.0,-1.6406779661016913,0.0033333333333334103,-0.06428571428571427,0.63,0.7,0.30891525423728816,-0.07333333333333329,-0.058571428571428566,0.19,0.12,-0.06870748299319729,80.33333333333333,80.28571428571429,-5.0,-3.0,0.8271186440677951,74.0,74.71428571428571,5.0,9.0,-2.067796610169495,84.0,88.0,-14.0,-7.0,-8.640677966101691,78.0,82.42857142857143,-35.0,-37.0,-25.281355932203397,85.33333333333333,86.0,9.0,1.0,11.383050847457625,85.0,78.57142857142857,-3.0,-5.0,1.7999999999999972,100.0,90.57142857142857,0.0,0.0,24.200000000000003,73.0,75.28571428571429,-3.0,5.0,2.0338983050847474,81.0,86.28571428571429,-6.0,-12.0,-8.350515463917532,7200.0,5400.0,14400.0,14400.0,12233.898305084746,1500.0,2957.1428571428573,0.0,-4500.0,-3813.5593220338983,,,,,,,,,,,,,,,,,,,,,,,,,,,,,,,,,,,,,,,,,,,,,,,,,,,,,,,,24.53333333333333,20.514285714285712,2.599999999999998,14.299999999999999,9.478644067796608,10.166666666666664,9.2,7.399999999999999,8.399999999999999,6.220677966101695,17.066666666666666,14.657142857142858,5.699999999999999,11.2,8.200338983050848,38.0,53.285714285714285,-3.0,-19.0,-32.54915254237288,1013.1000000000003,1012.6285714285714,-2.2999999999999545,-2.7999999999999545,-6.523050847457512,23.766666666666666,20.342857142857145,2.0,8.200000000000003,9.70576271186441,0.0,2.4142857142857146,0.0,0.0,-3.3301694915254236,2.2999999999999545,4.899999999999977,False,5.699999999999999,12.1,1,5,2,False,False,False,True,False,False,False,True,False,0,-0.43652072297908473,0
2026-05-06,62,0.38,0.1,81,78,41,83,98,60,100,92,77.0,8100,1800,,,,,,,,,,,,22.3,16.1,19.5,70,1009.5,26.2,8.3,75.66666666666667,81.0,-15.0,-23.0,-16.64067796610169,0.13666666666666674,-0.015714285714285698,0.04999999999999999,0.4,0.35891525423728815,-0.029999999999999954,-0.04142857142857142,0.1,0.13,0.03129251700680272,80.66666666666667,79.42857142857143,3.0,1.0,3.827118644067795,71.66666666666667,75.71428571428571,7.0,-7.0,4.932203389830505,69.0,80.14285714285714,-35.0,-45.0,-43.64067796610169,75.33333333333333,83.57142857142857,29.0,-8.0,3.7186440677966033,94.33333333333333,86.0,1.0,27.0,12.383050847457625,73.0,76.14285714285714,-18.0,-36.0,-16.200000000000003,100.0,90.71428571428571,0.0,0.0,24.200000000000003,82.33333333333333,75.42857142857143,16.0,28.0,18.033898305084747,79.0,84.14285714285714,0.0,-6.0,-8.350515463917532,9300.0,5657.142857142857,-9000.0,6300.0,3233.8983050847455,600.0,2828.5714285714284,1800.0,-2700.0,-2013.5593220338983,,,,,,,,,,,,,,,,,,,,,,,,,,,,,,,,,,,,,,,,,,,,,,,,,,,,,,,,26.166666666666668,21.228571428571428,-7.099999999999998,4.900000000000002,2.3786440677966105,13.83333333333333,9.942857142857141,-0.29999999999999716,11.000000000000002,5.920677966101698,19.933333333333334,15.542857142857144,-3.5,8.6,4.700338983050848,47.666666666666664,51.714285714285715,35.0,29.0,2.4508474576271198,1011.066666666667,1012.1999999999999,-1.2000000000000455,-6.100000000000023,-7.723050847457557,25.466666666666665,21.814285714285717,0.09999999999999787,5.099999999999998,9.805762711864407,2.766666666666668,1.3000000000000003,8.3,8.3,4.969830508474577,1.2000000000000455,3.5,False,3.5,2.1999999999999993,2,5,2,False,False,False,True,False,False,True,True,False,1,-0.44325491030637204,0
2026-05-07,86,0.1,0.01,85,83,95,81,97,79,86,84,71.0,9000,900,,,,,,,,,,,,18.5,11.1,13.7,68,1011.0,14.9,1.6,75.0,80.71428571428571,24.0,-2.0,7.359322033898309,0.2700000000000001,0.010000000000000018,-0.28,0.4,0.07891525423728814,0.036666666666666715,-0.049999999999999996,-0.09000000000000001,0.2,-0.05870748299319729,81.33333333333333,80.28571428571429,4.0,2.0,7.827118644067795,77.33333333333333,76.0,5.0,17.0,9.932203389830505,70.66666666666667,79.85714285714286,54.0,5.0,10.359322033898309,72.66666666666667,82.14285714285714,-2.0,-8.0,1.7186440677966033,97.33333333333333,91.42857142857143,-1.0,9.0,11.383050847457625,72.33333333333333,78.0,19.0,-2.0,2.799999999999997,95.33333333333333,91.14285714285714,-14.0,-14.0,10.200000000000003,84.0,75.85714285714286,-8.0,5.0,10.033898305084747,75.0,81.0,-6.0,-12.0,-14.350515463917532,11400.0,6814.285714285715,900.0,6300.0,4133.8983050847455,900.0,2700.0,-900.0,900.0,-2913.5593220338983,,,,,,,,,,,,,,,,,,,,,,,,,,,,,,,,,,,,,,,,,,,,,,,,,,,,,,,,23.400000000000002,21.114285714285717,-3.8000000000000007,-8.3,-1.4213559322033902,14.533333333333331,10.171428571428573,-5.000000000000002,2.0999999999999996,0.9206779661016959,18.733333333333334,15.485714285714286,-5.800000000000001,-3.6000000000000014,-1.0996610169491525,57.666666666666664,51.857142857142854,-2.0,30.0,0.45084745762711975,1010.4000000000002,1012.4285714285714,1.5,-2.0,-6.223050847457557,22.399999999999995,20.628571428571426,-11.299999999999999,-9.200000000000001,-1.4942372881355919,3.300000000000001,1.4857142857142858,-6.700000000000001,1.6,-1.7301694915254235,-1.5,-0.2999999999999545,False,5.800000000000001,9.3,3,5,2,False,False,False,False,False,False,False,True,False,0,-0.39992007085592424,0
2026-05-08,79,-0.55,0.01,83,95,86,89,85,87,100,71,72.0,7200,0,,,,,,,,,,,,21.6,7.5,14.8,52,1013.4,19.8,0.0,75.66666666666667,80.71428571428571,-7.0,2.0,0.35932203389830875,-0.02333333333333328,-0.06142857142857142,-0.65,-0.8800000000000001,-0.571084745762712,0.04000000000000005,-0.031428571428571424,0.0,0.01,-0.05870748299319729,83.0,81.57142857142857,-2.0,5.0,5.827118644067795,85.33333333333333,77.14285714285714,12.0,24.0,21.932203389830505,74.0,79.57142857142857,-9.0,10.0,1.3593220338983087,84.33333333333333,82.57142857142857,8.0,35.0,9.718644067796603,93.33333333333333,90.28571428571429,-12.0,-12.0,-0.6169491525423751,75.33333333333333,80.57142857142857,8.0,9.0,10.799999999999997,95.33333333333333,98.0,14.0,0.0,24.200000000000003,82.33333333333333,76.71428571428571,-13.0,-5.0,-2.9661016949152526,73.33333333333333,78.85714285714286,1.0,-5.0,-13.350515463917532,8100.0,6942.857142857143,-1800.0,-9900.0,2333.8983050847455,900.0,1671.4285714285713,-900.0,0.0,-3813.5593220338983,,,,,,,,,,,,,,,,,,,,,,,,,,,,,,,,,,,,,,,,,,,,,,,,,,,,,,,,20.8,21.585714285714285,3.1000000000000014,-7.799999999999997,1.6786440677966112,11.566666666666665,10.457142857142857,-3.5999999999999996,-8.899999999999999,-2.6793220338983037,16.0,15.85714285714286,1.1000000000000014,-8.2,0.0003389830508488956,63.333333333333336,51.142857142857146,-16.0,17.0,-15.54915254237288,1011.3000000000002,1012.3857142857144,2.3999999999999773,2.699999999999932,-3.82305084745758,20.299999999999997,21.442857142857143,4.9,-6.300000000000001,3.4057627118644085,3.300000000000001,1.4142857142857144,-1.6,0.0,-3.3301694915254236,-2.3999999999999773,-3.8999999999999773,False,1.1000000000000014,4.699999999999999,4,5,2,False,False,False,False,False,False,False,True,False,0,-0.4052779206594361,0
2026-05-09,73,-0.02,0.18,77,72,62,70,91,68,92,80,62.0,5400,900,,,,,,,,,,,,22.4,12.1,16.4,63,1010.6,15.1,0.5,79.33333333333333,78.57142857142857,-6.0,11.0,-5.640677966101691,-0.15666666666666662,-0.011428571428571422,0.53,-0.4,-0.041084745762711865,0.06666666666666671,0.011428571428571429,0.16999999999999998,0.07999999999999999,0.1112925170068027,81.66666666666667,81.0,-6.0,-4.0,-0.17288135593220488,83.33333333333333,78.57142857142857,-23.0,-6.0,-1.067796610169495,81.0,76.57142857142857,-24.0,21.0,-22.64067796610169,80.0,79.57142857142857,-19.0,-13.0,-9.281355932203397,91.0,89.57142857142857,6.0,-7.0,5.383050847457625,78.0,78.42857142857143,-19.0,8.0,-8.200000000000003,92.66666666666667,96.85714285714286,-8.0,-8.0,16.200000000000003,78.33333333333333,78.0,9.0,-12.0,6.0338983050847474,68.33333333333333,75.0,-10.0,-15.0,-23.35051546391753,7200.0,7328.571428571428,-1800.0,-2700.0,533.8983050847455,600.0,1157.142857142857,900.0,-900.0,-2913.5593220338983,,,,,,,,,,,,,,,,,,,,,,,,,,,,,,,,,,,,,,,,,,,,,,,,,,,,,,,,20.833333333333332,22.62857142857143,0.7999999999999972,0.09999999999999787,2.4786440677966084,10.23333333333333,11.042857142857143,4.6,-4.000000000000002,1.920677966101696,14.966666666666667,16.514285714285712,1.5999999999999979,-3.1000000000000014,1.6003389830508468,61.0,52.42857142857143,11.0,-7.0,-4.54915254237288,1011.6666666666669,1011.9714285714286,-2.7999999999999545,1.1000000000000227,-6.6230508474575345,16.599999999999998,21.04285714285714,-4.700000000000001,-11.1,-1.2942372881355926,0.7000000000000012,1.4857142857142858,0.5,-7.800000000000001,-2.8301694915254236,2.7999999999999545,0.39999999999997726,False,1.5999999999999979,2.6999999999999993,5,5,2,False,False,False,False,False,False,False,True,False,0,-0.4012961296305876,0
2026-05-10,81,-0.3,-0.16,85,84,90,97,96,81,100,75,60.0,4500,0,,,,,,,,,,,,27.2,10.3,18.1,73,1013.0,20.7,0.4,77.66666666666667,78.0,8.0,-5.0,2.3593220338983087,-0.29,-0.05142857142857142,-0.27999999999999997,-0.4,-0.32108474576271184,0.010000000000000037,-0.0071428571428571435,-0.33999999999999997,-0.17,-0.2287074829931973,81.66666666666667,81.71428571428571,8.0,0.0,7.827118644067795,83.66666666666667,78.42857142857143,12.0,1.0,10.932203389830505,79.33333333333333,77.14285714285714,28.0,-5.0,5.359322033898309,85.33333333333333,80.42857142857143,27.0,16.0,17.718644067796603,90.66666666666667,93.14285714285714,5.0,-1.0,10.383050847457625,78.66666666666667,76.28571428571429,13.0,2.0,4.799999999999997,97.33333333333333,96.85714285714286,8.0,14.0,24.200000000000003,75.33333333333333,79.57142857142857,-5.0,-9.0,1.0338983050847474,64.66666666666667,71.71428571428571,-2.0,-11.0,-25.35051546391753,5700.0,7714.285714285715,-900.0,-4500.0,-366.1016949152545,300.0,514.2857142857143,-900.0,-900.0,-3813.5593220338983,,,,,,,,,,,,,,,,,,,,,,,,,,,,,,,,,,,,,,,,,,,,,,,,,,,,,,,,23.733333333333334,24.02857142857143,4.800000000000001,8.7,7.278644067796609,9.966666666666665,11.785714285714286,-1.799999999999999,-0.7999999999999989,0.12067796610169701,16.433333333333334,17.542857142857144,1.7000000000000028,4.400000000000002,3.3003389830508496,62.666666666666664,57.0,10.0,5.0,5.45084745762712,1012.3333333333335,1011.6,2.3999999999999773,2.0,-4.223050847457557,18.533333333333328,20.985714285714284,5.6,5.799999999999999,4.305762711864407,0.3000000000000012,1.542857142857143,-0.09999999999999998,-1.2000000000000002,-2.9301694915254237,-2.3999999999999773,0.39999999999997726,False,1.7000000000000028,3.3000000000000007,6,5,2,False,False,False,False,False,False,False,True,False,0,-0.41079717866098137,0
2026-05-11,81,-0.26,-0.3,79,89,90,81,94,85,99,61,66.0,0,2700,,,,,,,,,,,,16.5,10.8,13.2,61,1020.1,16.2,2.4,78.33333333333333,77.0,0.0,2.0,2.3593220338983087,-0.19333333333333327,-0.04571428571428571,0.03999999999999998,0.29000000000000004,-0.28108474576271186,-0.09333333333333328,-0.022857142857142854,-0.13999999999999999,-0.31,-0.3687074829931973,80.33333333333333,81.14285714285714,-6.0,-4.0,1.8271186440677951,81.66666666666667,81.71428571428571,5.0,-6.0,15.932203389830505,80.66666666666667,77.14285714285714,0.0,4.0,5.359322033898309,82.66666666666667,79.28571428571429,-16.0,-8.0,1.7186440677966033,93.66666666666667,94.0,-2.0,9.0,8.383050847457625,78.0,76.85714285714286,4.0,-2.0,8.799999999999997,97.0,96.71428571428571,-1.0,-1.0,23.200000000000003,72.0,77.0,-14.0,-10.0,-12.966101694915253,62.666666666666664,69.28571428571429,6.0,-6.0,-19.35051546391753,3300.0,7328.571428571428,-4500.0,-7200.0,-4866.1016949152545,1200.0,900.0,2700.0,2700.0,-1113.5593220338983,,,,,,,,,,,,,,,,,,,,,,,,,,,,,,,,,,,,,,,,,,,,,,,,,,,,,,,,22.03333333333333,22.557142857142853,-10.7,-5.100000000000001,-3.42135593220339,11.066666666666663,12.042857142857144,0.5,3.3000000000000007,0.620677966101697,15.9,16.95714285714286,-4.900000000000002,-1.6000000000000014,-1.5996610169491525,65.66666666666667,60.285714285714285,-12.0,9.0,-6.54915254237288,1014.5666666666667,1012.6142857142858,7.100000000000023,6.7000000000000455,2.8769491525424655,17.33333333333333,19.857142857142858,-4.5,-3.6000000000000014,-0.19423728813559293,1.1000000000000012,1.885714285714286,2.0,2.4,-0.9301694915254237,-7.100000000000023,-9.5,True,4.900000000000002,3.1999999999999993,0,5,2,False,False,False,False,False,False,False,False,False,0,-0.40493524238155776,0
2026-05-12,79,0.23,0.04,75,68,86,89,67,87,79,66,74.0,10800,900,,,,,,,,,,,,20.8,7.2,14.0,58,1021.6,11.3,0.0,80.33333333333333,77.28571428571429,-2.0,6.0,0.35932203389830875,-0.10999999999999992,-0.05999999999999999,0.49,0.25,0.20891525423728816,-0.13999999999999996,-0.017142857142857137,0.33999999999999997,-0.13999999999999999,-0.028707482993197288,79.66666666666667,80.71428571428571,-4.0,-2.0,-2.172881355932205,80.33333333333333,81.28571428571429,-21.0,-4.0,-5.067796610169495,88.66666666666667,78.57142857142857,-4.0,24.0,1.3593220338983087,89.0,84.28571428571429,8.0,19.0,9.718644067796603,85.66666666666667,89.71428571428571,-27.0,-24.0,-18.616949152542375,84.33333333333333,78.14285714285714,2.0,19.0,10.799999999999997,92.66666666666667,93.71428571428571,-20.0,-13.0,3.200000000000003,67.33333333333333,75.57142857142857,5.0,-14.0,-7.9661016949152526,66.66666666666667,68.85714285714286,8.0,12.0,-11.350515463917532,5100.0,6428.571428571428,10800.0,5400.0,5933.8983050847455,1200.0,1028.5714285714287,-1800.0,0.0,-2913.5593220338983,,,,,,,,,,,,,,,,,,,,,,,,,,,,,,,,,,,,,,,,,,,,,,,,,,,,,,,,21.5,21.32857142857143,4.300000000000001,-1.5999999999999979,0.8786440677966105,9.433333333333332,10.728571428571428,-3.6000000000000005,-4.8999999999999995,-2.9793220338983035,15.1,15.671428571428574,0.8000000000000007,-2.3999999999999986,-0.7996610169491518,64.0,63.57142857142857,-3.0,-5.0,-9.54915254237288,1018.2333333333336,1014.1714285714287,1.5,11.0,4.3769491525424655,16.066666666666663,17.742857142857144,-4.899999999999999,-3.799999999999999,-5.0942372881355915,0.9333333333333345,1.885714285714286,-2.4,-0.5,-3.3301694915254236,-1.5,-8.600000000000023,False,0.8000000000000007,4.100000000000001,1,5,2,False,False,False,False,False,False,False,True,False,0,-0.39581474953742296,0
2026-05-13,69,-0.02,-0.15,75,68,83,37,96,74,100,73,82.0,5400,900,,,,,,,,,,,,24.1,13.1,17.3,58,1013.1,21.7,10.1,76.33333333333333,78.28571428571429,-10.0,-12.0,-9.640677966101691,-0.016666666666666594,-0.11714285714285715,-0.25,0.27999999999999997,-0.041084745762711865,-0.13666666666666663,-0.05285714285714286,-0.19,0.010000000000000009,-0.21870748299319728,76.33333333333333,79.85714285714286,0.0,-10.0,-2.172881355932205,75.0,79.85714285714286,0.0,-16.0,-5.067796610169495,86.33333333333333,84.57142857142857,-3.0,-7.0,-1.6406779661016913,69.0,77.71428571428571,-52.0,-60.0,-42.2813559322034,85.66666666666667,89.42857142857143,29.0,0.0,10.383050847457625,82.0,80.14285714285714,-13.0,-7.0,-2.200000000000003,92.66666666666667,93.71428571428571,21.0,0.0,24.200000000000003,66.66666666666667,72.85714285714286,7.0,-2.0,-0.9661016949152526,74.0,69.57142857142857,8.0,22.0,-3.3505154639175316,5400.0,6042.857142857143,-5400.0,900.0,533.8983050847455,1500.0,900.0,0.0,900.0,-2913.5593220338983,,,,,,,,,,,,,,,,,,,,,,,,,,,,,,,,,,,,,,,,,,,,,,,,,,,,,,,,20.466666666666665,21.585714285714285,3.3000000000000007,-3.099999999999998,4.178644067796611,10.366666666666665,10.3,5.8999999999999995,2.799999999999999,2.920677966101696,14.833333333333334,15.35714285714286,3.3000000000000007,-0.8000000000000007,2.500338983050849,59.0,61.857142857142854,0.0,-15.0,-9.54915254237288,1018.2666666666669,1014.6857142857143,-8.5,0.10000000000002274,-4.1230508474575345,16.399999999999995,17.1,10.399999999999999,1.0,5.305762711864407,4.166666666666668,2.142857142857143,10.1,9.7,6.769830508474576,8.5,7.0,True,3.3000000000000007,4.100000000000001,2,5,2,False,False,False,False,False,False,True,True,True,1,-0.4069599170433505,0
2026-05-14,85,-0.03,-0.04,80,78,81,83,95,73,88,76,84.0,9900,900,,,,,,,,,,,,16.8,11.1,13.6,69,1010.4,19.9,1.2,77.66666666666667,78.14285714285714,16.0,4.0,6.359322033898309,0.06000000000000008,-0.1357142857142857,-0.009999999999999998,0.23,-0.05108474576271187,-0.04999999999999994,-0.06,0.10999999999999999,0.26,-0.1087074829931973,76.66666666666667,79.14285714285714,5.0,1.0,2.827118644067795,71.33333333333333,79.14285714285714,10.0,-11.0,4.932203389830505,83.33333333333333,82.57142857142857,-2.0,-9.0,-3.6406779661016913,69.66666666666667,78.0,46.0,2.0,3.7186440677966033,86.0,89.14285714285714,-1.0,1.0,9.383050847457625,78.0,79.28571428571429,-1.0,-12.0,-3.200000000000003,89.0,94.0,-12.0,-11.0,12.200000000000003,71.66666666666667,71.71428571428571,3.0,15.0,2.0338983050847474,80.0,71.42857142857143,2.0,18.0,-1.3505154639175316,8700.0,6171.428571428572,4500.0,9900.0,5033.8983050847455,900.0,900.0,0.0,-1800.0,-2913.5593220338983,,,,,,,,,,,,,,,,,,,,,,,,,,,,,,,,,,,,,,,,,,,,,,,,,,,,,,,,20.566666666666666,21.342857142857145,-7.300000000000001,0.3000000000000007,-3.1213559322033895,10.466666666666663,10.3,-2.0,0.29999999999999893,0.9206779661016959,14.966666666666667,15.342857142857143,-3.700000000000001,0.40000000000000036,-1.1996610169491522,61.666666666666664,62.0,11.0,8.0,1.4508474576271198,1015.0333333333334,1014.6000000000001,-2.7000000000000455,-9.700000000000045,-6.82305084745758,17.63333333333333,17.814285714285713,-1.8000000000000007,3.6999999999999993,3.5057627118644064,3.7666666666666675,2.085714285714286,-8.9,-1.2,-2.1301694915254235,2.7000000000000455,11.200000000000045,False,3.700000000000001,0.40000000000000036,3,5,2,False,False,False,False,False,False,False,True,False,0,-0.38668384258092314,0
2026-05-15,76,0.09,0.14,79,55,81,86,84,67,100,82,85.0,4500,900,,,,,,,,,,,,21.3,10.1,15.5,56,1015.1,18.1,0.0,76.66666666666667,77.71428571428571,-9.0,-3.0,-2.6406779661016913,0.01333333333333341,-0.044285714285714275,0.12,-0.14,0.06891525423728813,-0.016666666666666607,-0.041428571428571426,0.18000000000000002,0.1,0.07129251700680272,78.0,78.57142857142857,-1.0,4.0,1.8271186440677951,67.0,73.42857142857143,-23.0,-13.0,-18.067796610169495,81.66666666666667,81.85714285714286,0.0,-5.0,-3.6406779661016913,68.66666666666667,77.57142857142857,3.0,-3.0,6.718644067796603,91.66666666666667,89.0,-11.0,17.0,-1.6169491525423751,71.33333333333333,76.42857142857143,-6.0,-20.0,-9.200000000000003,96.0,94.0,12.0,21.0,24.200000000000003,77.0,73.28571428571429,6.0,16.0,8.033898305084747,83.66666666666667,73.28571428571429,1.0,11.0,-0.35051546391753163,6600.0,5785.714285714285,-5400.0,-6300.0,-366.1016949152545,900.0,1028.5714285714287,0.0,0.0,-2913.5593220338983,,,,,,,,,,,,,,,,,,,,,,,,,,,,,,,,,,,,,,,,,,,,,,,,,,,,,,,,20.733333333333334,21.300000000000004,4.5,0.5,1.3786440677966105,11.433333333333332,10.671428571428573,-1.0,2.8999999999999995,-0.07932203389830406,15.466666666666667,15.442857142857141,1.9000000000000004,1.5,0.7003389830508482,61.0,62.57142857142857,-13.0,-2.0,-11.54915254237288,1012.8666666666668,1014.842857142857,4.7000000000000455,-6.5,-2.1230508474575345,19.899999999999995,17.571428571428573,-1.7999999999999972,6.800000000000001,1.7057627118644092,3.7666666666666675,2.085714285714286,-1.2,0.0,-3.3301694915254236,-4.7000000000000455,-2.0,False,1.9000000000000004,1.8000000000000007,4,5,2,False,False,False,False,False,False,False,True,False,0,-0.37572959075164103,0
2026-05-16,81,0.37,0.15,86,58,95,97,98,68,96,89,90.0,8100,900,,,,,,,,,,,,28.6,10.9,19.6,60,1017.7,19.2,0.7,80.66666666666667,78.85714285714286,5.0,12.0,2.3593220338983087,0.1433333333333334,0.011428571428571439,0.28,0.39,0.34891525423728814,0.08333333333333338,-0.04571428571428571,0.009999999999999981,0.3,0.0812925170068027,81.66666666666667,79.85714285714286,7.0,11.0,8.827118644067795,63.666666666666664,71.42857142857143,3.0,-10.0,-15.067796610169495,85.66666666666667,86.57142857142857,14.0,12.0,10.359322033898309,88.66666666666667,81.42857142857143,11.0,60.0,17.718644067796603,92.33333333333333,90.0,14.0,2.0,12.383050847457625,69.33333333333333,76.42857142857143,1.0,-6.0,-8.200000000000003,94.66666666666667,94.57142857142857,-4.0,-4.0,20.200000000000003,82.33333333333333,74.57142857142857,7.0,16.0,15.033898305084747,86.33333333333333,77.28571428571429,5.0,8.0,4.649484536082468,7500.0,6171.428571428572,3600.0,2700.0,3233.8983050847455,900.0,1028.5714285714287,0.0,0.0,-2913.5593220338983,,,,,,,,,,,,,,,,,,,,,,,,,,,,,,,,,,,,,,,,,,,,,,,,,,,,,,,,22.233333333333334,22.185714285714287,7.300000000000001,4.5,8.678644067796611,10.699999999999998,10.5,0.8000000000000007,-2.1999999999999993,0.7206779661016967,16.233333333333334,15.900000000000002,4.100000000000001,2.3000000000000007,4.80033898305085,61.666666666666664,62.142857142857146,4.0,2.0,-7.54915254237288,1014.4000000000002,1015.8571428571429,2.6000000000000227,4.600000000000023,0.47694915254248826,19.066666666666663,18.157142857142855,1.0999999999999979,-2.5,2.805762711864407,0.6333333333333345,2.1142857142857143,0.7,-9.4,-2.6301694915254235,-2.6000000000000227,-7.300000000000068,False,4.100000000000001,6.000000000000002,5,5,2,False,False,False,True,False,False,False,True,False,0,-0.3743095834596029,0
2026-05-17,45,0.5,0.23,66,55,67,86,73,62,53,66,94.0,4500,1800,,,,,,,,,,,,29.7,16.5,23.4,66,1018.6,12.5,1.8,67.33333333333333,73.71428571428571,-36.0,-40.0,-33.64067796610169,0.32000000000000006,0.12571428571428572,0.13,0.53,0.47891525423728815,0.17333333333333337,0.010000000000000009,0.08000000000000002,0.27,0.16129251700680272,77.0,77.14285714285714,-20.0,-14.0,-11.172881355932205,56.0,67.28571428571429,-3.0,-23.0,-18.067796610169495,81.0,83.28571428571429,-28.0,-14.0,-17.64067796610169,89.66666666666667,79.85714285714286,-11.0,3.0,6.718644067796603,85.0,86.71428571428571,-25.0,-22.0,-12.616949152542375,65.66666666666667,73.71428571428571,-6.0,-11.0,-14.200000000000003,83.0,87.85714285714286,-43.0,-35.0,-22.799999999999997,79.0,73.28571428571429,-23.0,-10.0,-7.9661016949152526,89.66666666666667,82.14285714285714,4.0,10.0,8.649484536082468,5700.0,6171.428571428572,-3600.0,-5400.0,-366.1016949152545,1200.0,1285.7142857142858,900.0,900.0,-2013.5593220338983,,,,,,,,,,,,,,,,,,,,,,,,,,,,,,,,,,,,,,,,,,,,,,,,,,,,,,,,26.533333333333335,22.542857142857144,1.0999999999999979,12.899999999999999,9.778644067796609,12.499999999999998,11.385714285714286,5.6,5.4,6.320677966101696,19.5,16.657142857142862,3.799999999999997,9.799999999999999,8.600338983050847,60.666666666666664,61.142857142857146,6.0,-3.0,-1.5491525423728802,1017.1333333333336,1016.657142857143,0.8999999999999773,8.200000000000045,1.3769491525424655,16.599999999999998,16.985714285714288,-6.699999999999999,-7.399999999999999,-3.8942372881355922,0.8333333333333345,2.314285714285714,1.1,0.6000000000000001,-1.5301694915254236,-0.8999999999999773,-3.5,False,3.799999999999997,7.899999999999999,6,5,2,False,False,False,True,False,True,True,True,False,1,-0.43532108472840353,0
2026-05-18,89,0.17,0.21,91,67,86,91,100,84,100,96,94.0,9900,0,,,,,,,,,,,,34.7,18.9,27.4,56,1020.3,13.0,0.0,71.66666666666667,74.85714285714286,44.0,13.0,10.359322033898309,0.34666666666666673,0.18714285714285714,-0.32999999999999996,0.08000000000000002,0.14891525423728816,0.19666666666666668,0.08285714285714287,-0.020000000000000018,0.06999999999999998,0.1412925170068027,81.0,78.85714285714286,25.0,12.0,13.827118644067795,60.0,64.14285714285714,12.0,12.0,-6.067796610169495,82.66666666666667,82.71428571428571,19.0,5.0,1.3593220338983087,91.33333333333333,81.28571428571429,5.0,5.0,11.718644067796603,90.33333333333333,87.57142857142857,27.0,16.0,14.383050847457625,71.33333333333333,73.57142857142857,22.0,17.0,7.799999999999997,83.0,88.0,47.0,0.0,24.200000000000003,83.66666666666667,78.28571428571429,30.0,14.0,22.033898305084747,92.66666666666667,86.14285714285714,0.0,9.0,8.649484536082468,7500.0,7585.714285714285,5400.0,5400.0,5033.8983050847455,900.0,900.0,-1800.0,-900.0,-3813.5593220338983,,,,,,,,,,,,,,,,,,,,,,,,,,,,,,,,,,,,,,,,,,,,,,,,,,,,,,,,31.0,25.142857142857142,5.0000000000000036,13.400000000000002,14.778644067796613,15.433333333333332,12.542857142857144,2.3999999999999986,8.799999999999999,8.720677966101695,23.466666666666665,18.685714285714287,4.0,11.899999999999999,12.600338983050847,60.666666666666664,60.42857142857143,-10.0,0.0,-11.54915254237288,1018.8666666666668,1016.6857142857143,1.6999999999999318,5.199999999999932,3.0769491525423973,14.899999999999997,16.52857142857143,0.5,-5.100000000000001,-3.3942372881355922,0.8333333333333345,1.9714285714285713,-1.8,0.0,-3.3301694915254236,-1.6999999999999318,-2.599999999999909,False,4.0,7.799999999999997,0,5,2,False,False,False,False,False,False,False,True,False,0,-0.4090055769614579,0
2026-05-19,62,0.3,0.4,71,54,88,97,67,56,94,65,94.0,0,4500,,,,,,,,,,,,35.5,22.2,28.9,50,1018.8,13.0,0.0,65.33333333333333,72.42857142857143,-27.0,-19.0,-16.64067796610169,0.3233333333333334,0.19714285714285715,0.12999999999999998,-0.07,0.27891525423728813,0.2800000000000001,0.13428571428571429,0.19000000000000003,0.25,0.33129251700680273,76.0,78.28571428571429,-20.0,-15.0,-6.172881355932205,58.666666666666664,62.142857142857146,-13.0,-4.0,-19.067796610169495,80.33333333333333,83.0,2.0,-7.0,3.3593220338983087,91.33333333333333,82.42857142857143,6.0,0.0,17.718644067796603,80.0,87.57142857142857,-33.0,-31.0,-18.616949152542375,67.33333333333333,69.14285714285714,-28.0,-12.0,-20.200000000000003,82.33333333333333,90.14285714285714,-6.0,-2.0,18.200000000000003,75.66666666666667,78.14285714285714,-31.0,-24.0,-8.966101694915253,94.0,89.0,0.0,4.0,8.649484536082468,4800.0,6042.857142857143,-9900.0,-8100.0,-4866.1016949152545,2100.0,1414.2857142857142,4500.0,3600.0,686.4406779661017,,,,,,,,,,,,,,,,,,,,,,,,,,,,,,,,,,,,,,,,,,,,,,,,,,,,,,,,33.300000000000004,27.24285714285714,0.7999999999999972,6.899999999999999,15.57864406779661,19.2,14.685714285714285,3.3000000000000007,11.299999999999999,12.020677966101696,26.566666666666663,20.814285714285717,1.5,9.299999999999997,14.100338983050847,57.333333333333336,59.285714285714285,-6.0,-10.0,-17.54915254237288,1019.2333333333335,1016.2857142857143,-1.5,1.099999999999909,1.5769491525423973,12.83333333333333,16.771428571428572,0.0,-6.199999999999999,-3.3942372881355922,0.6000000000000012,1.9714285714285713,0.0,-0.7,-3.3301694915254236,1.5,-0.1999999999999318,False,1.5,5.5,1,5,2,False,False,False,False,False,False,True,False,False,0,-0.4254696219735231,0
2026-05-20,83,0.38,0.42,85,73,88,72,98,82,100,85,89.0,4500,3600,,,,,,,,,,,,35.2,21.1,27.1,62,1016.6,19.8,10.6,78.0,74.42857142857143,21.0,38.0,4.359322033898309,0.2833333333333334,0.25428571428571434,0.08000000000000002,-0.12,0.35891525423728815,0.34333333333333343,0.21571428571428572,0.019999999999999962,0.18999999999999997,0.3512925170068027,82.33333333333333,79.71428571428571,14.0,19.0,7.827118644067795,64.66666666666667,62.857142857142854,19.0,18.0,-0.0677966101694949,87.33333333333333,83.71428571428571,0.0,21.0,3.3593220338983087,86.66666666666667,87.42857142857143,-25.0,-14.0,-7.281355932203397,88.33333333333333,87.85714285714286,31.0,25.0,12.383050847457625,74.0,70.28571428571429,26.0,20.0,5.799999999999997,98.0,90.14285714285714,6.0,47.0,24.200000000000003,82.0,79.85714285714286,20.0,19.0,11.033898305084747,92.33333333333333,90.0,-5.0,-5.0,3.6494845360824684,4800.0,5914.285714285715,4500.0,0.0,-366.1016949152545,2700.0,1800.0,-900.0,1800.0,-213.5593220338983,,,,,,,,,,,,,,,,,,,,,,,,,,,,,,,,,,,,,,,,,,,,,,,,,,,,,,,,35.13333333333333,28.82857142857143,-0.29999999999999716,5.5000000000000036,15.278644067796613,20.73333333333333,15.828571428571427,-1.0999999999999979,4.600000000000001,10.920677966101698,27.799999999999997,22.214285714285715,-1.7999999999999972,3.700000000000003,12.30033898305085,56.0,59.857142857142854,12.0,-4.0,-5.54915254237288,1018.5666666666667,1016.7857142857143,-2.199999999999932,-2.0,-0.6230508474575345,15.266666666666666,16.5,6.800000000000001,7.300000000000001,3.4057627118644085,3.5333333333333345,2.0428571428571427,10.6,8.799999999999999,7.269830508474576,2.199999999999932,3.699999999999932,False,1.7999999999999972,0.29999999999999716,2,5,2,False,False,False,True,False,False,False,True,False,0,-0.4048537925974168,0
2026-05-21,60,0.32,0.3,55,30,79,67,53,63,92,38,90.0,0,1800,,,,,,,,,,,,20.6,13.7,17.1,86,1021.4,15.7,10.1,68.33333333333333,70.85714285714286,-23.0,-29.0,-18.64067796610169,0.3333333333333334,0.3042857142857143,-0.06,0.15,0.29891525423728815,0.37333333333333335,0.2642857142857143,-0.12,0.09,0.2312925170068027,70.33333333333333,76.14285714285714,-30.0,-36.0,-22.172881355932205,52.333333333333336,56.0,-43.0,-37.0,-43.067796610169495,85.0,83.42857142857143,-9.0,-7.0,-5.640677966101691,78.66666666666667,85.14285714285714,-5.0,-24.0,-12.281355932203397,72.66666666666667,81.85714285714286,-45.0,-47.0,-32.616949152542375,67.0,68.85714285714286,-19.0,-21.0,-13.200000000000003,95.33333333333333,90.71428571428571,-8.0,-8.0,16.200000000000003,62.666666666666664,74.42857142857143,-47.0,-58.0,-35.96610169491525,91.0,90.85714285714286,1.0,-4.0,4.649484536082468,1500.0,4500.0,-4500.0,-9900.0,-4866.1016949152545,3300.0,1928.5714285714287,-1800.0,1800.0,-2013.5593220338983,,,,,,,,,,,,,,,,,,,,,,,,,,,,,,,,,,,,,,,,,,,,,,,,,,,,,,,,30.433333333333337,29.37142857142857,-14.600000000000001,-14.100000000000001,0.6786440677966112,19.0,16.2,-7.400000000000002,-5.199999999999999,3.5206779661016956,24.366666666666664,22.714285714285715,-10.0,-10.299999999999997,2.3003389830508496,66.0,62.285714285714285,24.0,30.0,18.45084745762712,1018.9333333333334,1018.3571428571429,4.7999999999999545,1.1000000000000227,4.17694915254242,16.166666666666664,15.900000000000002,-4.100000000000001,2.6999999999999993,-0.6942372881355929,6.900000000000001,3.314285714285714,-0.5,10.1,6.769830508474576,-4.7999999999999545,-2.6000000000000227,False,10.0,11.799999999999997,3,5,2,False,False,False,True,False,True,True,False,False,1,-0.4741337845849092,1
2026-05-22,64,0.11,0.28,72,82,81,99,63,70,100,53,91.0,1800,9000,,,,,,,,,,,,14.6,11.2,13.3,95,1025.8,16.8,21.5,69.0,69.14285714285714,4.0,2.0,-14.640677966101691,0.2700000000000001,0.3071428571428572,-0.21000000000000002,-0.19,0.08891525423728813,0.3333333333333333,0.2842857142857143,-0.019999999999999962,-0.12,0.21129251700680274,70.66666666666667,75.14285714285714,17.0,1.0,-5.172881355932205,61.666666666666664,59.857142857142854,52.0,28.0,8.932203389830505,82.66666666666667,83.42857142857143,2.0,-7.0,-3.6406779661016913,79.33333333333333,87.0,32.0,2.0,19.718644067796603,71.33333333333333,78.85714285714286,10.0,-4.0,-22.616949152542375,71.66666666666667,69.28571428571429,7.0,14.0,-6.200000000000003,97.33333333333333,90.71428571428571,8.0,6.0,24.200000000000003,58.666666666666664,70.28571428571429,15.0,-12.0,-20.966101694915253,90.0,91.71428571428571,1.0,-3.0,5.649484536082468,2100.0,4114.285714285715,1800.0,1800.0,-3066.1016949152545,4800.0,3085.714285714286,7200.0,4500.0,5186.440677966102,,,,,,,,,,,,,,,,,,,,,,,,,,,,,,,,,,,,,,,,,,,,,,,,,,,,,,,,23.46666666666667,28.414285714285715,-6.000000000000002,-20.9,-5.3213559322033905,15.33333333333333,16.357142857142858,-2.5,-11.0,1.0206779661016956,19.166666666666668,22.400000000000002,-3.8000000000000007,-15.599999999999998,-1.499661016949151,81.0,67.85714285714286,9.0,45.0,27.45084745762712,1021.2666666666668,1019.8857142857142,4.399999999999977,7.0,8.576949152542397,17.433333333333334,15.714285714285714,1.1000000000000014,3.8000000000000007,0.4057627118644085,14.066666666666668,6.385714285714286,11.4,21.5,18.169830508474575,-4.399999999999977,-9.199999999999932,False,3.8000000000000007,13.8,4,5,2,False,False,False,False,False,False,True,True,False,0,-0.4426066106102212,0
2026-05-23,86,0.03,0.27,96,86,97,97,100,86,97,100,93.0,0,12600,,,,,,,,,,,,13.4,10.5,11.6,93,1027.0,19.2,14.5,70.0,69.85714285714286,22.0,3.0,7.359322033898309,0.1533333333333334,0.2585714285714286,-0.08,-0.35,0.008915254237288135,0.2833333333333334,0.3014285714285715,-0.010000000000000009,-0.14999999999999997,0.20129251700680273,74.33333333333333,76.57142857142857,24.0,11.0,18.827118644067795,66.0,63.857142857142854,4.0,13.0,12.932203389830505,85.66666666666667,83.71428571428571,16.0,9.0,12.359322033898309,87.66666666666667,87.0,-2.0,25.0,17.718644067796603,72.0,79.14285714285714,37.0,2.0,14.383050847457625,73.0,71.85714285714286,16.0,4.0,9.799999999999997,96.33333333333333,90.85714285714286,-3.0,-3.0,21.200000000000003,63.666666666666664,71.85714285714286,47.0,15.0,26.033898305084747,91.33333333333333,92.14285714285714,2.0,4.0,7.649484536082468,600.0,2957.1428571428573,-1800.0,-4500.0,-4866.1016949152545,7800.0,4757.142857142857,3600.0,9000.0,8786.440677966102,,,,,,,,,,,,,,,,,,,,,,,,,,,,,,,,,,,,,,,,,,,,,,,,,,,,,,,,16.200000000000003,26.24285714285714,-1.1999999999999993,-21.800000000000004,-6.52135593220339,11.799999999999997,16.3,-0.6999999999999993,-10.600000000000001,0.3206779661016963,14.0,21.25714285714286,-1.700000000000001,-15.500000000000002,-3.199661016949152,91.33333333333333,72.57142857142857,-2.0,31.0,25.45084745762712,1024.7333333333336,1021.2142857142857,1.2000000000000455,10.399999999999977,9.776949152542443,17.23333333333333,15.714285714285714,2.3999999999999986,-0.6000000000000014,2.805762711864407,15.366666666666667,8.357142857142858,-7.0,3.9000000000000004,11.169830508474575,-1.2000000000000455,-5.600000000000023,False,1.700000000000001,5.500000000000002,5,5,2,False,False,False,False,False,False,False,False,False,0,-0.43033767434593495,0
2026-05-24,70,-0.04,0.18,69,68,95,91,53,93,100,40,89.0,900,16200,,,,,,,,,,,,19.1,11.6,15.0,90,1023.6,12.0,4.9,73.33333333333333,73.42857142857143,-16.0,10.0,-8.640677966101691,0.03333333333333341,0.18142857142857144,-0.07,-0.36,-0.06108474576271186,0.2433333333333334,0.2942857142857143,-0.09000000000000002,-0.12,0.1112925170068027,79.0,77.0,-27.0,14.0,-8.172881355932205,78.66666666666667,65.71428571428571,-18.0,38.0,-5.067796610169495,91.0,87.71428571428571,-2.0,16.0,10.359322033898309,95.66666666666667,87.71428571428571,-6.0,24.0,11.718644067796603,72.0,76.28571428571429,-47.0,0.0,-32.616949152542375,83.0,76.28571428571429,7.0,30.0,16.799999999999997,99.0,97.57142857142857,3.0,8.0,24.200000000000003,64.33333333333333,68.14285714285714,-60.0,2.0,-33.96610169491525,91.0,91.42857142857143,-4.0,-1.0,3.6494845360824684,900.0,2442.8571428571427,900.0,900.0,-3966.1016949152545,12600.0,6814.285714285715,3600.0,14400.0,12386.440677966102,,,,,,,,,,,,,,,,,,,,,,,,,,,,,,,,,,,,,,,,,,,,,,,,,,,,,,,,15.700000000000003,24.72857142857143,5.700000000000001,-1.5,-0.8213559322033888,11.1,15.6,1.0999999999999996,-2.0999999999999996,1.420677966101696,13.299999999999999,20.057142857142857,3.4000000000000004,-2.1000000000000014,0.20033898305084819,92.66666666666667,76.0,-3.0,4.0,22.45084745762712,1025.466666666667,1021.9285714285714,-3.3999999999999773,2.2000000000000455,6.3769491525424655,15.999999999999998,15.642857142857142,-7.199999999999999,-3.6999999999999993,-4.394237288135592,13.633333333333333,8.8,-9.6,-5.199999999999999,1.5698305084745767,3.3999999999999773,2.199999999999932,False,3.4000000000000004,1.6999999999999993,6,5,2,False,False,False,False,False,True,False,True,False,0,-0.4501767012709704,0
2026-05-25,91,0.02,0.09,92,83,74,94,100,84,100,97,89.0,900,1800,,,,,,,,,,,,23.0,15.8,19.6,93,1019.0,8.8,4.7,82.33333333333333,73.71428571428571,21.0,27.0,12.359322033898309,0.003333333333333407,0.16,0.06,-0.09,-0.001084745762711864,0.18000000000000005,0.2771428571428572,-0.09,-0.19000000000000003,0.021292517006802708,85.66666666666667,77.14285714285714,23.0,20.0,14.827118644067795,79.0,68.0,15.0,1.0,9.932203389830505,88.66666666666667,86.0,-21.0,-7.0,-10.640677966101691,94.0,88.14285714285714,3.0,-5.0,14.718644067796603,84.33333333333333,76.28571428571429,47.0,37.0,14.383050847457625,87.66666666666667,76.28571428571429,-9.0,14.0,7.799999999999997,99.0,97.57142857142857,0.0,0.0,24.200000000000003,79.0,68.28571428571429,57.0,44.0,23.033898305084747,90.33333333333333,90.71428571428571,0.0,-2.0,3.6494845360824684,600.0,1157.142857142857,0.0,-900.0,-3966.1016949152545,10200.0,7071.428571428572,-14400.0,-7200.0,-2013.5593220338983,,,,,,,,,,,,,,,,,,,,,,,,,,,,,,,,,,,,,,,,,,,,,,,,,,,,,,,,18.500000000000004,23.05714285714286,3.8999999999999986,8.4,3.07864406779661,12.633333333333333,15.157142857142858,4.200000000000001,4.600000000000001,5.620677966101697,15.4,18.942857142857143,4.600000000000001,6.300000000000001,4.80033898305085,92.0,81.28571428571429,3.0,-2.0,25.45084745762712,1023.2000000000002,1021.7428571428571,-4.600000000000023,-6.7999999999999545,1.7769491525424428,13.33333333333333,15.042857142857144,-3.1999999999999993,-8.0,-7.5942372881355915,8.033333333333335,9.471428571428572,-0.20000000000000018,-16.8,1.3698305084745765,4.600000000000023,8.0,False,4.600000000000001,8.000000000000002,0,5,2,False,False,False,False,False,False,False,True,False,0,-0.4401264372116562,0
2026-05-26,81,0.19,0.12,80,57,96,89,97,89,100,64,83.0,0,15300,,,,,,,,,,,,23.8,17.7,20.6,90,1019.0,8.4,4.4,80.66666666666667,76.42857142857143,-10.0,-5.0,2.3593220338983087,0.05666666666666675,0.14428571428571432,0.17,0.16,0.16891525423728815,0.13000000000000003,0.23714285714285713,0.03,-0.15000000000000002,0.05129251700680271,80.33333333333333,78.42857142857143,-12.0,-16.0,2.827118644067795,69.33333333333333,68.42857142857143,-26.0,-29.0,-16.067796610169495,88.33333333333333,87.14285714285714,22.0,-1.0,11.359322033898309,91.33333333333333,87.0,-5.0,-8.0,9.718644067796603,83.33333333333333,80.57142857142857,-3.0,-3.0,11.383050847457625,88.66666666666667,81.0,5.0,3.0,12.799999999999997,100.0,98.42857142857143,0.0,3.0,24.200000000000003,67.0,68.14285714285714,-33.0,-36.0,-9.966101694915253,87.0,89.14285714285714,-6.0,-10.0,-2.3505154639175316,600.0,1157.142857142857,-900.0,0.0,-4866.1016949152545,11100.0,8614.285714285714,13500.0,2700.0,11486.440677966102,,,,,,,,,,,,,,,,,,,,,,,,,,,,,,,,,,,,,,,,,,,,,,,,,,,,,,,,21.96666666666667,21.38571428571429,0.8000000000000007,10.4,3.8786440677966105,15.033333333333331,14.514285714285714,1.8999999999999986,7.199999999999999,7.520677966101696,18.400000000000002,17.75714285714286,1.0,9.000000000000002,5.80033898305085,91.0,87.0,-3.0,-3.0,22.45084745762712,1020.5333333333334,1021.7714285714285,0.0,-8.0,1.7769491525424428,9.733333333333333,14.385714285714286,-0.40000000000000036,-10.799999999999999,-7.994237288135592,4.666666666666668,10.1,-0.2999999999999998,-10.1,1.0698305084745767,-0.0,4.600000000000023,False,1.0,5.600000000000001,1,5,2,False,False,False,False,False,False,False,False,False,0,-0.4325768266897378,0
2026-05-27,76,0.08,0.06,84,85,96,89,97,90,100,69,82.0,2700,3600,,,,,,,,,,,,26.2,20.4,22.6,89,1013.5,11.9,6.6,82.66666666666667,75.42857142857143,-5.0,6.0,-2.6406779661016913,0.09666666666666675,0.10142857142857144,-0.11,0.12,0.058915254237288134,0.09000000000000004,0.18571428571428572,-0.06,-0.12,-0.00870748299319729,85.33333333333333,78.28571428571429,4.0,15.0,6.827118644067795,75.0,70.14285714285714,28.0,17.0,11.932203389830505,88.66666666666667,88.28571428571429,0.0,1.0,11.359322033898309,90.66666666666667,89.42857142857143,0.0,-2.0,9.718644067796603,98.0,80.42857142857143,0.0,44.0,11.383050847457625,87.66666666666667,82.14285714285714,1.0,-3.0,13.799999999999997,100.0,98.42857142857143,0.0,0.0,24.200000000000003,76.66666666666667,65.85714285714286,5.0,29.0,-4.9661016949152526,84.66666666666667,88.14285714285714,-1.0,-7.0,-3.3505154639175316,1200.0,900.0,2700.0,1800.0,-2166.1016949152545,6900.0,8614.285714285714,-11700.0,-12600.0,-213.5593220338983,,,,,,,,,,,,,,,,,,,,,,,,,,,,,,,,,,,,,,,,,,,,,,,,,,,,,,,,24.333333333333332,20.099999999999998,2.3999999999999986,7.099999999999998,6.278644067796609,17.966666666666665,14.414285714285713,2.6999999999999993,8.799999999999999,10.220677966101695,20.933333333333334,17.114285714285717,2.0,7.600000000000001,7.80033898305085,90.66666666666667,90.85714285714286,-1.0,-1.0,21.45084745762712,1017.1666666666669,1021.3285714285714,-5.5,-10.100000000000023,-3.723050847457557,9.699999999999998,13.257142857142856,3.5,-0.09999999999999964,-4.494237288135592,5.233333333333334,9.528571428571428,2.1999999999999993,1.6999999999999993,3.269830508474576,5.5,5.5,True,2.0,3.0,2,5,2,False,False,False,False,False,False,False,True,True,0,-0.4128193229094468,0
2026-05-28,82,-0.12,0.04,81,34,93,89,97,79,94,80,77.0,900,6300,,,,,,,,,,,,25.4,17.3,21.8,65,1013.2,18.4,0.0,79.66666666666667,78.57142857142857,6.0,-9.0,3.3593220338983087,0.05000000000000008,0.03857142857142859,-0.2,-0.13999999999999999,-0.14108474576271185,0.07333333333333339,0.14857142857142858,-0.019999999999999997,-0.049999999999999996,-0.028707482993197288,81.66666666666667,82.0,-3.0,-11.0,3.827118644067795,58.666666666666664,70.71428571428571,-51.0,-49.0,-39.067796610169495,95.0,90.28571428571429,-3.0,19.0,8.359322033898309,89.0,92.57142857142857,0.0,-5.0,9.718644067796603,97.0,86.71428571428571,0.0,-3.0,11.383050847457625,86.0,84.42857142857143,-11.0,-5.0,2.799999999999997,98.0,98.71428571428571,-6.0,-6.0,18.200000000000003,71.0,71.85714285714286,11.0,-17.0,6.0338983050847474,80.66666666666667,86.28571428571429,-5.0,-12.0,-8.350515463917532,1200.0,1028.5714285714287,-1800.0,0.0,-3966.1016949152545,8400.0,9257.142857142857,2700.0,4500.0,2486.4406779661017,,,,,,,,,,,,,,,,,,,,,,,,,,,,,,,,,,,,,,,,,,,,,,,,,,,,,,,,25.133333333333336,20.785714285714285,-0.8000000000000007,2.3999999999999986,5.478644067796608,18.466666666666665,14.928571428571427,-3.099999999999998,1.5,7.120677966101697,21.666666666666668,17.78571428571429,-0.8000000000000007,2.1999999999999993,7.000338983050849,81.33333333333333,87.85714285714286,-24.0,-28.0,-2.5491525423728802,1015.2333333333336,1020.1571428571427,-0.2999999999999545,-5.7999999999999545,-4.023050847457512,12.899999999999997,13.642857142857142,6.499999999999998,9.599999999999998,2.0057627118644064,3.666666666666668,8.085714285714285,-6.6,-4.7,-3.3301694915254236,0.2999999999999545,5.7999999999999545,False,0.8000000000000007,1.1999999999999993,3,5,2,False,False,False,False,False,False,False,True,False,0,-0.4080794513044378,0
2026-05-29,90,0.18,0.2,82,63,53,78,100,53,100,100,73.0,0,18000,,,,,,,,,,,,25.4,12.2,19.4,56,1015.4,12.7,0.0,82.66666666666667,82.28571428571429,8.0,9.0,11.359322033898309,0.046666666666666745,0.04857142857142859,0.3,-0.010000000000000009,0.15891525423728814,0.10000000000000005,0.13714285714285715,0.16,0.08000000000000002,0.13129251700680272,82.33333333333333,83.42857142857143,1.0,2.0,4.827118644067795,60.666666666666664,68.0,29.0,6.0,-10.067796610169495,80.66666666666667,86.28571428571429,-40.0,-43.0,-31.64067796610169,85.33333333333333,89.57142857142857,-11.0,-11.0,-1.2813559322033967,98.0,92.0,3.0,3.0,14.383050847457625,74.0,82.0,-26.0,-36.0,-23.200000000000003,98.0,98.71428571428571,6.0,0.0,24.200000000000003,83.0,78.57142857142857,20.0,36.0,26.033898305084747,77.33333333333333,83.71428571428571,-4.0,-10.0,-12.350515463917532,1200.0,771.4285714285714,-900.0,0.0,-4866.1016949152545,9300.0,10542.857142857143,11700.0,2700.0,14186.440677966102,,,,,,,,,,,,,,,,,,,,,,,,,,,,,,,,,,,,,,,,,,,,,,,,,,,,,,,,25.666666666666668,22.32857142857143,0.0,1.5999999999999979,5.478644067796608,16.63333333333333,15.071428571428571,-5.100000000000001,-5.5,2.0206779661016956,21.266666666666666,18.657142857142862,-2.400000000000002,-1.2000000000000028,4.600338983050847,70.0,82.28571428571429,-9.0,-34.0,-11.54915254237288,1014.0333333333334,1018.6714285714287,2.199999999999932,-3.6000000000000227,-1.82305084745758,14.33333333333333,13.057142857142855,-5.699999999999999,4.299999999999999,-3.694237288135593,2.200000000000001,5.014285714285713,0.0,-4.4,-3.3301694915254236,-2.199999999999932,-1.8999999999999773,False,2.400000000000002,3.200000000000003,4,5,2,False,False,False,False,False,False,False,False,False,0,-0.43055405176483214,0
2026-05-30,85,-0.16,0.0,79,76,86,97,90,68,87,73,71.0,1800,8100,,,,,,,,,,,,22.2,15.8,19.4,47,1013.7,19.9,0.0,85.66666666666667,82.14285714285714,-5.0,9.0,6.359322033898309,-0.03333333333333326,0.021428571428571443,-0.33999999999999997,-0.24,-0.18108474576271186,0.08000000000000006,0.09857142857142856,-0.2,-0.06,-0.06870748299319729,80.66666666666667,81.0,-3.0,-5.0,1.8271186440677951,57.666666666666664,66.57142857142857,13.0,-9.0,2.932203389830505,77.33333333333333,84.71428571428571,33.0,-10.0,1.3593220338983087,88.0,89.57142857142857,19.0,8.0,17.718644067796603,95.66666666666667,90.57142857142857,-10.0,-7.0,4.383050847457625,66.66666666666667,79.42857142857143,15.0,-22.0,-8.200000000000003,93.66666666666667,97.28571428571429,-13.0,-13.0,11.200000000000003,84.33333333333333,74.71428571428571,-27.0,4.0,-0.9661016949152526,73.66666666666667,80.57142857142857,-2.0,-11.0,-14.350515463917532,900.0,1028.5714285714287,1800.0,-900.0,-3066.1016949152545,10800.0,9900.0,-9900.0,4500.0,4286.440677966102,,,,,,,,,,,,,,,,,,,,,,,,,,,,,,,,,,,,,,,,,,,,,,,,,,,,,,,,24.333333333333332,23.585714285714285,-3.1999999999999993,-4.0,2.278644067796609,15.1,15.828571428571427,3.6000000000000014,-4.599999999999998,5.620677966101697,20.2,19.771428571428572,0.0,-3.200000000000003,4.600338983050847,56.0,75.71428571428571,-9.0,-42.0,-20.54915254237288,1014.1000000000003,1016.7714285714286,-1.6999999999999318,0.20000000000004547,-3.5230508474575117,16.999999999999996,13.157142857142857,7.199999999999999,7.999999999999998,3.5057627118644064,0.0,2.942857142857143,0.0,-6.6,-3.3301694915254236,1.6999999999999318,-0.5,False,0.0,2.400000000000002,5,5,2,False,False,False,False,False,False,False,True,False,0,-0.39969668550984255,0
2026-05-31,92,0.04,0.05,84,55,96,59,100,76,90,92,72.0,3600,2700,68.19469026548673,3.4018693639749387,61.0,82.0,21.0,0.04988466625086531,,,,,,25.8,10.7,19.0,43,1017.9,8.6,0.0,89.0,85.28571428571429,7.0,10.0,13.359322033898309,0.020000000000000077,0.032857142857142876,0.2,0.16,0.018915254237288136,0.08333333333333338,0.08,0.05,0.010000000000000002,-0.018707482993197286,81.66666666666667,83.14285714285714,5.0,3.0,6.827118644067795,64.66666666666667,64.71428571428571,-21.0,21.0,-18.067796610169495,78.33333333333333,84.85714285714286,10.0,3.0,11.359322033898309,78.0,85.0,-38.0,-30.0,-20.281355932203397,96.66666666666667,97.28571428571429,10.0,3.0,14.383050847457625,65.66666666666667,77.0,8.0,-3.0,-0.20000000000000284,92.33333333333333,95.85714285714286,3.0,-4.0,14.200000000000003,88.33333333333333,82.14285714285714,19.0,12.0,18.033898305084747,72.0,78.14285714285714,1.0,-5.0,-13.350515463917532,1800.0,1414.2857142857142,1800.0,2700.0,-1266.1016949152545,9600.0,7971.428571428572,-5400.0,-3600.0,-1113.5593220338983,68.19469026548673,68.19469026548673,,,1.7984401789711484,3.4018693639749387,3.4018693639749387,,,-0.13690457133351108,61.0,61.0,,,2.6666666666666643,82.0,82.0,,,4.0,21.0,21.0,,,1.3333333333333321,0.04988466625086531,0.04988466625086531,,,-0.003313432553434366,,,,,,,,,,,,,,,,,,,,,,,,,,24.46666666666667,24.542857142857144,3.6000000000000014,0.40000000000000213,5.8786440677966105,12.899999999999997,15.7,-5.100000000000001,-6.600000000000001,0.5206779661016956,19.266666666666666,20.342857142857145,-0.3999999999999986,-2.8000000000000007,4.200338983050848,48.666666666666664,69.0,-4.0,-22.0,-24.54915254237288,1015.6666666666669,1015.9571428571428,4.199999999999932,4.699999999999932,0.67694915254242,13.733333333333329,12.671428571428569,-11.299999999999999,-9.799999999999999,-7.794237288135593,0.0,2.242857142857143,0.0,0.0,-3.3301694915254236,-4.199999999999932,-2.5,False,0.3999999999999986,0.3999999999999986,6,5,2,False,False,False,False,False,False,False,True,False,0,-0.5229948873664192,1
2026-06-01,89,0.02,0.08,78,83,74,51,89,75,100,77,81.0,4500,900,,,,,,,,,,,,26.6,14.8,21.3,47,1014.5,17.7,0.0,88.66666666666667,85.0,-3.0,-1.0,10.359322033898309,-0.03333333333333326,0.032857142857142876,-0.02,-0.16,-0.001084745762711864,0.04333333333333339,0.07857142857142858,0.03,-0.12000000000000001,0.011292517006802713,80.33333333333333,81.14285714285714,-6.0,-4.0,0.8271186440677951,71.33333333333333,64.71428571428571,28.0,20.0,9.932203389830505,85.33333333333333,84.85714285714286,-22.0,21.0,-10.640677966101691,69.0,78.85714285714286,-8.0,-27.0,-28.281355932203397,93.0,95.71428571428571,-11.0,-11.0,3.383050847457625,73.0,75.71428571428571,-1.0,22.0,-1.2000000000000028,92.33333333333333,95.85714285714286,10.0,0.0,24.200000000000003,80.66666666666667,79.28571428571429,-15.0,-23.0,3.0338983050847474,74.66666666666667,77.0,9.0,8.0,-4.350515463917532,3300.0,1928.5714285714287,900.0,4500.0,-366.1016949152545,3900.0,7842.857142857143,-1800.0,-17100.0,-2913.5593220338983,68.19469026548673,68.19469026548673,,,,3.4018693639749387,3.4018693639749387,,,,61.0,61.0,,,,82.0,82.0,,,,21.0,21.0,,,,0.04988466625086531,0.04988466625086531,,,,,,,,,,,,,,,,,,,,,,,,,,,,,24.86666666666667,25.057142857142857,0.8000000000000007,1.2000000000000028,6.678644067796611,13.766666666666666,15.557142857142855,4.100000000000001,2.6000000000000014,4.620677966101697,19.899999999999995,20.58571428571429,2.3000000000000007,1.9000000000000021,6.500338983050849,45.666666666666664,62.42857142857143,4.0,-9.0,-20.54915254237288,1015.3666666666668,1015.3142857142857,-3.3999999999999773,-0.8999999999999773,-2.723050847457557,15.399999999999997,13.942857142857141,9.1,5.0,1.305762711864407,0.0,1.5714285714285714,0.0,0.0,-3.3301694915254236,3.3999999999999773,-0.7999999999999545,False,2.3000000000000007,1.9000000000000021,0,6,3,False,False,False,False,False,False,False,True,False,0,-0.46963928787844206,1
2026-06-02,86,-0.11,-0.05,74,72,81,32,82,82,100,71,81.0,6300,1800,,,,,,,,,,,,24.4,12.0,18.8,46,1022.5,15.2,0.0,89.0,85.71428571428571,-3.0,1.0,7.359322033898309,-0.01666666666666659,-0.009999999999999983,-0.13,0.05,-0.13108474576271187,0.026666666666666724,0.054285714285714305,-0.13,-0.05,-0.11870748299319729,78.66666666666667,80.28571428571429,-4.0,-5.0,-3.172881355932205,70.0,66.85714285714286,-11.0,-4.0,-1.067796610169495,83.66666666666667,82.71428571428571,7.0,-5.0,-3.6406779661016913,47.333333333333336,70.71428571428571,-19.0,-65.0,-47.2813559322034,90.33333333333333,93.57142857142857,-7.0,-8.0,-3.616949152542375,77.66666666666667,74.71428571428571,7.0,14.0,5.799999999999997,96.66666666666667,95.85714285714286,0.0,13.0,24.200000000000003,80.0,80.28571428571429,-6.0,-2.0,-2.9661016949152526,78.0,76.71428571428571,0.0,10.0,-4.350515463917532,4800.0,2828.5714285714284,1800.0,4500.0,1433.8983050847455,1800.0,5914.285714285715,900.0,-6300.0,-2013.5593220338983,68.19469026548673,68.19469026548673,,,,3.4018693639749387,3.4018693639749387,,,,61.0,61.0,,,,82.0,82.0,,,,21.0,21.0,,,,0.04988466625086531,0.04988466625086531,,,,,,,,,,,,,,,,,,,,,,,,,,,,,25.600000000000005,25.142857142857142,-2.200000000000003,2.1999999999999993,4.478644067796608,12.499999999999998,14.742857142857142,-2.8000000000000007,-3.8000000000000007,1.8206779661016963,19.7,20.32857142857143,-2.5,-0.5999999999999979,4.000338983050849,45.333333333333336,56.142857142857146,-1.0,-1.0,-21.54915254237288,1018.3000000000002,1015.8142857142857,8.0,8.799999999999955,5.276949152542443,13.83333333333333,14.914285714285715,-2.5,-4.699999999999999,-1.194237288135593,0.0,0.9428571428571428,0.0,0.0,-3.3301694915254236,-8.0,-4.600000000000023,True,2.5,0.1999999999999993,1,6,3,False,False,False,False,False,False,False,True,False,0,-0.45603977569354875,1
2026-06-03,88,-0.16,0.0,78,68,95,86,89,69,83,74,79.0,900,8100,,,,,,,,,,,,27.9,14.2,21.9,37,1023.4,12.3,0.0,87.66666666666667,87.42857142857143,2.0,-4.0,9.359322033898309,-0.08333333333333326,-0.04428571428571427,-0.05,-0.2,-0.18108474576271186,0.010000000000000056,0.04571428571428572,0.05,-0.05,-0.06870748299319729,76.66666666666667,79.42857142857143,4.0,-6.0,0.8271186440677951,74.33333333333333,64.42857142857143,-4.0,13.0,-5.067796610169495,83.33333333333333,82.57142857142857,14.0,-1.0,10.359322033898309,56.333333333333336,70.28571428571429,54.0,27.0,6.718644067796603,86.66666666666667,92.42857142857143,7.0,-11.0,3.383050847457625,75.33333333333333,71.71428571428571,-13.0,-7.0,-7.200000000000003,94.33333333333333,93.42857142857143,-17.0,-7.0,7.200000000000003,74.0,81.0,3.0,-18.0,0.03389830508474745,80.33333333333333,76.28571428571429,-2.0,7.0,-6.350515463917532,3900.0,2571.4285714285716,-5400.0,-2700.0,-3966.1016949152545,3600.0,6557.142857142857,6300.0,5400.0,4286.440677966102,,68.19469026548673,,,,,3.4018693639749387,,,,,61.0,,,,,82.0,,,,,21.0,,,,,0.04988466625086531,,,,,,,,,,,,,,,,,,,,,,,,,,,,,26.3,25.38571428571429,3.5,2.099999999999998,7.978644067796608,13.666666666666664,13.857142857142858,2.1999999999999993,3.5,4.020677966101696,20.666666666666664,20.228571428571428,3.099999999999998,2.8999999999999986,7.100338983050847,43.333333333333336,48.714285714285715,-9.0,-6.0,-30.54915254237288,1020.1333333333336,1017.2285714285715,0.8999999999999773,5.5,6.17694915254242,15.066666666666663,14.971428571428572,-2.8999999999999986,3.700000000000001,-4.0942372881355915,0.0,0.0,0.0,0.0,-3.3301694915254236,-0.8999999999999773,-8.899999999999977,False,3.099999999999998,0.5999999999999979,2,6,3,False,False,False,False,False,False,False,True,False,0,-0.42263061723073153,0
2026-06-04,96,0.0,0.03,95,93,95,81,100,84,100,100,80.0,900,5400,,,,,,,,,,,,31.2,15.5,24.2,41,1020.6,10.3,0.0,90.0,89.42857142857143,8.0,7.0,17.35932203389831,-0.08999999999999993,-0.02714285714285713,0.16,-0.02,-0.021084745762711864,-0.0066666666666666125,0.044285714285714296,0.03,-0.05,-0.03870748299319729,82.33333333333333,81.42857142857143,17.0,17.0,17.827118644067795,77.66666666666667,72.85714285714286,25.0,10.0,19.932203389830505,90.33333333333333,82.85714285714286,0.0,21.0,10.359322033898309,66.33333333333333,69.14285714285714,-5.0,30.0,1.7186440677966033,90.33333333333333,92.85714285714286,11.0,11.0,14.383050847457625,78.33333333333333,72.42857142857143,15.0,9.0,7.799999999999997,94.33333333333333,94.28571428571429,17.0,0.0,24.200000000000003,81.66666666666667,83.85714285714286,26.0,23.0,26.033898305084747,80.0,76.71428571428571,1.0,-1.0,-5.350515463917532,2700.0,2571.4285714285716,0.0,-3600.0,-3966.1016949152545,5100.0,6428.571428571428,-2700.0,4500.0,1586.4406779661017,,68.19469026548673,,,,,3.4018693639749387,,,,,61.0,,,,,82.0,,,,,21.0,,,,,0.04988466625086531,,,,,,,,,,,,,,,,,,,,,,,,,,,,,27.833333333333332,26.214285714285715,3.3000000000000007,4.599999999999998,11.278644067796609,13.899999999999997,13.6,1.3000000000000007,0.6999999999999993,5.320677966101696,21.63333333333333,20.571428571428573,2.3000000000000007,2.8999999999999986,9.400338983050847,41.333333333333336,45.285714285714285,4.0,-6.0,-26.54915254237288,1022.1666666666669,1018.2857142857143,-2.7999999999999545,6.100000000000023,3.3769491525424655,12.6,13.814285714285715,-2.0,-7.399999999999999,-6.0942372881355915,0.0,0.0,0.0,0.0,-3.3301694915254236,2.7999999999999545,1.8999999999999773,False,2.3000000000000007,5.399999999999999,3,6,3,False,False,False,False,False,False,False,True,False,0,-0.4458970807810029,0
2026-06-06,88,0.16,0.04,87,95,96,70,95,66,100,91,80.0,5400,900,,,,,,,,,,,,32.6,20.6,25.9,59,1013.3,21.5,5.4,90.66666666666667,89.14285714285714,-8.0,2.0,9.359322033898309,8.326672684688674e-17,-0.02999999999999998,0.16,0.27,0.13891525423728815,0.02333333333333339,0.021428571428571436,0.010000000000000002,0.09,-0.028707482993197288,86.66666666666667,82.14285714285714,-8.0,13.0,9.827118644067795,85.33333333333333,77.42857142857143,2.0,23.0,21.932203389830505,95.33333333333333,89.0,1.0,15.0,11.359322033898309,79.0,68.0,-11.0,38.0,-9.281355932203397,94.66666666666667,92.14285714285714,-5.0,13.0,9.383050847457625,73.0,74.28571428571429,-18.0,-16.0,-10.200000000000003,94.33333333333333,94.28571428571429,0.0,0.0,24.200000000000003,88.33333333333333,82.57142857142857,-9.0,20.0,17.033898305084747,79.66666666666667,77.71428571428571,0.0,-1.0,-5.350515463917532,2400.0,3342.8571428571427,4500.0,-900.0,533.8983050847455,4800.0,3985.714285714286,-4500.0,-900.0,-2913.5593220338983,,68.19469026548673,,,,,3.4018693639749387,,,,,61.0,,,,,82.0,,,,,21.0,,,,,0.04988466625086531,,,,,,,,,,,,,,,,,,,,,,,,,,,,,30.566666666666674,27.24285714285714,1.4000000000000021,8.200000000000003,12.678644067796611,16.766666666666666,14.799999999999999,5.100000000000001,8.600000000000001,10.420677966101698,24.0,21.5,1.6999999999999993,7.099999999999998,11.100338983050847,45.666666666666664,45.714285714285715,18.0,13.0,-8.54915254237288,1019.1,1017.9857142857144,-7.300000000000068,-9.200000000000045,-3.9230508474576027,14.699999999999998,15.071428571428571,11.2,6.300000000000001,5.105762711864408,1.8000000000000014,0.7714285714285715,5.4,5.4,2.0698305084745767,7.300000000000068,10.100000000000023,True,1.6999999999999993,4.0,5,6,3,False,False,False,False,False,False,False,True,True,0,-0.4529514781842114,1
2026-06-07,86,-0.19,-0.02,81,60,95,67,77,64,100,89,84.0,4500,900,,,,,,,,,,,,31.9,19.5,25.5,65,1012.0,16.8,1.9,90.0,89.28571428571429,-2.0,-2.0,7.359322033898309,-0.009999999999999926,-0.03428571428571427,-0.35,-0.03,-0.21108474576271186,0.016666666666666722,0.01857142857142858,-0.06,-0.02,-0.08870748299319729,87.66666666666667,82.42857142857143,-6.0,3.0,3.827118644067795,82.66666666666667,75.14285714285714,-35.0,-8.0,-13.067796610169495,95.33333333333333,90.28571428571429,-1.0,0.0,10.359322033898309,72.66666666666667,63.714285714285715,-3.0,-19.0,-12.281355932203397,90.66666666666667,90.28571428571429,-18.0,-12.0,-8.616949152542375,71.33333333333333,73.71428571428571,-2.0,-5.0,-12.200000000000003,100.0,96.14285714285714,0.0,17.0,24.200000000000003,93.33333333333333,84.85714285714286,-2.0,15.0,15.033898305084747,81.33333333333333,79.57142857142857,4.0,5.0,-1.3505154639175316,3600.0,3728.5714285714284,-900.0,3600.0,-366.1016949152545,2400.0,2957.1428571428573,0.0,-7200.0,-2913.5593220338983,,68.19469026548673,,,,,3.4018693639749387,,,,,61.0,,,,,82.0,,,,,21.0,,,,,0.04988466625086531,,,,,,,,,,,,,,,,,,,,,,,,,,,,,31.900000000000006,28.62857142857143,-0.7000000000000028,4.0,11.978644067796608,18.53333333333333,15.328571428571431,-1.1000000000000014,5.300000000000001,9.320677966101696,25.2,22.37142857142857,-0.3999999999999986,3.6000000000000014,10.700338983050848,55.0,48.285714285714285,6.0,28.0,-2.5491525423728802,1015.3000000000002,1017.7428571428571,-1.2999999999999545,-11.399999999999977,-5.223050847457557,16.2,14.62857142857143,-4.699999999999999,4.5,0.4057627118644085,2.433333333333335,1.042857142857143,-3.5000000000000004,1.9,-1.4301694915254237,1.2999999999999545,8.600000000000023,False,0.3999999999999986,1.3000000000000007,6,6,3,False,False,False,False,False,False,False,True,False,0,-0.4309601271904647,0
2026-06-08,90,0.01,0.15,89,73,95,91,96,86,100,87,76.0,1800,3600,,,,,,,,,,,,24.3,18.6,21.8,64,1022.2,14.2,0.0,88.0,89.0,4.0,-6.0,11.359322033898309,-0.006666666666666592,-0.03857142857142855,0.2,0.01,-0.011084745762711864,0.05666666666666672,0.03285714285714286,0.16999999999999998,0.12,0.0812925170068027,85.66666666666667,83.14285714285714,8.0,-6.0,11.827118644067795,76.0,77.71428571428571,13.0,-20.0,-0.0677966101694949,95.33333333333333,90.14285714285714,0.0,0.0,10.359322033898309,76.0,68.28571428571429,24.0,10.0,11.718644067796603,89.33333333333333,89.71428571428571,19.0,-4.0,10.383050847457625,72.0,75.14285714285714,22.0,2.0,9.799999999999997,100.0,97.57142857142857,0.0,0.0,24.200000000000003,89.0,84.14285714285714,-2.0,-13.0,13.033898305084747,80.0,80.14285714285714,-8.0,-4.0,-9.350515463917532,3900.0,3471.4285714285716,-2700.0,900.0,-3066.1016949152545,1800.0,3085.714285714286,2700.0,-1800.0,-213.5593220338983,,,,,,,,,,,,,,,,,,,,,,,,,,,,,,,,,,,,,,,,,,,,,,,,,,,,,,,,29.600000000000005,28.414285714285715,-7.599999999999998,-6.899999999999999,4.3786440677966105,19.566666666666663,16.45714285714286,-0.8999999999999986,3.1000000000000014,8.420677966101698,24.399999999999995,22.771428571428572,-3.6999999999999993,-2.3999999999999986,7.000338983050849,62.666666666666664,51.285714285714285,-1.0,23.0,-3.5491525423728802,1015.8333333333335,1018.3571428571429,10.200000000000045,1.6000000000000227,4.976949152542488,17.5,15.428571428571429,-2.6000000000000014,3.8999999999999986,-2.194237288135593,2.433333333333335,1.042857142857143,-1.9,0.0,-3.3301694915254236,-10.200000000000045,-8.900000000000091,True,3.6999999999999993,4.099999999999998,0,6,3,False,False,False,False,False,False,False,True,False,0,-0.3887183864296871,0
2026-06-09,94,-0.13,0.03,95,95,98,97,99,75,100,100,74.0,8100,1800,,,,,,,,,,,,28.3,15.2,21.9,59,1022.5,12.2,0.2,90.0,89.71428571428571,4.0,6.0,15.359322033898309,-0.10333333333333326,-0.059999999999999984,-0.14,-0.29000000000000004,-0.15108474576271186,0.05333333333333339,0.02571428571428572,-0.12,-0.010000000000000002,-0.03870748299319729,88.33333333333333,85.57142857142857,6.0,8.0,17.827118644067795,76.0,79.42857142857143,22.0,0.0,21.932203389830505,96.0,93.57142857142857,3.0,2.0,13.359322033898309,85.0,74.85714285714286,6.0,27.0,17.718644067796603,90.66666666666667,91.14285714285714,3.0,4.0,13.383050847457625,75.0,75.14285714285714,-11.0,9.0,-1.2000000000000028,100.0,97.57142857142857,0.0,0.0,24.200000000000003,92.0,87.42857142857143,13.0,9.0,26.033898305084747,78.0,79.14285714285714,-2.0,-6.0,-11.350515463917532,4800.0,3985.714285714286,6300.0,2700.0,3233.8983050847455,2100.0,3214.285714285714,-1800.0,900.0,-2013.5593220338983,,,,,,,,,,,,,,,,,,,,,,,,,,,,,,,,,,,,,,,,,,,,,,,,,,,,,,,,28.16666666666667,28.657142857142862,4.0,-4.300000000000001,8.37864406779661,17.766666666666666,16.514285714285716,-3.400000000000002,-5.400000000000002,5.020677966101696,23.066666666666663,22.857142857142858,0.09999999999999787,-4.0,7.100338983050847,62.666666666666664,53.0,-5.0,0.0,-8.54915254237288,1018.9000000000001,1019.5,0.2999999999999545,9.200000000000045,5.276949152542443,14.399999999999999,14.642857142857142,-2.0,-9.3,-4.194237288135593,0.7000000000000012,1.0714285714285714,0.2,-5.2,-3.1301694915254235,-0.2999999999999545,-10.5,False,0.09999999999999787,3.6000000000000014,1,6,3,False,False,False,False,False,False,False,True,False,0,-0.4060203609971627,0
2026-06-10,91,-0.35,-0.16,81,83,79,78,80,74,98,81,81.0,1800,1800,,,,,,,,,,,,32.3,21.4,24.8,80,1012.9,18.7,12.2,91.66666666666667,90.42857142857143,-3.0,5.0,12.359322033898309,-0.1566666666666666,-0.09428571428571428,-0.21999999999999997,-0.15999999999999998,-0.37108474576271183,0.006666666666666728,0.010000000000000009,-0.19,-0.14,-0.2287074829931973,88.33333333333333,86.57142857142857,-14.0,0.0,3.827118644067795,83.66666666666667,81.0,-12.0,23.0,9.932203389830505,90.66666666666667,93.28571428571429,-19.0,-16.0,-5.640677966101691,88.66666666666667,81.42857142857143,-19.0,11.0,-1.2813559322033967,91.66666666666667,90.85714285714286,-19.0,3.0,-5.616949152542375,78.33333333333333,74.0,-1.0,10.0,-2.200000000000003,99.33333333333333,97.28571428571429,-2.0,-2.0,22.200000000000003,89.33333333333333,88.85714285714286,-19.0,-8.0,7.0338983050847474,77.0,79.14285714285714,7.0,-3.0,-4.350515463917532,3900.0,3342.8571428571427,-6300.0,-2700.0,-3066.1016949152545,2400.0,3214.285714285714,0.0,900.0,-2013.5593220338983,,,,,,,,,,,,,,,,,,,,,,,,,,,,,,,,,,,,,,,,,,,,,,,,,,,,,,,,28.3,29.785714285714285,3.9999999999999964,0.3999999999999986,12.378644067796607,18.4,17.857142857142858,6.199999999999999,1.8999999999999986,11.220677966101695,22.833333333333332,23.714285714285715,2.900000000000002,-0.6999999999999993,10.000338983050849,67.66666666666667,57.857142857142854,21.0,15.0,12.45084745762712,1019.2000000000002,1018.1285714285714,-9.600000000000023,0.8999999999999773,-4.32305084745758,15.033333333333331,15.142857142857142,6.5,1.8999999999999986,2.305762711864407,4.133333333333334,2.814285714285714,12.0,10.299999999999999,8.869830508474575,9.600000000000023,9.300000000000068,True,2.900000000000002,3.0,2,6,3,False,False,False,False,False,False,False,True,True,0,-0.4088379074428985,0
2026-06-11,85,0.12,0.07,73,61,88,94,56,85,100,59,85.0,4500,900,,,,,,,,,,,,31.8,22.6,26.3,82,1010.3,16.2,8.6,90.0,90.0,-6.0,-5.0,6.359322033898309,-0.11999999999999993,-0.054285714285714264,0.47,0.11,0.09891525423728813,-0.019999999999999934,0.02000000000000001,0.23,-0.07999999999999999,0.001292517006802718,83.0,85.85714285714286,-8.0,-16.0,-4.172881355932205,79.66666666666667,80.0,-22.0,-12.0,-12.067796610169495,88.33333333333333,92.28571428571429,9.0,-7.0,3.3593220338983087,89.66666666666667,82.57142857142857,16.0,3.0,14.718644067796603,78.33333333333333,86.14285714285714,-24.0,-40.0,-29.616949152542375,78.0,76.28571428571429,11.0,-1.0,8.799999999999997,99.33333333333333,99.71428571428571,2.0,0.0,24.200000000000003,80.0,86.71428571428571,-22.0,-28.0,-14.966101694915253,80.0,80.0,4.0,9.0,-0.35051546391753163,4800.0,3857.1428571428573,2700.0,2700.0,-366.1016949152545,1500.0,2185.714285714286,-900.0,-2700.0,-2913.5593220338983,,,,,,,,,,,,,,,,,,,,,,,,,,,,,,,,,,,,,,,,,,,,,,,,,,,,,,,,30.800000000000008,30.342857142857145,-0.49999999999999645,7.5,11.87864406779661,19.73333333333333,19.057142857142857,1.2000000000000028,4.0,12.420677966101698,24.333333333333332,24.342857142857145,1.5,4.5,11.500338983050849,73.66666666666667,64.28571428571429,2.0,18.0,14.45084745762712,1015.2333333333336,1016.2571428571429,-2.6000000000000227,-11.900000000000091,-6.923050847457603,15.699999999999998,15.700000000000001,-2.5,2.0,-0.19423728813559293,7.0,4.042857142857143,-3.5999999999999996,8.6,5.269830508474576,2.6000000000000227,12.200000000000045,False,1.5,4.400000000000002,3,6,3,False,False,False,False,False,False,False,True,False,0,-0.39732757292630416,0
2026-06-12,94,-0.34,-0.2,91,75,97,91,97,70,94,100,85.0,3600,900,,,,,,,,,,,,34.0,21.7,27.2,73,1009.6,16.2,8.1,90.0,89.71428571428571,9.0,0.0,15.359322033898309,-0.18999999999999995,-0.10285714285714284,-0.46,-0.21000000000000002,-0.3610847457627119,-0.09666666666666661,-0.012857142857142848,-0.27,-0.23,-0.2687074829931973,81.66666666666667,85.28571428571429,18.0,-4.0,13.827118644067795,73.0,77.42857142857143,14.0,-20.0,1.932203389830505,88.0,92.57142857142857,9.0,-1.0,12.359322033898309,87.66666666666667,84.0,-3.0,-6.0,11.718644067796603,77.66666666666667,85.71428571428571,41.0,-2.0,11.383050847457625,76.33333333333333,74.28571428571429,-15.0,-5.0,-6.200000000000003,97.33333333333333,98.85714285714286,-6.0,-6.0,18.200000000000003,80.0,86.71428571428571,41.0,0.0,26.033898305084747,83.66666666666667,80.71428571428571,0.0,11.0,-0.35051546391753163,3300.0,4242.857142857143,-900.0,-4500.0,-1266.1016949152545,1200.0,1542.857142857143,0.0,-900.0,-2913.5593220338983,,,,,,,,,,,,,,,,,,,,,,,,,,,,,,,,,,,,,,,,,,,,,,,,,,,,,,,,32.70000000000001,30.74285714285714,2.1999999999999993,5.699999999999999,14.07864406779661,21.899999999999995,19.942857142857143,-0.9000000000000021,6.5,11.520677966101696,26.099999999999998,24.771428571428572,0.8999999999999986,5.300000000000001,12.400338983050847,78.33333333333333,68.85714285714286,-9.0,14.0,5.45084745762712,1010.9333333333335,1014.6857142857143,-0.6999999999999318,-12.899999999999977,-7.6230508474575345,17.03333333333333,16.54285714285714,0.0,4.0,-0.19423728813559293,9.633333333333335,5.2,-0.5,7.8999999999999995,4.769830508474576,0.6999999999999318,3.2999999999999545,False,0.8999999999999986,2.3999999999999986,4,6,3,False,False,False,False,False,False,False,True,False,0,-0.40344866834070653,0
2026-06-13,82,0.06,-0.04,66,58,60,91,80,44,62,70,88.0,3600,5400,,,,,,,,,,,,30.5,20.7,26.1,60,1013.3,13.9,0.0,87.0,88.85714285714286,-12.0,-9.0,3.3593220338983087,-0.05333333333333327,-0.11714285714285712,0.4,0.41,0.03891525423728813,-0.05666666666666661,-0.02428571428571428,0.16,0.12,-0.1087074829931973,76.66666666666667,82.28571428571429,-25.0,-15.0,-11.172881355932205,64.66666666666667,72.14285714285714,-17.0,-25.0,-15.067796610169495,81.66666666666667,87.42857142857143,-37.0,-19.0,-24.64067796610169,92.0,87.0,0.0,13.0,11.718644067796603,77.66666666666667,83.57142857142857,-17.0,0.0,-5.616949152542375,66.33333333333333,71.14285714285714,-26.0,-30.0,-32.2,85.33333333333333,93.42857142857143,-32.0,-36.0,-13.799999999999997,76.33333333333333,83.71428571428571,-30.0,-11.0,-3.9661016949152526,86.0,81.85714285714286,3.0,7.0,2.6494845360824684,3900.0,3985.714285714286,0.0,1800.0,-1266.1016949152545,2400.0,2185.714285714286,4500.0,3600.0,1586.4406779661017,,,,,,,,,,,,,,,,,,,,,,,,,,,,,,,,,,,,,,,,,,,,,,,,,,,,,,,,32.1,30.44285714285714,-3.5,-1.7999999999999972,10.57864406779661,21.666666666666668,19.95714285714286,-1.0,-0.6999999999999993,10.520677966101696,26.53333333333333,24.8,-1.0999999999999979,1.3000000000000007,11.30033898305085,71.66666666666667,69.0,-13.0,-20.0,-7.54915254237288,1011.0666666666667,1014.6857142857143,3.699999999999932,0.39999999999997726,-3.9230508474576027,15.433333333333332,15.457142857142857,-2.299999999999999,-4.799999999999999,-2.494237288135592,5.566666666666667,4.428571428571429,-8.1,-12.2,-3.3301694915254236,-3.699999999999932,-3.0,False,1.0999999999999979,0.1999999999999993,5,6,3,False,False,False,False,False,True,False,True,False,0,-0.41788345672213756,0
2026-06-14,94,0.06,0.05,90,78,90,75,97,77,99,99,85.0,1800,4500,,,,,,,,,,,,32.8,20.5,25.9,69,1009.5,20.2,4.3,90.0,90.0,12.0,9.0,15.359322033898309,-0.07333333333333326,-0.0814285714285714,0.0,-0.06,0.03891525423728813,-0.06333333333333327,-0.014285714285714275,0.09,-0.020000000000000004,-0.018707482993197286,82.33333333333333,83.57142857142857,24.0,17.0,12.827118644067795,70.33333333333333,74.71428571428571,20.0,17.0,4.932203389830505,82.33333333333333,86.71428571428571,30.0,2.0,5.359322033898309,85.66666666666667,88.14285714285714,-16.0,-19.0,-4.281355932203397,91.33333333333333,86.42857142857143,17.0,41.0,11.383050847457625,63.666666666666664,73.0,33.0,-8.0,0.7999999999999972,85.0,93.28571428571429,37.0,-1.0,23.200000000000003,89.66666666666667,85.14285714285714,29.0,40.0,25.033898305084747,86.0,82.0,-3.0,0.0,-0.35051546391753163,3000.0,3600.0,-1800.0,-2700.0,-3066.1016949152545,3600.0,2700.0,-900.0,3600.0,686.4406779661017,,,,,,,,,,,,,,,,,,,,,,,,,,,,,,,,,,,,,,,,,,,,,,,,,,,,,,,,32.43333333333334,30.571428571428573,2.299999999999997,0.9999999999999964,12.878644067796607,20.966666666666665,20.1,-0.1999999999999993,-2.1000000000000014,10.320677966101696,26.400000000000002,24.857142857142858,-0.20000000000000284,-0.40000000000000213,11.100338983050847,67.33333333333333,69.57142857142857,9.0,-13.0,1.4508474576271198,1010.8000000000002,1014.3285714285714,-3.7999999999999545,-0.7999999999999545,-7.723050847457557,16.766666666666666,15.942857142857141,6.299999999999999,4.0,3.805762711864407,4.133333333333334,4.771428571428571,4.3,-4.3,0.9698305084745762,3.7999999999999545,0.10000000000002274,False,0.20000000000000284,1.3000000000000007,6,6,3,False,False,False,False,False,False,False,True,False,0,-0.3975184245336172,0
2026-06-15,91,-0.56,-0.29,81,80,83,81,96,85,93,70,81.0,4500,1800,,,,,,,,,,,,25.1,17.8,22.0,62,1008.7,20.2,0.8,89.0,90.14285714285714,-3.0,-3.0,12.359322033898309,-0.1466666666666666,-0.16285714285714284,-0.6200000000000001,-0.22000000000000003,-0.581084745762712,-0.09333333333333327,-0.07714285714285714,-0.33999999999999997,-0.08999999999999997,-0.35870748299319727,79.0,82.42857142857143,-9.0,-10.0,3.827118644067795,72.0,75.71428571428571,2.0,5.0,6.932203389830505,77.66666666666667,85.0,-7.0,-14.0,-1.6406779661016913,82.33333333333333,86.71428571428571,6.0,-10.0,1.7186440677966033,91.0,86.42857142857143,-1.0,-1.0,10.383050847457625,68.66666666666667,72.85714285714286,8.0,15.0,8.799999999999997,84.66666666666667,92.28571428571429,-6.0,-1.0,17.200000000000003,79.66666666666667,82.71428571428571,-29.0,-30.0,-3.9661016949152526,84.66666666666667,82.71428571428571,-4.0,-4.0,-4.350515463917532,3300.0,3985.714285714286,2700.0,900.0,-366.1016949152545,3900.0,2442.8571428571427,-2700.0,900.0,-2013.5593220338983,,,,,,,,,,,,,,,,,,,,,,,,,,,,,,,,,,,,,,,,,,,,,,,,,,,,,,,,29.46666666666667,30.685714285714283,-7.699999999999996,-8.899999999999999,5.178644067796611,19.66666666666666,19.985714285714288,-2.6999999999999993,-3.8999999999999986,7.620677966101697,24.666666666666668,24.88571428571429,-3.8999999999999986,-5.199999999999999,7.200338983050848,63.666666666666664,69.28571428571429,-7.0,-11.0,-5.54915254237288,1010.5000000000001,1012.4,-0.7999999999999545,-0.8999999999999773,-8.523050847457512,18.099999999999998,16.8,0.0,4.0,3.805762711864407,1.700000000000001,4.885714285714285,-3.5,-7.3,-2.530169491525424,0.7999999999999545,4.599999999999909,False,3.8999999999999986,4.100000000000001,0,6,3,False,False,False,False,False,False,False,True,False,0,-0.39308141104518557,0
2026-06-16,90,-0.1,0.04,80,88,93,75,71,81,94,75,81.0,11700,900,,,,,,,,,,,,25.7,14.0,20.5,51,1011.8,11.2,0.0,91.66666666666667,89.57142857142857,-1.0,8.0,11.359322033898309,-0.19999999999999996,-0.15857142857142859,0.4600000000000001,-0.16,-0.12108474576271187,-0.06666666666666658,-0.0757142857142857,0.32999999999999996,0.08,-0.028707482993197288,83.66666666666667,80.28571428571429,-1.0,14.0,2.827118644067795,82.0,74.71428571428571,8.0,30.0,14.932203389830505,88.66666666666667,84.28571428571429,10.0,33.0,8.359322033898309,77.0,83.57142857142857,-6.0,-16.0,-4.281355932203397,88.0,82.42857142857143,-25.0,-9.0,-14.616949152542375,81.0,73.71428571428571,-4.0,37.0,4.799999999999997,95.33333333333333,91.42857142857143,1.0,32.0,18.200000000000003,81.33333333333333,79.14285714285714,5.0,5.0,1.0338983050847474,82.33333333333333,83.71428571428571,0.0,-7.0,-4.350515463917532,6000.0,4500.0,7200.0,8100.0,6833.8983050847455,2400.0,2314.285714285714,-900.0,-4500.0,-2913.5593220338983,,,,,,,,,,,,,,,,,,,,,,,,,,,,,,,,,,,,,,,,,,,,,,,,,,,,,,,,27.86666666666667,30.314285714285717,0.5999999999999979,-4.800000000000001,5.778644067796609,17.433333333333334,19.814285714285713,-3.8000000000000007,-6.699999999999999,3.8206779661016963,22.799999999999997,24.685714285714287,-1.5,-5.600000000000001,5.700338983050848,60.666666666666664,68.14285714285714,-11.0,-9.0,-16.54915254237288,1010.0000000000001,1010.8714285714286,3.099999999999909,-1.5,-5.423050847457603,17.2,16.657142857142855,-9.0,-2.700000000000001,-5.194237288135593,1.700000000000001,4.857142857142856,-0.8,0.0,-3.3301694915254236,-3.099999999999909,-2.2999999999999545,False,1.5,5.399999999999999,1,6,3,False,False,False,False,False,False,False,True,False,0,-0.39620437337464026,0
2026-06-17,85,-0.1,-0.08,76,65,96,86,71,71,100,68,83.0,5400,900,,,,,,,,,,,,30.1,17.5,24.3,56,1008.3,16.0,1.2,88.66666666666667,88.71428571428571,-5.0,-9.0,6.359322033898309,-0.2533333333333333,-0.12285714285714285,0.0,-0.16,-0.12108474576271187,-0.10999999999999992,-0.06428571428571427,-0.12,-0.13,-0.1487074829931973,79.0,79.57142857142857,-4.0,-14.0,-1.1728813559322049,77.66666666666667,72.14285714285714,-23.0,-13.0,-8.067796610169495,90.66666666666667,86.71428571428571,3.0,6.0,11.359322033898309,80.66666666666667,84.71428571428571,11.0,11.0,6.718644067796603,79.33333333333333,81.14285714285714,0.0,-26.0,-14.616949152542375,79.0,73.28571428571429,-10.0,-6.0,-5.200000000000003,95.66666666666667,91.71428571428571,6.0,1.0,24.200000000000003,71.0,77.28571428571429,-7.0,-31.0,-5.9661016949152526,81.66666666666667,84.0,2.0,-2.0,-2.3505154639175316,7200.0,5014.285714285715,-6300.0,3600.0,533.8983050847455,1200.0,2185.714285714286,0.0,-3600.0,-2913.5593220338983,,,,,,,,,,,,,,,,,,,,,,,,,,,,,,,,,,,,,,,,,,,,,,,,,,,,,,,,26.966666666666672,30.0,4.400000000000002,-2.6999999999999957,10.178644067796611,16.433333333333334,19.25714285714286,3.5,-3.0,7.320677966101696,22.266666666666666,24.614285714285717,3.8000000000000007,-1.5999999999999979,9.500338983050849,56.333333333333336,64.71428571428571,5.0,-13.0,-11.54915254237288,1009.6,1010.2142857142857,-3.5,-1.2000000000000455,-8.923050847457603,15.799999999999997,16.27142857142857,4.800000000000001,-4.199999999999999,-0.3942372881355922,0.6666666666666679,3.2857142857142856,1.2,-3.0999999999999996,-2.1301694915254235,3.5,0.40000000000009095,False,3.8000000000000007,2.3000000000000007,2,6,3,False,False,False,False,False,False,False,True,False,0,-0.3804016918043881,0
2026-06-18,88,-0.45,-0.37,84,85,95,97,86,87,94,72,80.0,7200,0,,,,,,,,,,,,31.0,22.9,26.3,58,1005.0,25.4,1.8,87.66666666666667,89.14285714285714,3.0,-3.0,9.359322033898309,-0.21666666666666665,-0.20428571428571426,-0.35,0.11000000000000004,-0.47108474576271187,-0.13666666666666658,-0.1271428571428571,-0.29,-0.08000000000000002,-0.4387074829931973,80.0,81.14285714285714,8.0,3.0,6.827118644067795,79.33333333333333,75.57142857142857,20.0,5.0,11.932203389830505,94.66666666666667,87.71428571428571,-1.0,12.0,10.359322033898309,86.0,85.14285714285714,11.0,16.0,17.718644067796603,76.0,85.42857142857143,15.0,-10.0,0.38305084745762485,79.66666666666667,73.57142857142857,16.0,2.0,10.799999999999997,96.0,90.85714285714286,-6.0,1.0,18.200000000000003,71.66666666666667,79.14285714285714,4.0,2.0,-1.9661016949152526,81.33333333333333,83.28571428571429,-3.0,-1.0,-5.350515463917532,8100.0,5400.0,1800.0,2700.0,2333.8983050847455,600.0,2057.1428571428573,-900.0,-1800.0,-3813.5593220338983,,,,,,,,,,,,,,,,,,,,,,,,,,,,,,,,,,,,,,,,,,,,,,,,,,,,,,,,28.933333333333337,29.885714285714283,0.8999999999999986,5.899999999999999,11.07864406779661,18.13333333333333,19.3,5.399999999999999,5.099999999999998,12.720677966101695,23.7,24.614285714285717,2.0,4.300000000000001,11.500338983050849,55.0,61.285714285714285,2.0,-4.0,-9.54915254237288,1008.3666666666668,1009.4571428571428,-3.2999999999999545,-3.7000000000000455,-12.223050847457557,17.53333333333333,17.585714285714285,9.399999999999999,5.199999999999999,9.005762711864406,1.000000000000001,2.314285714285714,0.6000000000000001,1.0,-1.5301694915254236,3.2999999999999545,6.7999999999999545,False,2.0,5.800000000000001,3,6,3,False,False,False,False,False,False,False,True,False,0,-0.40608832956219837,0
2026-06-19,87,-0.1,-0.05,90,52,93,99,100,85,86,99,80.0,7200,1800,,,,,,,,,,,,28.7,23.2,25.6,42,1008.3,21.5,0.1,86.66666666666667,88.14285714285714,-1.0,-3.0,8.359322033898309,-0.21666666666666665,-0.16999999999999998,0.35,0.0,-0.12108474576271187,-0.16666666666666657,-0.10571428571428569,0.32,-0.09,-0.11870748299319729,83.33333333333333,81.0,6.0,10.0,12.827118644067795,67.33333333333333,72.28571428571429,-33.0,-36.0,-21.067796610169495,94.66666666666667,87.14285714285714,-2.0,0.0,8.359322033898309,94.0,86.28571428571429,2.0,24.0,19.718644067796603,85.66666666666667,85.85714285714286,14.0,29.0,14.383050847457625,81.0,75.71428571428571,-2.0,4.0,8.799999999999997,93.33333333333333,89.71428571428571,-8.0,-8.0,10.200000000000003,79.66666666666667,79.0,27.0,24.0,25.033898305084747,81.0,82.57142857142857,0.0,-1.0,-5.350515463917532,6600.0,5914.285714285715,0.0,-4500.0,2333.8983050847455,900.0,2185.714285714286,1800.0,900.0,-2013.5593220338983,,,,,,,,,,,,,,,,,,,,,,,,,,,,,,,,,,,,,,,,,,,,,,,,,,,,,,,,29.933333333333337,29.128571428571426,-2.3000000000000007,3.0,8.778644067796609,21.2,19.514285714285712,0.3000000000000007,9.2,13.020677966101696,25.400000000000002,24.385714285714283,-0.6999999999999993,5.100000000000001,10.80033898305085,52.0,56.857142857142854,-16.0,-9.0,-25.54915254237288,1007.2000000000002,1009.2714285714285,3.2999999999999545,-3.5,-8.923050847457603,20.966666666666665,18.342857142857145,-3.8999999999999986,10.3,5.105762711864408,1.0333333333333345,1.1714285714285713,-1.7,0.1,-3.2301694915254235,-3.2999999999999545,-0.0,False,0.6999999999999993,1.3000000000000007,4,6,3,False,False,False,False,False,False,False,True,False,0,-0.41606388677034933,0
2026-06-20,73,0.28,0.02,73,44,86,97,67,63,100,68,81.0,11700,0,,,,,,,,,,,,30.3,19.1,25.1,40,1011.7,17.7,0.0,82.66666666666667,86.85714285714286,-14.0,-12.0,-5.640677966101691,-0.08999999999999993,-0.13857142857142854,0.38,0.38,0.2589152542372882,-0.13333333333333325,-0.09714285714285711,0.07,0.1,-0.048707482993197285,82.33333333333333,82.0,-17.0,-3.0,-4.172881355932205,60.333333333333336,70.28571428571429,-8.0,-21.0,-29.067796610169495,91.33333333333333,90.85714285714286,-7.0,-10.0,1.3593220338983087,97.66666666666667,87.14285714285714,-2.0,11.0,17.718644067796603,84.33333333333333,84.0,-33.0,-4.0,-18.616949152542375,78.33333333333333,78.42857142857143,-22.0,-8.0,-13.200000000000003,93.33333333333333,95.14285714285714,14.0,0.0,24.200000000000003,79.66666666666667,78.71428571428571,-31.0,0.0,-5.9661016949152526,80.33333333333333,81.57142857142857,1.0,-2.0,-4.350515463917532,8700.0,7071.428571428572,4500.0,6300.0,6833.8983050847455,600.0,1414.2857142857142,-1800.0,-900.0,-3813.5593220338983,,,,,,,,,,,,,,,,,,,,,,,,,,,,,,,,,,,,,,,,,,,,,,,,,,,,,,,,30.000000000000004,29.099999999999998,1.6000000000000014,0.1999999999999993,10.37864406779661,21.73333333333333,19.285714285714285,-4.099999999999998,1.6000000000000014,8.920677966101698,25.666666666666668,24.242857142857144,-0.5,0.8000000000000007,10.30033898305085,46.666666666666664,54.0,-2.0,-16.0,-27.54915254237288,1008.3333333333335,1009.0428571428571,3.400000000000091,3.400000000000091,-5.523050847457512,21.53333333333333,18.885714285714283,-3.8000000000000007,1.6999999999999993,1.305762711864407,0.6333333333333345,1.1714285714285713,-0.1,-1.2,-3.3301694915254236,-3.400000000000091,-6.7000000000000455,False,0.5,1.1999999999999993,5,6,3,False,False,False,False,False,False,False,True,False,0,-0.41413250123142564,0
2026-06-22,77,0.24,0.15,73,69,90,97,71,76,100,55,77.0,5400,1800,,,,,,,,,,,,33.2,22.0,25.5,66,1012.4,21.9,19.9,79.0,84.42857142857143,4.0,-11.0,-1.6406779661016913,0.14000000000000004,-0.11285714285714284,-0.040000000000000036,0.69,0.21891525423728814,0.04000000000000009,-0.08285714285714284,0.13,0.52,0.0812925170068027,78.66666666666667,79.57142857142857,0.0,-11.0,-4.172881355932205,55.0,69.0,25.0,-16.0,-4.067796610169495,89.66666666666667,90.85714285714286,4.0,-5.0,5.359322033898309,97.66666666666667,90.28571428571429,0.0,0.0,17.718644067796603,79.33333333333333,80.28571428571429,4.0,-15.0,-14.616949152542375,74.66666666666667,78.28571428571429,13.0,-11.0,-0.20000000000000284,95.33333333333333,95.28571428571429,0.0,6.0,24.200000000000003,74.0,72.42857142857143,-13.0,-17.0,-18.966101694915253,79.33333333333333,80.42857142857143,-4.0,-3.0,-8.350515463917532,8100.0,7585.714285714285,-6300.0,-1800.0,533.8983050847455,1200.0,1028.5714285714287,1800.0,1800.0,-2013.5593220338983,,,,,,,,,,,,,,,,,,,,,,,,,,,,,,,,,,,,,,,,,,,,,,,,,,,,,,,,30.733333333333338,29.157142857142862,2.900000000000002,2.200000000000003,13.278644067796613,21.433333333333334,19.5,2.8999999999999986,-0.8999999999999986,11.820677966101696,25.400000000000002,24.185714285714287,0.3999999999999986,-0.8000000000000007,10.700338983050848,49.333333333333336,53.57142857142857,26.0,8.0,-1.5491525423728802,1010.8000000000002,1009.4571428571428,0.6999999999999318,7.399999999999977,-4.82305084745758,20.366666666666664,19.12857142857143,4.199999999999999,-3.5,5.505762711864406,6.666666666666668,3.3999999999999995,19.9,18.099999999999998,16.569830508474574,-0.6999999999999318,-4.100000000000023,False,0.3999999999999986,0.10000000000000142,0,6,3,False,False,False,False,False,False,False,True,False,0,-0.4174382607722249,0
2026-06-23,82,0.23,0.31,82,84,86,40,99,85,100,80,78.0,9000,0,,,,,,,,,,,,22.1,18.4,20.9,90,1012.4,17.5,14.8,77.33333333333333,83.14285714285714,5.0,-5.0,3.3593220338983087,0.25000000000000006,3.568574007723718e-17,-0.009999999999999981,0.33,0.20891525423728816,0.1600000000000001,0.0028571428571428754,0.16,0.36,0.2412925170068027,76.0,79.71428571428571,9.0,-8.0,4.827118644067795,65.66666666666667,69.57142857142857,15.0,32.0,10.932203389830505,87.33333333333333,91.28571428571429,-4.0,-7.0,1.3593220338983087,78.0,84.42857142857143,-57.0,-59.0,-39.2813559322034,79.0,80.71428571428571,28.0,-1.0,13.383050847457625,74.66666666666667,78.28571428571429,9.0,0.0,8.799999999999997,100.0,96.28571428571429,0.0,14.0,24.200000000000003,67.66666666666667,73.85714285714286,25.0,-19.0,6.0338983050847474,78.66666666666667,80.0,1.0,-2.0,-7.350515463917532,8700.0,8228.57142857143,3600.0,1800.0,4133.8983050847455,600.0,771.4285714285714,-1800.0,-1800.0,-3813.5593220338983,,,,,,,,,,,,,,,,,,,,,,,,,,,,,,,,,,,,,,,,,,,,,,,,,,,,,,,,28.533333333333342,28.72857142857143,-11.100000000000001,-6.599999999999998,2.1786440677966112,19.83333333333333,19.585714285714285,-3.6000000000000014,-4.800000000000001,8.220677966101695,23.833333333333332,24.02857142857143,-4.600000000000001,-4.700000000000003,6.100338983050847,65.33333333333333,57.57142857142857,24.0,48.0,22.45084745762712,1012.1666666666669,1009.9857142857143,0.0,4.100000000000023,-4.82305084745758,19.03333333333333,18.74285714285714,-4.399999999999999,-4.0,1.1057627118644078,11.566666666666668,5.3999999999999995,-5.099999999999998,14.700000000000001,11.469830508474576,-0.0,-0.6999999999999318,False,4.600000000000001,4.200000000000003,1,6,3,False,False,False,False,False,False,False,True,False,0,-0.4098701012239021,0
2026-06-24,68,0.18,0.28,69,55,88,78,76,73,91,55,84.0,6300,900,,,,,,,,,,,,27.2,16.3,22.2,60,1016.7,11.9,0.0,75.66666666666667,80.0,-14.0,-5.0,-10.640677966101691,0.2166666666666667,0.040000000000000036,-0.05000000000000002,-0.10000000000000003,0.15891525423728814,0.24666666666666678,0.037142857142857165,-0.02999999999999997,0.26,0.21129251700680274,74.66666666666667,78.14285714285714,-13.0,-4.0,-8.172881355932205,69.33333333333333,64.85714285714286,-29.0,11.0,-18.067796610169495,88.0,90.57142857142857,2.0,2.0,3.3593220338983087,71.66666666666667,84.85714285714286,38.0,-19.0,-1.2813559322033967,82.0,81.42857142857143,-23.0,9.0,-9.616949152542375,78.0,77.14285714285714,-12.0,10.0,-3.200000000000003,97.0,95.85714285714286,-9.0,-9.0,15.200000000000003,63.333333333333336,71.0,-25.0,-13.0,-18.966101694915253,79.66666666666667,80.42857142857143,6.0,3.0,-1.3505154639175316,6900.0,7457.142857142857,-2700.0,-5400.0,1433.8983050847455,900.0,771.4285714285714,900.0,900.0,-2913.5593220338983,,,,,,,,,,,,,,,,,,,,,,,,,,,,,,,,,,,,,,,,,,,,,,,,,,,,,,,,27.500000000000004,28.942857142857143,5.099999999999998,-3.1000000000000014,7.278644067796609,18.9,19.91428571428571,-2.099999999999998,-2.8000000000000007,6.120677966101697,22.866666666666664,24.271428571428572,1.3000000000000007,-2.900000000000002,7.4003389830508475,72.0,58.857142857142854,-30.0,20.0,-7.54915254237288,1013.8333333333335,1010.6857142857142,4.300000000000068,5.0,-0.5230508474575117,17.099999999999998,18.842857142857145,-5.6,-5.799999999999999,-4.494237288135592,11.566666666666668,5.3999999999999995,-14.8,0.0,-3.3301694915254236,-4.300000000000068,-4.300000000000068,False,1.3000000000000007,3.3000000000000007,2,6,3,False,False,False,False,False,False,True,True,False,1,-0.39778890001255546,0
2026-06-25,83,0.43,0.36,86,83,90,67,100,76,98,88,84.0,3600,3600,,,,,,,,,,,,29.3,17.4,23.5,62,1017.0,16.6,0.0,77.66666666666667,79.71428571428571,15.0,6.0,4.359322033898309,0.28,0.11571428571428576,0.25,0.19,0.40891525423728814,0.31666666666666676,0.10000000000000002,0.07999999999999996,0.21,0.2912925170068027,79.0,79.57142857142857,17.0,13.0,8.827118644067795,74.0,67.42857142857143,28.0,14.0,9.932203389830505,88.0,89.71428571428571,2.0,0.0,5.359322033898309,61.666666666666664,82.14285714285714,-11.0,-30.0,-12.281355932203397,91.66666666666667,85.57142857142857,24.0,29.0,14.383050847457625,78.0,77.85714285714286,3.0,0.0,-0.20000000000000284,96.33333333333333,95.57142857142857,7.0,-2.0,22.200000000000003,74.33333333333333,73.85714285714286,33.0,33.0,14.033898305084747,82.0,80.57142857142857,0.0,7.0,-1.3505154639175316,6300.0,7200.0,-2700.0,-1800.0,-1266.1016949152545,1500.0,1157.142857142857,2700.0,1800.0,-213.5593220338983,,,,,,,,,,,,,,,,,,,,,,,,,,,,,,,,,,,,,,,,,,,,,,,,,,,,,,,,26.200000000000006,28.82857142857143,2.1000000000000014,-3.900000000000002,9.37864406779661,17.366666666666664,19.9,1.0999999999999979,-4.600000000000001,7.220677966101695,22.2,24.157142857142862,1.3000000000000007,-2.0,8.700338983050848,70.66666666666667,59.714285714285715,2.0,-4.0,-5.54915254237288,1015.3666666666668,1011.9285714285714,0.2999999999999545,4.600000000000023,-0.2230508474575572,15.333333333333334,18.928571428571427,4.700000000000001,-5.299999999999997,0.2057627118644092,4.9333333333333345,5.228571428571428,0.0,-19.9,-3.3301694915254236,-0.2999999999999545,-4.600000000000023,False,1.3000000000000007,2.6000000000000014,3,6,3,False,False,False,True,False,False,False,True,False,0,-0.37981688539338126,0
2026-06-26,78,0.28,0.29,84,96,79,94,96,80,100,73,84.0,11700,900,,,,,,,,,,,,31.3,21.5,25.0,69,1017.2,14.8,7.3,76.33333333333333,78.28571428571429,-5.0,-4.0,-0.6406779661016913,0.2966666666666667,0.22000000000000003,-0.14999999999999997,0.05000000000000002,0.2589152542372882,0.3100000000000001,0.19428571428571434,-0.07,-0.020000000000000018,0.2212925170068027,79.66666666666667,79.57142857142857,-2.0,2.0,6.827118644067795,78.0,69.0,13.0,12.0,22.932203389830505,85.66666666666667,87.42857142857143,-11.0,-7.0,-5.640677966101691,79.66666666666667,81.71428571428571,27.0,54.0,14.718644067796603,90.66666666666667,87.0,-4.0,-3.0,10.383050847457625,76.33333333333333,76.85714285714286,4.0,-5.0,3.799999999999997,96.33333333333333,96.42857142857143,2.0,0.0,24.200000000000003,72.0,74.0,-15.0,-7.0,-0.9661016949152526,84.0,81.14285714285714,0.0,6.0,-1.3505154639175316,7200.0,7842.857142857143,8100.0,2700.0,6833.8983050847455,1800.0,1285.7142857142858,-2700.0,900.0,-2913.5593220338983,,,,,,,,,,,,,,,,,,,,,,,,,,,,,,,,,,,,,,,,,,,,,,,,,,,,,,,,29.26666666666667,28.87142857142857,2.0,9.2,11.37864406779661,18.399999999999995,19.7,4.100000000000001,3.1000000000000014,11.320677966101696,23.566666666666663,23.97142857142857,1.5,4.100000000000001,10.200338983050848,63.666666666666664,61.285714285714285,7.0,-21.0,1.4508474576271198,1016.9666666666668,1013.6714285714287,0.20000000000004547,4.800000000000068,-0.023050847457511736,14.433333333333332,17.414285714285715,-1.8000000000000007,-2.6999999999999993,-1.5942372881355915,2.4333333333333345,6.014285714285713,7.3,-7.500000000000001,3.969830508474576,-0.20000000000004547,-0.5,False,1.5,2.8000000000000007,4,6,3,False,False,False,False,False,False,False,True,False,0,-0.38678578514137224,0
2026-06-27,77,0.17,0.27,85,89,95,97,98,81,89,74,80.0,7200,1800,,,,,,,,,,,,28.9,20.8,23.6,88,1016.0,9.8,6.5,79.33333333333333,76.85714285714286,-1.0,9.0,-1.6406779661016913,0.2933333333333334,0.2585714285714286,-0.11000000000000001,-0.009999999999999981,0.14891525423728816,0.3066666666666668,0.24000000000000002,-0.019999999999999962,-0.010000000000000009,0.20129251700680273,85.0,78.85714285714286,1.0,16.0,7.827118644067795,89.33333333333333,74.28571428571429,-7.0,34.0,15.932203389830505,88.0,87.71428571428571,16.0,7.0,10.359322033898309,86.0,81.42857142857143,3.0,19.0,17.718644067796603,98.0,86.71428571428571,2.0,22.0,12.383050847457625,79.0,76.28571428571429,1.0,8.0,4.799999999999997,95.66666666666667,96.85714285714286,-11.0,-2.0,13.200000000000003,78.33333333333333,70.42857142857143,1.0,19.0,0.03389830508474745,82.66666666666667,81.14285714285714,-4.0,-4.0,-5.350515463917532,7500.0,7842.857142857143,-4500.0,900.0,2333.8983050847455,2100.0,1285.7142857142858,900.0,900.0,-2013.5593220338983,,,,,,,,,,,,,,,,,,,,,,,,,,,,,,,,,,,,,,,,,,,,,,,,,,,,,,,,29.83333333333334,28.900000000000002,-2.400000000000002,1.6999999999999993,8.978644067796608,19.899999999999995,19.357142857142858,-0.6999999999999993,4.5,10.620677966101697,24.03333333333333,23.685714285714287,-1.3999999999999986,1.4000000000000021,8.80033898305085,73.0,67.85714285714286,19.0,28.0,20.45084745762712,1016.7333333333336,1014.7714285714286,-1.2000000000000455,-0.7000000000000455,-1.2230508474575572,13.733333333333334,15.742857142857146,-5.0,-2.0999999999999996,-6.5942372881355915,4.600000000000001,6.928571428571428,-0.7999999999999998,6.5,3.1698305084745764,1.2000000000000455,1.0,False,1.3999999999999986,0.10000000000000142,5,6,3,False,False,False,False,False,False,False,True,False,0,-0.387491083296843,0
2026-06-28,76,0.41,0.44,86,42,93,83,100,70,100,96,78.0,5400,1800,,,,,,,,,,,,23.7,21.0,22.0,96,1014.8,10.7,15.4,77.0,77.28571428571429,-1.0,-7.0,-2.6406779661016913,0.2866666666666667,0.2771428571428572,0.23999999999999996,-0.020000000000000018,0.3889152542372881,0.3333333333333334,0.3,0.16999999999999998,0.08000000000000002,0.3712925170068027,85.0,80.71428571428571,1.0,0.0,8.827118644067795,75.66666666666667,74.0,-47.0,-41.0,-31.067796610169495,89.0,88.71428571428571,-2.0,3.0,8.359322033898309,91.33333333333333,79.42857142857143,-14.0,16.0,3.7186440677966033,98.0,91.42857142857143,2.0,0.0,14.383050847457625,77.0,77.28571428571429,-11.0,-6.0,-6.200000000000003,96.33333333333333,96.85714285714286,11.0,2.0,24.200000000000003,81.0,74.42857142857143,22.0,8.0,22.033898305084747,80.66666666666667,80.71428571428571,-2.0,-6.0,-7.350515463917532,8100.0,6942.857142857143,-1800.0,1800.0,533.8983050847455,1500.0,1542.857142857143,0.0,-1800.0,-2013.5593220338983,,,,,,,,,,,,,,,,,,,,,,,,,,,,,,,,,,,,,,,,,,,,,,,,,,,,,,,,27.96666666666667,27.957142857142856,-5.199999999999999,-5.600000000000001,3.778644067796609,21.099999999999998,19.62857142857143,0.1999999999999993,3.6000000000000014,10.820677966101696,23.53333333333333,23.24285714285714,-1.6000000000000014,-1.5,7.200338983050848,84.33333333333333,75.85714285714286,8.0,34.0,28.45084745762712,1016.0000000000001,1015.2142857142857,-1.2000000000000455,-2.2000000000000455,-2.4230508474576027,11.766666666666666,14.742857142857144,0.8999999999999986,-5.900000000000002,-5.694237288135593,9.733333333333334,9.128571428571428,8.9,15.4,12.069830508474578,1.2000000000000455,2.400000000000091,False,1.6000000000000014,3.0,6,6,3,False,False,False,True,False,False,False,True,False,0,-0.41504973367053105,0
2026-06-29,80,0.31,0.32,78,74,81,91,87,73,100,69,73.0,1800,1800,,,,,,,,,,,,29.5,20.6,24.6,79,1018.4,7.7,0.5,77.66666666666667,77.71428571428571,4.0,2.0,1.3593220338983087,0.2966666666666667,0.2871428571428572,-0.09999999999999998,0.02999999999999997,0.28891525423728814,0.34333333333333343,0.3242857142857143,-0.12,0.030000000000000027,0.2512925170068027,83.0,81.42857142857143,-8.0,-6.0,0.8271186440677951,68.33333333333333,74.71428571428571,32.0,-22.0,0.9322033898305051,89.66666666666667,87.42857142857143,-12.0,2.0,-3.6406779661016913,90.33333333333333,78.57142857142857,8.0,-3.0,11.718644067796603,95.0,93.71428571428571,-13.0,-9.0,1.3830508474576249,74.66666666666667,76.85714285714286,3.0,-7.0,-3.200000000000003,96.33333333333333,96.85714285714286,0.0,0.0,24.200000000000003,79.66666666666667,76.42857142857143,-27.0,-4.0,-4.9661016949152526,77.0,80.14285714285714,-5.0,-11.0,-12.350515463917532,4800.0,6428.571428571428,-3600.0,-9900.0,-3066.1016949152545,1800.0,1542.857142857143,0.0,900.0,-2013.5593220338983,,,,,,,,,,,,,,,,,,,,,,,,,,,,,,,,,,,,,,,,,,,,,,,,,,,,,,,,27.366666666666674,27.428571428571427,5.800000000000001,-1.8000000000000007,9.57864406779661,20.799999999999997,19.428571428571427,-0.3999999999999986,-0.8999999999999986,10.420677966101698,23.399999999999995,23.11428571428571,2.6000000000000014,-0.3999999999999986,9.80033898305085,87.66666666666667,77.71428571428571,-17.0,10.0,11.45084745762712,1016.4000000000001,1016.0714285714286,3.6000000000000227,1.1999999999999318,1.17694915254242,9.4,12.714285714285714,-2.999999999999999,-7.1000000000000005,-8.694237288135593,7.466666666666668,6.357142857142857,-14.9,-6.8,-2.8301694915254236,-3.6000000000000227,-2.3999999999999773,False,2.6000000000000014,1.0,0,6,3,False,False,False,True,False,False,False,True,False,0,-0.39481818995451096,0
2026-06-30,67,0.26,0.31,77,57,86,97,83,73,100,69,75.0,8100,0,,,,,,,,,,,,31.6,19.9,25.9,67,1019.3,12.3,0.0,74.33333333333333,75.57142857142857,-13.0,-10.0,-11.640677966101691,0.32666666666666666,0.2914285714285715,-0.04999999999999999,0.09,0.23891525423728815,0.35666666666666674,0.3242857142857143,-0.010000000000000009,0.03999999999999998,0.2412925170068027,80.33333333333333,80.71428571428571,-1.0,-8.0,-0.17288135593220488,57.666666666666664,70.85714285714286,-17.0,-32.0,-16.067796610169495,86.66666666666667,87.42857142857143,5.0,-9.0,1.3593220338983087,90.33333333333333,86.71428571428571,6.0,0.0,17.718644067796603,90.0,91.42857142857143,-4.0,-15.0,-2.616949152542375,72.0,75.14285714285714,0.0,-8.0,-3.200000000000003,100.0,96.85714285714286,0.0,11.0,24.200000000000003,78.0,74.85714285714286,0.0,-5.0,-4.9661016949152526,75.33333333333333,79.71428571428571,2.0,-5.0,-10.350515463917532,5100.0,6300.0,6300.0,900.0,3233.8983050847455,1200.0,1542.857142857143,-1800.0,-1800.0,-3813.5593220338983,,,,,,,,,,,,,,,,,,,,,,,,,,,,,,,,,,,,,,,,,,,,,,,,,,,,,,,,28.26666666666667,28.785714285714285,2.1000000000000014,2.700000000000003,11.678644067796611,20.5,19.642857142857142,-0.7000000000000028,-0.9000000000000021,9.720677966101695,24.166666666666668,23.82857142857143,1.2999999999999972,2.299999999999997,11.100338983050847,80.66666666666667,74.42857142857143,-12.0,-21.0,-0.5491525423728802,1017.5,1017.0571428571428,0.8999999999999773,3.2999999999999545,2.0769491525423973,10.233333333333333,11.971428571428572,4.6000000000000005,2.5,-4.0942372881355915,5.300000000000001,4.242857142857143,-0.5,-6.5,-3.3301694915254236,-0.8999999999999773,-4.5,False,1.2999999999999972,3.8999999999999986,1,6,3,False,False,False,False,False,False,True,True,False,0,-0.39330318966883,0
2026-07-01,78,0.01,0.29,74,72,99,89,62,78,97,57,79.0,4500,6300,,,,,,,,,,,,35.9,22.7,29.3,65,1016.4,13.7,0.7,75.0,77.0,11.0,2.0,-0.6406779661016913,0.19333333333333336,0.2671428571428572,-0.25,-0.39999999999999997,-0.011084745762711864,0.3066666666666668,0.32571428571428573,-0.020000000000000018,-0.15000000000000002,0.2212925170068027,76.33333333333333,81.42857142857143,-3.0,-12.0,-3.172881355932205,67.66666666666667,73.28571428571429,15.0,30.0,-1.067796610169495,88.66666666666667,89.0,13.0,6.0,14.359322033898309,92.33333333333333,88.28571428571429,-8.0,6.0,9.718644067796603,77.33333333333333,89.42857142857143,-21.0,-38.0,-23.616949152542375,74.66666666666667,75.85714285714286,5.0,8.0,1.7999999999999972,99.0,97.71428571428571,-3.0,-3.0,21.200000000000003,65.0,75.14285714285714,-12.0,-39.0,-16.966101694915253,75.66666666666667,79.0,4.0,1.0,-6.350515463917532,4800.0,6042.857142857143,-3600.0,-900.0,-366.1016949152545,2700.0,2314.285714285714,6300.0,4500.0,2486.4406779661017,,,,,,,,,,,,,,,,,,,,,,,,,,,,,,,,,,,,,,,,,,,,,,,,,,,,,,,,32.333333333333336,30.02857142857143,4.299999999999997,12.2,15.978644067796608,21.066666666666666,20.557142857142857,2.8000000000000007,1.6999999999999993,12.520677966101696,26.599999999999998,24.842857142857145,3.400000000000002,7.300000000000001,14.500338983050849,70.33333333333333,75.14285714285714,-2.0,-31.0,-2.5491525423728802,1018.0333333333334,1017.0142857142857,-2.8999999999999773,1.6000000000000227,-0.82305084745758,11.233333333333334,12.22857142857143,1.3999999999999986,3.0,-2.694237288135593,0.4000000000000012,4.3428571428571425,0.7,-14.700000000000001,-2.6301694915254235,2.8999999999999773,2.0,False,3.400000000000002,4.699999999999999,2,7,3,False,False,False,False,False,False,False,True,False,0,-0.4017785252251532,0
2026-07-02,79,0.16,0.3,80,76,90,89,97,86,96,65,83.0,8100,2700,,,,,,,,,,,,38.4,25.8,32.6,59,1016.5,10.0,0.0,74.66666666666667,76.42857142857143,1.0,-1.0,0.35932203389830875,0.1433333333333334,0.22857142857142865,0.15,-0.15,0.13891525423728815,0.3000000000000001,0.31714285714285717,0.010000000000000009,-0.020000000000000018,0.2312925170068027,77.0,80.57142857142857,6.0,2.0,2.827118644067795,68.33333333333333,72.28571428571429,4.0,2.0,2.932203389830505,91.66666666666667,89.0,-9.0,9.0,5.359322033898309,91.66666666666667,91.42857142857143,0.0,-2.0,9.718644067796603,80.66666666666667,89.0,35.0,10.0,11.383050847457625,79.0,77.28571428571429,8.0,13.0,9.799999999999997,97.66666666666667,97.42857142857143,-1.0,-4.0,20.200000000000003,63.666666666666664,71.85714285714286,8.0,-4.0,-8.966101694915253,79.0,78.85714285714286,4.0,10.0,-2.3505154639175316,6900.0,6685.714285714285,3600.0,6300.0,3233.8983050847455,3000.0,2185.714285714286,-3600.0,900.0,-1113.5593220338983,,,,,,,,,,,,,,,,,,,,,,,,,,,,,,,,,,,,,,,,,,,,,,,,,,,,,,,,35.300000000000004,31.328571428571426,2.5,8.899999999999999,18.47864406779661,22.799999999999997,21.757142857142856,3.1000000000000014,5.199999999999999,15.620677966101697,29.266666666666666,26.142857142857142,3.3000000000000007,8.0,17.80033898305085,63.666666666666664,74.71428571428571,-6.0,-20.0,-8.54915254237288,1017.4000000000001,1016.9428571428572,0.10000000000002274,-1.8999999999999773,-0.7230508474575572,12.0,11.285714285714286,-3.6999999999999993,2.3,-6.394237288135592,0.2333333333333345,4.3428571428571425,-0.7,-0.5,-3.3301694915254236,-0.10000000000002274,2.7999999999999545,False,3.3000000000000007,6.700000000000003,3,7,3,False,False,False,False,False,False,False,True,False,0,-0.40987980135555796,0
2026-07-03,66,0.04,0.19,63,79,88,94,45,69,46,49,79.0,3600,10800,,,,,,,,,,,,38.5,26.9,33.3,54,1016.1,11.4,1.3,74.33333333333333,74.71428571428571,-13.0,-1.0,-12.640677966101691,0.07000000000000005,0.1942857142857143,-0.12,-0.22,0.018915254237288136,0.26000000000000006,0.3028571428571429,-0.10999999999999999,-0.12,0.12129251700680271,72.33333333333333,77.57142857142857,-17.0,-14.0,-14.172881355932205,75.66666666666667,69.85714285714286,3.0,22.0,5.932203389830505,92.33333333333333,90.28571428571429,-2.0,2.0,3.3593220338983087,90.66666666666667,91.42857142857143,5.0,-3.0,14.718644067796603,68.0,81.71428571428571,-52.0,-38.0,-40.616949152542375,77.66666666666667,75.71428571428571,-17.0,-4.0,-7.200000000000003,79.66666666666667,89.71428571428571,-50.0,-54.0,-29.799999999999997,57.0,68.42857142857143,-16.0,-20.0,-24.966101694915253,80.33333333333333,78.14285714285714,-4.0,4.0,-6.350515463917532,5400.0,5528.571428571428,-4500.0,-4500.0,-1266.1016949152545,6600.0,3600.0,8100.0,10800.0,6986.440677966102,,,,,,,,,,,,,,,,,,,,,,,,,,,,,,,,,,,,,,,,,,,,,,,,,,,,,,,,37.6,32.357142857142854,0.10000000000000142,6.899999999999999,18.57864406779661,25.13333333333333,22.52857142857143,1.0999999999999979,7.0,16.720677966101697,31.733333333333334,27.32857142857143,0.6999999999999957,7.399999999999999,18.500338983050845,59.333333333333336,72.57142857142857,-5.0,-13.0,-13.54915254237288,1016.3333333333335,1016.7857142857143,-0.39999999999997726,-3.199999999999932,-1.1230508474575345,11.700000000000001,10.8,1.4000000000000004,-0.9000000000000004,-4.994237288135592,0.6666666666666679,3.4857142857142853,1.3,1.3,-2.030169491525424,0.39999999999997726,0.2999999999999545,False,0.6999999999999957,3.9999999999999964,4,7,3,False,False,False,False,False,False,True,True,False,1,-0.453309232257752,1
2026-07-04,89,0.21,0.18,94,97,95,94,97,82,96,97,81.0,0,4500,,,,,,,,,,,,39.5,25.5,32.4,53,1014.1,24.2,3.0,78.0,76.42857142857143,23.0,11.0,10.359322033898309,0.13666666666666671,0.20000000000000004,0.16999999999999998,0.19999999999999998,0.18891525423728814,0.2233333333333334,0.29000000000000004,-0.010000000000000009,-0.10999999999999999,0.1112925170068027,79.0,78.85714285714286,31.0,20.0,16.827118644067795,84.0,71.0,18.0,25.0,23.932203389830505,91.0,90.28571428571429,7.0,-4.0,10.359322033898309,92.33333333333333,91.0,0.0,5.0,14.718644067796603,79.66666666666667,81.57142857142857,52.0,35.0,11.383050847457625,79.0,75.85714285714286,13.0,4.0,5.799999999999997,79.33333333333333,90.71428571428571,50.0,-1.0,20.200000000000003,70.33333333333333,71.71428571428571,48.0,40.0,23.033898305084747,81.0,78.28571428571429,2.0,2.0,-4.350515463917532,3900.0,4500.0,-3600.0,-4500.0,-4866.1016949152545,6000.0,3985.714285714286,-6300.0,-1800.0,686.4406779661017,,,,,,,,,,,,,,,,,,,,,,,,,,,,,,,,,,,,,,,,,,,,,,,,,,,,,,,,38.800000000000004,33.871428571428574,1.0,3.6000000000000014,19.57864406779661,26.066666666666663,23.2,-1.3999999999999986,2.8000000000000007,15.320677966101696,32.76666666666667,28.585714285714285,-0.8999999999999986,3.099999999999998,17.600338983050847,55.333333333333336,67.57142857142857,-1.0,-12.0,-14.54915254237288,1015.5666666666667,1016.5142857142856,-2.0,-2.2999999999999545,-3.1230508474575345,15.199999999999998,12.857142857142858,12.799999999999999,10.5,7.805762711864407,1.4333333333333345,2.9857142857142853,1.7,2.3,-0.33016949152542363,2.0,2.3999999999999773,False,0.8999999999999986,0.20000000000000284,5,7,3,False,False,False,False,False,False,False,False,False,0,-0.442204115775067,0
2026-07-05,86,-0.16,0.07,84,80,90,24,100,87,97,91,80.0,3600,4500,,,,,,,,,,,,33.5,23.4,28.1,70,1013.0,11.2,5.6,80.33333333333333,77.85714285714286,-3.0,7.0,7.359322033898309,0.030000000000000027,0.11857142857142862,-0.37,-0.32,-0.18108474576271186,0.14666666666666675,0.23714285714285716,-0.10999999999999999,-0.22999999999999998,0.001292517006802718,80.33333333333333,78.57142857142857,-10.0,4.0,6.827118644067795,85.33333333333333,76.42857142857143,-17.0,4.0,6.932203389830505,91.0,89.85714285714286,-5.0,0.0,5.359322033898309,70.66666666666667,82.57142857142857,-70.0,-65.0,-55.2813559322034,80.66666666666667,81.57142857142857,3.0,3.0,14.383050847457625,79.33333333333333,78.28571428571429,5.0,1.0,10.799999999999997,79.66666666666667,90.28571428571429,1.0,1.0,21.200000000000003,79.0,71.0,-6.0,26.0,17.033898305084747,80.0,78.57142857142857,-1.0,-3.0,-5.350515463917532,2400.0,4242.857142857143,3600.0,-4500.0,-1266.1016949152545,6600.0,4371.428571428572,0.0,1800.0,686.4406779661017,,,,,,,,,,,,,,,,,,,,,,,,,,,,,,,,,,,,,,,,,,,,,,,,,,,,,,,,37.166666666666664,35.271428571428565,-6.0,-4.899999999999999,13.57864406779661,25.266666666666666,23.542857142857144,-2.1000000000000014,-2.400000000000002,13.220677966101695,31.266666666666666,29.457142857142856,-4.299999999999997,-4.5,13.30033898305085,59.0,63.857142857142854,17.0,11.0,2.4508474576271198,1014.4000000000001,1016.2571428571429,-1.1000000000000227,-3.5,-4.223050847457557,15.6,12.928571428571429,-13.0,1.1999999999999993,-5.194237288135593,3.3000000000000007,1.5857142857142856,2.5999999999999996,5.6,2.269830508474576,1.1000000000000227,3.1000000000000227,False,4.299999999999997,5.199999999999996,6,7,3,False,False,False,False,False,False,False,True,False,0,-0.4057322994378136,0
2026-07-06,83,-0.02,0.11,82,81,95,91,93,83,100,67,76.0,0,24300,61.967032967032964,3.14642846348622,55.0,74.0,19.0,0.050775845039412314,,,,,,29.3,22.3,24.4,92,1014.2,13.8,37.5,86.0,78.28571428571429,-3.0,17.0,4.359322033898309,0.010000000000000035,0.07142857142857148,0.14,-0.06,-0.041084745762711865,0.12000000000000009,0.20714285714285716,0.039999999999999994,-0.08,0.04129251700680271,86.66666666666667,79.14285714285714,-2.0,19.0,4.827118644067795,86.0,77.42857142857143,1.0,2.0,7.932203389830505,93.33333333333333,91.85714285714286,5.0,7.0,10.359322033898309,69.66666666666667,82.57142857142857,67.0,-3.0,11.718644067796603,96.66666666666667,82.42857142857143,-7.0,48.0,7.383050847457625,84.0,79.71428571428571,-4.0,14.0,6.799999999999997,97.66666666666667,90.28571428571429,3.0,54.0,24.200000000000003,85.0,70.71428571428571,-24.0,18.0,-6.9661016949152526,79.0,79.0,-4.0,-3.0,-9.350515463917532,1200.0,3985.714285714286,-3600.0,-3600.0,-4866.1016949152545,11100.0,7585.714285714285,19800.0,13500.0,20486.4406779661,61.967032967032964,61.967032967032964,,,-4.429217119482615,3.14642846348622,3.14642846348622,,,-0.3923454718222299,55.0,55.0,,,-3.3333333333333357,74.0,74.0,,,-4.0,19.0,19.0,,,-0.6666666666666679,0.050775845039412314,0.050775845039412314,,,-0.002422253764887361,,,,,,,,,,,,,,,,,,,,,,,,,,34.1,35.24285714285714,-4.199999999999999,-9.2,9.37864406779661,23.73333333333333,23.785714285714285,-1.0999999999999979,-4.599999999999998,12.120677966101697,28.3,29.428571428571427,-3.700000000000003,-8.899999999999999,9.600338983050847,71.66666666666667,65.71428571428571,22.0,38.0,24.45084745762712,1013.7666666666669,1015.6571428571427,1.2000000000000455,-1.8999999999999773,-3.0230508474575117,16.400000000000002,13.799999999999999,2.6000000000000014,2.4000000000000004,-2.5942372881355915,15.366666666666667,6.871428571428572,31.9,36.2,34.169830508474575,-1.2000000000000455,-0.10000000000002274,False,3.700000000000003,8.0,0,7,3,False,False,False,False,False,False,False,False,False,0,-0.6172054402085849,1
2026-07-07,83,-0.15,0.05,72,71,93,56,66,86,100,58,83.0,4500,2700,,,,,,,,,,,,27.4,21.9,24.3,88,1015.5,11.5,4.7,84.0,80.57142857142857,0.0,-6.0,4.359322033898309,-0.10999999999999995,0.012857142857142909,-0.13,-0.36,-0.17108474576271185,0.07666666666666676,0.17,-0.06,-0.13,-0.018707482993197286,79.33333333333333,78.42857142857143,-10.0,-22.0,-5.172881355932205,77.33333333333333,79.42857142857143,-10.0,-26.0,-2.067796610169495,92.66666666666667,92.85714285714286,-2.0,-2.0,8.359322033898309,57.0,76.71428571428571,-35.0,-38.0,-23.281355932203397,86.33333333333333,80.0,-27.0,-31.0,-19.616949152542375,85.33333333333333,81.57142857142857,3.0,4.0,9.799999999999997,99.0,90.28571428571429,0.0,4.0,24.200000000000003,72.0,69.14285714285714,-9.0,-39.0,-15.966101694915253,79.66666666666667,80.14285714285714,7.0,2.0,-2.3505154639175316,2700.0,3471.4285714285716,4500.0,4500.0,-366.1016949152545,10500.0,7971.428571428572,-21600.0,-1800.0,-1113.5593220338983,61.967032967032964,61.967032967032964,,,,3.14642846348622,3.14642846348622,,,,55.0,55.0,,,,74.0,74.0,,,,19.0,19.0,,,,0.050775845039412314,0.050775845039412314,,,,,,,,,,,,,,,,,,,,,,,,,,,,,30.066666666666674,34.642857142857146,-1.9000000000000021,-12.100000000000001,7.478644067796608,22.53333333333333,24.071428571428573,-0.40000000000000213,-3.6000000000000014,11.720677966101695,25.599999999999998,29.2,-0.09999999999999787,-8.099999999999998,9.500338983050849,83.33333333333333,68.71428571428571,-4.0,35.0,20.45084745762712,1014.2333333333336,1015.1142857142856,1.2999999999999545,1.3999999999999773,-1.7230508474575572,12.166666666666666,13.685714285714287,-2.3000000000000007,-12.7,-4.894237288135592,15.933333333333335,7.542857142857144,-32.8,1.7000000000000002,1.3698305084745765,-1.2999999999999545,-2.5,False,0.09999999999999787,3.8000000000000007,1,7,3,False,False,False,False,False,False,False,True,False,0,-0.5027578849353304,1
2026-07-08,94,0.06,0.01,89,56,95,91,100,77,100,94,79.0,5400,8100,,,,,,,,,,,,27.4,20.9,24.2,84,1016.6,11.5,1.4,86.66666666666667,82.85714285714286,11.0,8.0,15.359322033898309,-0.036666666666666625,0.02000000000000005,0.21,0.22,0.03891525423728813,0.05666666666666676,0.13000000000000003,-0.04,-0.060000000000000005,-0.05870748299319729,81.0,80.57142857142857,17.0,5.0,11.827118644067795,69.33333333333333,77.14285714285714,-15.0,-24.0,-17.067796610169495,94.33333333333333,92.28571428571429,2.0,5.0,10.359322033898309,79.33333333333333,77.0,35.0,67.0,11.718644067796603,86.33333333333333,85.42857142857143,34.0,0.0,14.383050847457625,82.0,81.42857142857143,-9.0,-10.0,0.7999999999999972,100.0,90.71428571428571,0.0,3.0,24.200000000000003,73.0,74.42857142857143,36.0,3.0,20.033898305084747,79.33333333333333,80.14285714285714,-4.0,-1.0,-6.350515463917532,3300.0,3600.0,900.0,1800.0,533.8983050847455,11700.0,8228.57142857143,5400.0,3600.0,4286.440677966102,61.967032967032964,61.967032967032964,,,,3.14642846348622,3.14642846348622,,,,55.0,55.0,,,,74.0,74.0,,,,19.0,19.0,,,,0.050775845039412314,0.050775845039412314,,,,,,,,,,,,,,,,,,,,,,,,,,,,,28.033333333333335,33.42857142857143,0.0,-6.100000000000001,7.478644067796608,21.7,23.814285714285713,-1.0,-2.5,10.720677966101695,24.3,28.47142857142857,-0.10000000000000142,-3.900000000000002,9.400338983050847,88.0,71.42857142857143,-4.0,14.0,16.45084745762712,1015.4333333333335,1015.1428571428571,1.1000000000000227,3.6000000000000227,-0.6230508474575345,12.266666666666666,13.37142857142857,0.0,0.3000000000000007,-4.894237288135592,14.533333333333333,7.642857142857143,-3.3000000000000003,-4.199999999999999,-1.9301694915254237,-1.1000000000000227,-2.3999999999999773,False,0.10000000000000142,0.1999999999999993,2,7,3,False,False,False,False,False,False,False,True,False,0,-0.46489259614889294,1
2026-07-09,91,-0.21,-0.06,84,97,90,67,92,83,100,77,71.0,2700,4500,,,,,,,,,,,,28.3,22.1,24.1,93,1012.9,13.0,36.2,89.33333333333333,84.57142857142857,-3.0,8.0,12.359322033898309,-0.09999999999999996,-0.0328571428571428,-0.27,-0.19,-0.23108474576271185,9.483155002006545e-17,0.0785714285714286,-0.06999999999999999,-0.16999999999999998,-0.1287074829931973,81.66666666666667,81.14285714285714,-5.0,2.0,6.827118644067795,74.66666666666667,80.14285714285714,41.0,16.0,23.932203389830505,92.66666666666667,92.28571428571429,-5.0,-5.0,5.359322033898309,71.33333333333333,73.85714285714286,-24.0,-24.0,-12.281355932203397,86.0,84.71428571428571,-8.0,-1.0,6.383050847457625,82.0,81.0,6.0,0.0,6.799999999999997,100.0,91.28571428571429,0.0,0.0,24.200000000000003,76.33333333333333,76.14285714285714,-17.0,10.0,3.0338983050847474,77.66666666666667,78.42857142857143,-8.0,-5.0,-14.350515463917532,4200.0,2828.5714285714284,-2700.0,2700.0,-2166.1016949152545,5100.0,8485.714285714286,-3600.0,-19800.0,686.4406779661017,,61.967032967032964,,,,,3.14642846348622,,,,,55.0,,,,,74.0,,,,,19.0,,,,,0.050775845039412314,,,,,,,,,,,,,,,,,,,,,,,,,,,,,27.700000000000006,31.985714285714288,0.9000000000000021,-1.0,8.37864406779661,21.63333333333333,23.285714285714285,1.2000000000000028,-0.1999999999999993,11.920677966101698,24.2,27.25714285714286,-0.09999999999999787,-0.29999999999999716,9.30033898305085,88.33333333333333,76.28571428571429,9.0,1.0,25.45084745762712,1015.0000000000001,1014.6285714285714,-3.7000000000000455,-1.3000000000000682,-4.32305084745758,12.0,13.799999999999999,1.5,-0.8000000000000007,-3.3942372881355922,14.100000000000001,12.814285714285715,34.800000000000004,-1.2999999999999972,32.86983050847458,3.7000000000000455,2.6000000000000227,False,0.09999999999999787,0.1999999999999993,3,7,3,False,False,False,False,False,False,False,True,False,0,-0.44896508275574915,0
2026-07-10,89,-0.14,-0.04,86,91,100,81,98,77,91,82,78.0,3600,12600,,,,,,,,,,,,30.4,21.9,25.1,84,1011.8,13.2,1.5,91.33333333333333,87.85714285714286,-2.0,6.0,10.359322033898309,-0.09666666666666662,-0.05857142857142852,0.06999999999999998,0.009999999999999981,-0.16108474576271187,-0.029999999999999905,0.04571428571428574,0.019999999999999997,-0.09,-0.1087074829931973,86.33333333333333,84.42857142857143,2.0,14.0,8.827118644067795,81.33333333333333,81.85714285714286,-6.0,20.0,17.932203389830505,95.0,94.0,10.0,7.0,15.359322033898309,79.66666666666667,72.0,14.0,25.0,1.7186440677966033,96.66666666666667,92.28571428571429,6.0,32.0,12.383050847457625,79.0,82.14285714285714,-6.0,-9.0,0.7999999999999972,97.0,97.71428571428571,-9.0,-9.0,15.200000000000003,84.33333333333333,80.85714285714286,5.0,24.0,8.033898305084747,76.0,78.28571428571429,7.0,-5.0,-7.350515463917532,3900.0,2828.5714285714284,900.0,-900.0,-1266.1016949152545,8400.0,8742.857142857143,8100.0,9900.0,8786.440677966102,,61.967032967032964,,,,,3.14642846348622,,,,,55.0,,,,,74.0,,,,,19.0,,,,,0.050775845039412314,,,,,,,,,,,,,,,,,,,,,,,,,,,,,28.700000000000003,30.82857142857143,2.099999999999998,3.0,10.478644067796608,21.63333333333333,22.571428571428573,-0.20000000000000284,0.0,11.720677966101695,24.46666666666667,26.08571428571429,1.0,0.8000000000000007,10.30033898305085,87.0,80.57142857142857,-9.0,-4.0,16.45084745762712,1013.7666666666668,1014.0142857142856,-1.1000000000000227,-3.7000000000000455,-5.423050847457603,12.566666666666665,14.057142857142855,0.1999999999999993,1.6999999999999993,-3.194237288135593,13.033333333333333,12.842857142857143,-34.7,-3.2,-1.8301694915254236,1.1000000000000227,4.800000000000068,False,1.0,0.9000000000000021,4,7,3,False,False,False,False,False,False,False,True,False,0,-0.4472215092845592,0
2026-07-11,72,-0.03,0.02,67,66,86,67,66,76,80,55,81.0,13500,900,,,,,,,,,,,,29.6,21.4,24.4,86,1013.7,15.4,4.4,84.0,85.42857142857143,-17.0,-22.0,-6.640677966101691,-0.12666666666666662,-0.09285714285714282,0.11000000000000001,-0.09,-0.05108474576271187,-0.02666666666666657,0.02285714285714288,0.06,0.01,-0.048707482993197285,79.0,80.57142857142857,-19.0,-22.0,-10.172881355932205,84.66666666666667,77.42857142857143,-25.0,10.0,-7.067796610169495,92.0,92.71428571428571,-14.0,-9.0,1.3593220338983087,71.66666666666667,68.14285714285714,-14.0,-24.0,-12.281355932203397,85.33333333333333,87.85714285714286,-32.0,-34.0,-19.616949152542375,78.66666666666667,81.28571428571429,-1.0,-1.0,-0.20000000000000284,90.33333333333333,95.42857142857143,-11.0,-20.0,4.200000000000003,71.33333333333333,74.85714285714286,-27.0,-39.0,-18.966101694915253,76.66666666666667,78.28571428571429,3.0,2.0,-4.350515463917532,6600.0,4757.142857142857,9900.0,8100.0,8633.898305084746,6000.0,8228.57142857143,-11700.0,-7200.0,-2913.5593220338983,,61.967032967032964,,,,,3.14642846348622,,,,,55.0,,,,,74.0,,,,,19.0,,,,,0.050775845039412314,,,,,,,,,,,,,,,,,,,,,,,,,,,,,29.433333333333337,29.414285714285715,-0.7999999999999972,2.200000000000003,9.678644067796611,21.799999999999997,21.985714285714288,-0.5,0.5,11.220677966101695,24.53333333333333,24.942857142857147,-0.7000000000000028,0.1999999999999993,9.600338983050847,87.66666666666667,85.28571428571429,2.0,2.0,18.45084745762712,1012.8000000000002,1013.9571428571428,1.900000000000091,-2.8999999999999773,-3.5230508474575117,13.866666666666665,12.799999999999999,2.200000000000001,3.9000000000000004,-0.9942372881355919,14.033333333333333,13.042857142857144,2.9000000000000004,3.0000000000000004,1.0698305084745767,-1.900000000000091,-0.8000000000000682,False,0.7000000000000028,0.29999999999999716,5,7,3,False,False,False,False,False,False,False,True,False,0,-0.47151802153070865,1
2026-07-12,95,-0.24,-0.15,94,99,81,94,100,79,98,100,80.0,900,6300,,,,,,,,,,,,27.4,20.9,23.7,83,1019.6,13.0,8.7,85.33333333333333,86.71428571428571,23.0,4.0,16.35932203389831,-0.13666666666666663,-0.10428571428571423,-0.21,-0.03,-0.26108474576271185,-0.05666666666666657,-0.008571428571428548,-0.16999999999999998,-0.09,-0.21870748299319728,82.33333333333333,82.0,27.0,10.0,16.827118644067795,85.33333333333333,80.14285714285714,33.0,2.0,25.932203389830505,89.0,91.42857142857143,-5.0,-9.0,-3.6406779661016913,80.66666666666667,78.14285714285714,27.0,27.0,14.718644067796603,88.0,87.85714285714286,34.0,8.0,14.383050847457625,77.33333333333333,80.14285714285714,3.0,-4.0,2.799999999999997,89.66666666666667,95.57142857142857,18.0,-2.0,22.200000000000003,79.0,76.14285714285714,45.0,23.0,26.033898305084747,79.66666666666667,78.28571428571429,-1.0,9.0,-5.350515463917532,6000.0,4371.428571428572,-12600.0,-1800.0,-3966.1016949152545,6600.0,8485.714285714286,5400.0,1800.0,2486.4406779661017,,61.967032967032964,,,,,3.14642846348622,,,,,55.0,,,,,74.0,,,,,19.0,,,,,0.050775845039412314,,,,,,,,,,,,,,,,,,,,,,,,,,,,,29.133333333333336,28.542857142857144,-2.200000000000003,-0.9000000000000021,7.478644067796608,21.399999999999995,21.628571428571426,-0.5,-1.2000000000000028,10.720677966101695,24.400000000000002,24.314285714285717,-0.6999999999999993,-0.40000000000000213,8.900338983050847,84.33333333333333,87.14285714285714,-3.0,-10.0,15.45084745762712,1015.0333333333334,1014.9,5.899999999999977,6.7000000000000455,2.3769491525424655,13.866666666666665,13.057142857142859,-2.4000000000000004,0.0,-3.3942372881355922,4.866666666666666,13.485714285714286,4.299999999999999,-27.500000000000004,5.369830508474576,-5.899999999999977,-7.800000000000068,True,0.6999999999999993,1.4000000000000021,6,7,3,False,False,False,False,False,False,False,True,False,0,-0.44561443312960886,0
2026-07-13,85,-0.42,-0.17,80,75,81,99,91,70,91,73,78.0,2700,6300,,,,,,,,,,,,29.1,19.0,24.2,65,1022.4,9.5,0.0,84.0,87.0,-10.0,-4.0,6.359322033898309,-0.22999999999999995,-0.16142857142857134,-0.18,-0.27999999999999997,-0.44108474576271184,-0.09999999999999991,-0.04857142857142855,-0.020000000000000018,-0.13,-0.2387074829931973,80.33333333333333,81.71428571428571,-14.0,-6.0,2.827118644067795,80.0,79.28571428571429,-24.0,-16.0,1.932203389830505,82.66666666666667,89.42857142857143,0.0,-19.0,-3.6406779661016913,86.66666666666667,79.28571428571429,5.0,18.0,19.718644067796603,85.66666666666667,87.57142857142857,-9.0,-7.0,5.383050847457625,75.0,78.28571428571429,-9.0,-7.0,-6.200000000000003,89.66666666666667,94.28571428571429,-7.0,0.0,15.200000000000003,76.0,77.0,-27.0,-9.0,-0.9661016949152526,79.66666666666667,78.57142857142857,-2.0,0.0,-7.350515463917532,5700.0,4757.142857142857,1800.0,-900.0,-2166.1016949152545,4500.0,5914.285714285715,0.0,-6300.0,2486.4406779661017,,,,,,,,,,,,,,,,,,,,,,,,,,,,,,,,,,,,,,,,,,,,,,,,,,,,,,,,28.700000000000006,28.514285714285712,1.7000000000000028,-1.2999999999999972,9.178644067796611,20.43333333333333,21.15714285714285,-1.8999999999999986,-2.8999999999999986,8.820677966101696,24.099999999999998,24.285714285714285,0.5,-0.9000000000000021,9.400338983050847,78.0,83.28571428571429,-18.0,-19.0,-2.5491525423728802,1018.566666666667,1016.0714285714286,2.7999999999999545,10.600000000000023,5.17694915254242,12.633333333333333,12.442857142857141,-3.5,-3.6999999999999993,-6.894237288135592,4.366666666666666,8.12857142857143,-8.7,-1.5,-3.3301694915254236,-2.7999999999999545,-8.699999999999932,False,0.5,0.1999999999999993,0,7,3,False,False,False,False,False,False,False,True,False,0,-0.39939081968102774,0
2026-07-14,94,0.16,0.05,89,94,95,70,99,86,100,87,78.0,900,15300,,,,,,,,,,,,33.1,19.0,26.2,67,1019.9,10.0,0.0,91.33333333333333,88.57142857142857,9.0,22.0,15.359322033898309,-0.1666666666666666,-0.11714285714285709,0.58,0.19,0.13891525423728815,-0.08999999999999991,-0.04857142857142855,0.22000000000000003,0.030000000000000002,-0.018707482993197286,87.66666666666667,84.14285714285714,9.0,22.0,11.827118644067795,89.33333333333333,82.57142857142857,19.0,28.0,20.932203389830505,85.66666666666667,89.71428571428571,14.0,9.0,10.359322033898309,87.66666666666667,81.28571428571429,-29.0,3.0,-9.281355932203397,96.66666666666667,92.28571428571429,8.0,33.0,13.383050847457625,78.33333333333333,78.28571428571429,16.0,10.0,9.799999999999997,96.33333333333333,94.28571428571429,9.0,20.0,24.200000000000003,86.66666666666667,81.14285714285714,14.0,32.0,13.033898305084747,78.66666666666667,77.85714285714286,0.0,-3.0,-7.350515463917532,1500.0,4242.857142857143,-1800.0,-12600.0,-3966.1016949152545,9300.0,7714.285714285715,9000.0,14400.0,11486.440677966102,,,,,,,,,,,,,,,,,,,,,,,,,,,,,,,,,,,,,,,,,,,,,,,,,,,,,,,,29.866666666666674,29.328571428571426,4.0,3.5,13.178644067796611,19.63333333333333,20.74285714285714,0.0,-2.3999999999999986,8.820677966101696,24.7,24.557142857142857,2.0,1.8000000000000007,11.400338983050847,71.66666666666667,80.28571428571429,2.0,-19.0,-0.5491525423728802,1020.6333333333336,1016.7,-2.5,6.199999999999932,2.67694915254242,10.833333333333334,12.228571428571428,0.5,-5.4,-6.394237288135592,2.9,7.457142857142857,0.0,-4.4,-3.3301694915254236,2.5,-0.2999999999999545,False,2.0,2.5,1,7,3,False,False,False,False,False,False,False,True,False,0,-0.4276236828950106,0
2026-07-15,96,-0.1,-0.17,89,93,93,62,97,86,99,90,73.0,1800,3600,,,,,,,,,,,,35.9,23.1,29.2,63,1014.7,12.5,0.0,91.66666666666667,88.85714285714286,2.0,1.0,17.35932203389831,-0.11999999999999994,-0.13999999999999993,-0.26,0.13999999999999999,-0.12108474576271187,-0.09666666666666657,-0.07428571428571426,-0.22000000000000003,-0.020000000000000018,-0.2387074829931973,86.0,84.14285714285714,0.0,-5.0,11.827118644067795,87.33333333333333,87.85714285714286,-1.0,-6.0,19.932203389830505,89.66666666666667,89.42857142857143,-2.0,12.0,8.359322033898309,77.0,77.14285714285714,-8.0,-32.0,-17.281355932203397,95.66666666666667,91.85714285714286,-2.0,-3.0,11.383050847457625,80.66666666666667,79.57142857142857,0.0,7.0,9.799999999999997,96.66666666666667,94.14285714285714,-1.0,1.0,23.200000000000003,83.33333333333333,80.57142857142857,3.0,-10.0,16.033898305084747,76.33333333333333,77.0,-5.0,-7.0,-12.350515463917532,1800.0,3728.5714285714284,900.0,900.0,-3066.1016949152545,8400.0,7071.428571428572,-11700.0,-2700.0,-213.5593220338983,,,,,,,,,,,,,,,,,,,,,,,,,,,,,,,,,,,,,,,,,,,,,,,,,,,,,,,,32.70000000000001,30.542857142857144,2.799999999999997,8.5,15.978644067796608,20.366666666666664,21.057142857142857,4.100000000000001,2.200000000000003,12.920677966101698,26.53333333333333,25.271428571428572,3.0,5.5,14.400338983050847,65.0,77.28571428571429,-4.0,-20.0,-4.54915254237288,1019.0000000000001,1016.4285714285714,-5.199999999999932,-4.899999999999977,-2.5230508474575117,10.666666666666666,12.37142857142857,2.5,-0.5,-3.8942372881355922,0.0,7.257142857142858,0.0,-8.7,-3.3301694915254236,5.199999999999932,7.699999999999932,True,3.0,5.0,2,7,3,False,False,False,False,False,False,False,True,True,0,-0.4108558611043571,0
2026-07-16,95,-0.2,-0.17,83,52,95,81,97,69,100,87,71.0,2700,6300,,,,,,,,,,,,35.5,25.8,30.2,65,1013.5,12.9,0.3,95.0,89.42857142857143,-1.0,10.0,16.35932203389831,-0.046666666666666634,-0.1385714285714285,-0.1,0.21999999999999997,-0.22108474576271187,-0.09666666666666657,-0.08999999999999998,0.0,0.0,-0.2387074829931973,87.0,84.0,-6.0,3.0,5.827118644067795,79.66666666666667,81.42857142857143,-41.0,-23.0,-21.067796610169495,94.33333333333333,90.14285714285714,2.0,14.0,10.359322033898309,71.0,79.14285714285714,19.0,-18.0,1.7186440677966033,97.66666666666667,92.57142857142857,0.0,6.0,11.383050847457625,80.33333333333333,77.57142857142857,-17.0,-1.0,-7.200000000000003,99.66666666666667,94.14285714285714,1.0,9.0,24.200000000000003,88.0,82.0,-3.0,14.0,13.033898305084747,74.0,77.0,-2.0,-7.0,-14.350515463917532,1800.0,3728.5714285714284,900.0,0.0,-2166.1016949152545,8400.0,7328.571428571428,2700.0,0.0,2486.4406779661017,,,,,,,,,,,,,,,,,,,,,,,,,,,,,,,,,,,,,,,,,,,,,,,,,,,,,,,,34.83333333333334,31.571428571428573,-0.3999999999999986,6.399999999999999,15.57864406779661,22.63333333333333,21.585714285714285,2.6999999999999993,6.800000000000001,15.620677966101697,28.53333333333333,26.142857142857142,1.0,6.0,15.400338983050847,65.0,73.28571428571429,2.0,0.0,-2.5491525423728802,1016.0333333333334,1016.5142857142857,-1.2000000000000455,-8.899999999999977,-3.723050847457557,11.799999999999999,12.357142857142858,0.40000000000000036,3.4000000000000004,-3.494237288135592,0.09999999999999999,2.1285714285714286,0.3,0.3,-3.030169491525424,1.2000000000000455,6.399999999999977,False,1.0,4.0,3,7,3,False,False,False,False,False,False,False,True,False,0,-0.42011385553374386,0
2026-07-17,88,0.04,0.1,77,56,93,70,79,77,100,73,61.0,6300,4500,,,,,,,,,,,,33.1,23.1,28.1,51,1016.9,10.5,0.0,93.0,89.28571428571429,-7.0,-6.0,9.359322033898309,-0.08666666666666666,-0.1128571428571428,0.24000000000000002,-0.12,0.018915254237288136,-0.0799999999999999,-0.06999999999999998,0.27,0.05,0.03129251700680272,83.0,82.71428571428571,-6.0,-12.0,-0.17288135593220488,67.0,76.42857142857143,4.0,-38.0,-17.067796610169495,93.66666666666667,89.14285714285714,-2.0,-2.0,8.359322033898309,71.0,77.57142857142857,-11.0,0.0,-9.281355932203397,91.0,89.85714285714286,-18.0,-20.0,-6.616949152542375,77.33333333333333,77.57142857142857,8.0,-9.0,0.7999999999999972,99.66666666666667,95.42857142857143,0.0,0.0,24.200000000000003,83.33333333333333,80.71428571428571,-14.0,-14.0,-0.9661016949152526,68.33333333333333,74.57142857142857,-10.0,-17.0,-24.35051546391753,3600.0,4114.285714285715,3600.0,5400.0,1433.8983050847455,4800.0,6171.428571428572,-1800.0,-10800.0,686.4406779661017,,,,,,,,,,,,,,,,,,,,,,,,,,,,,,,,,,,,,,,,,,,,,,,,,,,,,,,,34.833333333333336,31.957142857142856,-2.3999999999999986,0.0,13.178644067796611,24.0,21.75714285714286,-2.6999999999999993,4.100000000000001,12.920677966101698,29.166666666666668,26.571428571428573,-2.099999999999998,1.9000000000000021,13.30033898305085,59.666666666666664,68.57142857142857,-14.0,-16.0,-16.54915254237288,1015.0333333333334,1017.2428571428571,3.3999999999999773,-3.0,-0.32305084745757995,11.966666666666667,11.971428571428573,-2.4000000000000004,0.5,-5.894237288135592,0.09999999999999999,1.9142857142857144,-0.3,0.0,-3.3301694915254236,-3.3999999999999773,-2.199999999999932,False,2.099999999999998,1.0999999999999979,4,7,3,False,False,False,False,False,False,False,True,False,0,-0.4174917717315797,0
2026-07-18,75,-0.38,-0.18,55,51,97,91,42,79,58,27,58.0,10800,900,,,,,,,,,,,,32.8,22.4,26.5,81,1012.1,22.3,16.1,86.0,89.71428571428571,-13.0,-21.0,-3.6406779661016913,-0.17999999999999997,-0.1628571428571428,-0.42,-0.28,-0.40108474576271186,-0.08333333333333325,-0.09857142857142856,-0.28,-0.009999999999999981,-0.24870748299319728,71.66666666666667,81.0,-22.0,-34.0,-22.172881355932205,53.0,74.28571428571429,-5.0,-42.0,-22.067796610169495,95.0,90.71428571428571,4.0,4.0,12.359322033898309,80.66666666666667,81.0,21.0,29.0,11.718644067796603,72.66666666666667,86.42857142857143,-37.0,-55.0,-43.616949152542375,75.0,78.0,2.0,-7.0,2.799999999999997,86.0,92.28571428571429,-42.0,-41.0,-17.799999999999997,62.333333333333336,76.71428571428571,-46.0,-63.0,-46.96610169491525,63.333333333333336,71.28571428571429,-3.0,-15.0,-27.35051546391753,6600.0,3728.5714285714284,4500.0,9000.0,5933.8983050847455,3900.0,6171.428571428572,-3600.0,-2700.0,-2913.5593220338983,,,,,,,,,,,,,,,,,,,,,,,,,,,,,,,,,,,,,,,,,,,,,,,,,,,,,,,,33.800000000000004,32.41428571428572,-0.30000000000000426,-3.1000000000000014,12.878644067796607,23.766666666666666,21.9,-0.7000000000000028,-0.7000000000000028,12.220677966101695,28.266666666666666,26.871428571428574,-1.6000000000000014,-2.6999999999999993,11.700338983050848,65.66666666666667,67.85714285714286,30.0,18.0,13.45084745762712,1014.1666666666669,1017.0142857142857,-4.7999999999999545,-2.6000000000000227,-5.1230508474575345,15.233333333333334,12.957142857142857,11.8,9.8,5.9057627118644085,5.466666666666668,3.585714285714286,16.1,16.1,12.769830508474577,4.7999999999999545,1.3999999999999773,False,1.6000000000000014,3.6999999999999993,5,7,3,False,False,False,False,False,False,False,True,False,0,-0.4835110347553203,1
2026-07-19,93,-0.01,-0.03,94,96,86,94,100,80,100,98,63.0,12600,1800,,,,,,,,,,,,29.7,21.9,25.9,72,1010.8,14.4,1.8,85.33333333333333,89.42857142857143,18.0,-2.0,14.359322033898309,-0.11666666666666664,-0.12999999999999995,0.37,0.19,-0.031084745762711863,-0.03666666666666657,-0.0814285714285714,0.15,0.14,-0.09870748299319729,75.33333333333333,81.0,39.0,11.0,16.827118644067795,67.66666666666667,73.85714285714286,45.0,44.0,22.932203389830505,92.0,91.42857142857143,-11.0,-9.0,1.3593220338983087,85.0,81.0,3.0,13.0,14.718644067796603,73.66666666666667,86.42857142857143,58.0,3.0,14.383050847457625,78.66666666666667,78.14285714285714,1.0,11.0,3.799999999999997,86.0,92.57142857142857,42.0,0.0,24.200000000000003,66.0,76.42857142857143,71.0,11.0,24.033898305084747,60.666666666666664,68.85714285714286,5.0,-8.0,-22.35051546391753,9900.0,5400.0,1800.0,9900.0,7733.8983050847455,2400.0,5528.571428571428,900.0,-4500.0,-2013.5593220338983,,,,,,,,,,,,,,,,,,,,,,,,,,,,,,,,,,,,,,,,,,,,,,,,,,,,,,,,31.86666666666667,32.74285714285714,-3.099999999999998,-5.800000000000001,9.778644067796609,22.466666666666665,22.04285714285714,-0.5,-3.900000000000002,11.720677966101695,26.833333333333332,27.185714285714283,-0.6000000000000014,-4.300000000000001,11.100338983050847,68.0,66.28571428571429,-9.0,7.0,4.45084745762712,1013.2666666666668,1015.7571428571429,-1.3000000000000682,-2.7000000000000455,-6.423050847457603,15.733333333333333,13.157142857142857,-7.9,1.5,-1.9942372881355919,5.966666666666668,2.6000000000000005,-14.3,1.5,-1.5301694915254236,1.3000000000000682,6.100000000000023,False,0.6000000000000014,2.200000000000003,6,7,3,False,False,False,False,False,False,False,True,False,0,-0.4416919548865496,0
2026-07-20,90,-0.08,-0.04,92,75,96,83,100,81,100,98,53.0,1800,10800,,,,,,,,,,,,28.4,19.1,24.0,64,1014.6,12.7,0.0,86.0,90.14285714285714,-3.0,2.0,11.359322033898309,-0.15666666666666662,-0.08142857142857138,-0.07,-0.12,-0.10108474576271187,-0.08333333333333325,-0.06285714285714283,-0.010000000000000002,-0.14,-0.1087074829931973,80.33333333333333,82.71428571428571,-2.0,15.0,14.827118644067795,74.0,73.85714285714286,-21.0,19.0,1.932203389830505,93.0,93.57142857142857,10.0,3.0,11.359322033898309,89.33333333333333,78.71428571428571,-11.0,13.0,3.7186440677966033,80.66666666666667,87.71428571428571,0.0,21.0,14.383050847457625,80.0,79.71428571428571,1.0,4.0,4.799999999999997,86.0,93.85714285714286,0.0,0.0,24.200000000000003,74.33333333333333,80.0,0.0,25.0,24.033898305084747,58.0,65.28571428571429,-10.0,-8.0,-32.35051546391753,8400.0,5271.428571428572,-10800.0,-4500.0,-3066.1016949152545,4500.0,6171.428571428572,9000.0,6300.0,6986.440677966102,,,,,,,,,,,,,,,,,,,,,,,,,,,,,,,,,,,,,,,,,,,,,,,,,,,,,,,,30.3,32.642857142857146,-1.3000000000000007,-4.700000000000003,8.478644067796608,21.13333333333333,22.057142857142857,-2.799999999999997,-4.0,8.920677966101698,25.46666666666667,27.157142857142855,-1.8999999999999986,-4.100000000000001,9.200338983050848,72.33333333333333,66.14285714285714,-8.0,13.0,-3.5491525423728802,1012.5000000000001,1014.6428571428571,3.800000000000068,-2.2999999999999545,-2.6230508474575345,16.466666666666665,13.614285714285714,-1.700000000000001,2.1999999999999993,-3.694237288135593,5.966666666666668,2.6000000000000005,-1.8,0.0,-3.3301694915254236,-3.800000000000068,-2.5,False,1.8999999999999986,2.5,0,7,3,False,False,False,False,False,False,False,True,False,0,-0.4224671935489555,0
2026-07-21,93,0.1,-0.07,87,95,98,72,95,86,100,81,62.0,14400,2700,,,,,,,,,,,,32.6,22.9,25.4,85,1009.1,15.7,12.4,92.0,90.0,3.0,18.0,14.359322033898309,0.0033333333333333734,-0.08999999999999996,0.18,0.48,0.07891525423728814,-0.04666666666666658,-0.07999999999999997,-0.030000000000000006,0.10999999999999999,-0.1387074829931973,91.0,82.42857142857143,-5.0,32.0,9.827118644067795,88.66666666666667,74.0,20.0,44.0,21.932203389830505,93.33333333333333,94.0,2.0,1.0,13.359322033898309,83.0,79.0,-11.0,-19.0,-7.281355932203397,98.33333333333333,87.14285714285714,-5.0,53.0,9.383050847457625,82.33333333333333,79.71428571428571,5.0,7.0,9.799999999999997,100.0,93.85714285714286,0.0,42.0,24.200000000000003,92.33333333333333,79.14285714285714,-17.0,54.0,7.0338983050847474,59.333333333333336,63.0,9.0,4.0,-23.35051546391753,9600.0,7200.0,12600.0,3600.0,9533.898305084746,5100.0,4371.428571428572,-8100.0,1800.0,-1113.5593220338983,,,,,,,,,,,,,,,,,,,,,,,,,,,,,,,,,,,,,,,,,,,,,,,,,,,,,,,,30.233333333333338,32.57142857142857,4.200000000000003,-0.19999999999999574,12.678644067796611,21.299999999999997,22.61428571428571,3.799999999999997,0.5,12.720677966101695,25.099999999999998,27.042857142857144,1.3999999999999986,-1.1000000000000014,10.600338983050847,73.66666666666667,68.71428571428571,21.0,4.0,17.45084745762712,1011.5000000000001,1013.1,-5.5,-3.0,-8.123050847457534,14.266666666666666,14.428571428571429,3.0,-6.600000000000001,-0.6942372881355929,4.733333333333333,4.371428571428572,12.4,-3.700000000000001,9.069830508474578,5.5,1.6999999999999318,True,1.3999999999999986,0.5,1,7,3,False,False,False,False,False,False,False,True,True,0,-0.44982101276685577,0
2026-07-22,73,0.14,0.07,67,74,95,86,53,69,72,53,75.0,14400,900,,,,,,,,,,,,30.6,21.4,25.6,74,1009.5,18.6,6.2,85.33333333333333,86.71428571428571,-20.0,-20.0,-5.640677966101691,0.05333333333333338,-0.055714285714285654,0.04000000000000001,0.15000000000000002,0.11891525423728815,-0.013333333333333244,-0.04571428571428569,0.14,0.1,0.001292517006802718,82.0,79.28571428571429,-20.0,-27.0,-10.172881355932205,81.33333333333333,71.28571428571429,-21.0,-22.0,0.9322033898305051,96.33333333333333,94.28571428571429,-3.0,9.0,10.359322033898309,80.33333333333333,82.42857142857143,14.0,-8.0,6.718644067796603,82.66666666666667,80.85714285714286,-42.0,-47.0,-32.616949152542375,78.66666666666667,77.28571428571429,-17.0,-11.0,-7.200000000000003,90.66666666666667,90.0,-28.0,-28.0,-3.799999999999997,77.33333333333333,73.85714285714286,-28.0,-45.0,-20.966101694915253,63.333333333333336,63.285714285714285,13.0,12.0,-10.350515463917532,10200.0,9000.0,0.0,1800.0,9533.898305084746,4800.0,3985.714285714286,-1800.0,-900.0,-2913.5593220338983,,,,,,,,,,,,,,,,,,,,,,,,,,,,,,,,,,,,,,,,,,,,,,,,,,,,,,,,30.533333333333342,31.814285714285713,-2.0,0.9000000000000021,10.678644067796611,21.13333333333333,22.37142857142857,-1.5,-0.5,11.220677966101695,25.0,26.52857142857143,0.20000000000000284,-0.29999999999999716,10.80033898305085,74.33333333333333,70.28571428571429,-11.0,2.0,6.45084745762712,1011.066666666667,1012.3571428571429,0.39999999999997726,-1.2999999999999545,-7.723050847457557,15.666666666666666,15.299999999999999,2.900000000000002,4.200000000000001,2.205762711864409,6.2,5.257142857142858,-6.2,4.4,2.8698305084745765,-0.39999999999997726,5.100000000000023,False,0.20000000000000284,1.6000000000000014,2,7,3,False,False,False,False,False,False,False,True,False,0,-0.422436813163221,0
2026-07-23,81,-0.19,-0.04,84,96,96,97,80,69,100,75,75.0,9900,0,,,,,,,,,,,,26.5,18.1,22.4,57,1019.7,11.6,0.0,82.33333333333333,84.71428571428571,8.0,-9.0,2.3593220338983087,0.01666666666666672,-0.05428571428571423,-0.33,-0.11,-0.21108474576271186,-0.013333333333333244,-0.027142857142857118,-0.11000000000000001,0.0,-0.1087074829931973,79.33333333333333,79.42857142857143,17.0,-8.0,6.827118644067795,88.33333333333333,77.57142857142857,22.0,21.0,22.932203389830505,96.33333333333333,94.42857142857143,1.0,0.0,11.359322033898309,85.0,84.71428571428571,11.0,14.0,17.718644067796603,76.0,78.42857142857143,27.0,-20.0,-5.616949152542375,74.66666666666667,77.28571428571429,0.0,-12.0,-7.200000000000003,90.66666666666667,90.0,28.0,0.0,24.200000000000003,69.66666666666667,72.14285714285714,22.0,-23.0,1.0338983050847474,70.66666666666667,63.857142857142854,0.0,22.0,-10.350515463917532,12900.0,10028.57142857143,-4500.0,8100.0,5033.8983050847455,1200.0,3085.714285714286,-900.0,-10800.0,-3813.5593220338983,,,,,,,,,,,,,,,,,,,,,,,,,,,,,,,,,,,,,,,,,,,,,,,,,,,,,,,,29.900000000000006,30.52857142857143,-4.100000000000001,-1.8999999999999986,6.57864406779661,20.799999999999997,21.271428571428572,-3.299999999999997,-1.0,7.920677966101698,24.466666666666665,25.414285714285715,-3.200000000000003,-1.6000000000000014,7.600338983050847,72.0,69.14285714285714,-17.0,-7.0,-10.54915254237288,1012.7666666666669,1013.2428571428571,10.200000000000045,5.100000000000023,2.4769491525424883,15.299999999999999,15.114285714285714,-7.000000000000002,-1.0999999999999996,-4.794237288135593,6.2,5.214285714285715,-6.2,0.0,-3.3301694915254236,-10.200000000000045,-10.600000000000023,True,3.200000000000003,3.0,3,7,3,False,False,False,False,False,False,False,True,False,0,-0.42317843931427984,0
2026-07-24,79,-0.16,0.04,82,96,83,91,95,68,100,71,75.0,8100,2700,,,,,,,,,,,,26.5,17.0,22.1,63,1021.8,11.0,0.0,77.66666666666667,83.42857142857143,-2.0,-14.0,0.35932203389830875,-0.06999999999999995,-0.08285714285714281,0.03,-0.26,-0.18108474576271186,0.023333333333333428,-0.035714285714285685,0.08,0.11000000000000001,-0.028707482993197288,77.66666666666667,80.14285714285714,-2.0,-5.0,4.827118644067795,88.66666666666667,83.28571428571429,0.0,1.0,22.932203389830505,91.33333333333333,93.0,-13.0,-15.0,-1.6406779661016913,91.33333333333333,87.71428571428571,-6.0,19.0,11.718644067796603,76.0,80.71428571428571,15.0,0.0,9.383050847457625,68.66666666666667,76.0,-1.0,-18.0,-8.200000000000003,90.66666666666667,90.0,0.0,0.0,24.200000000000003,66.33333333333333,71.85714285714286,-4.0,-10.0,-2.9661016949152526,75.0,65.85714285714286,0.0,13.0,-10.350515463917532,10800.0,10285.714285714286,-1800.0,-6300.0,3233.8983050847455,1200.0,2828.5714285714284,2700.0,0.0,-1113.5593220338983,,,,,,,,,,,,,,,,,,,,,,,,,,,,,,,,,,,,,,,,,,,,,,,,,,,,,,,,27.866666666666674,29.585714285714285,0.0,-6.100000000000001,6.57864406779661,18.83333333333333,20.400000000000002,-1.1000000000000014,-5.899999999999999,6.820677966101696,23.36666666666667,24.557142857142857,-0.29999999999999716,-3.299999999999997,7.30033898305085,64.66666666666667,70.85714285714286,6.0,-22.0,-4.54915254237288,1017.0000000000001,1013.9428571428572,2.099999999999909,12.699999999999932,4.576949152542397,13.733333333333334,15.185714285714287,-0.5999999999999996,-4.699999999999999,-5.394237288135592,2.066666666666667,5.214285714285715,0.0,-12.4,-3.3301694915254236,-2.099999999999909,-12.299999999999955,False,0.29999999999999716,3.5,4,7,3,False,False,False,False,False,False,False,True,False,0,-0.39556641373682966,0
2026-07-25,87,-0.07,0.03,80,76,88,22,100,97,77,82,79.0,4500,5400,,,,,,,,,,,,26.2,19.2,22.2,68,1018.4,9.3,0.0,82.33333333333333,85.14285714285714,8.0,14.0,8.359322033898309,-0.13999999999999999,-0.038571428571428513,0.09,-0.21000000000000002,-0.09108474576271187,0.01000000000000009,-0.005714285714285692,-0.010000000000000002,-0.04000000000000001,-0.03870748299319729,82.0,83.71428571428571,-2.0,13.0,2.827118644067795,89.33333333333333,86.85714285714286,-20.0,2.0,2.932203389830505,89.0,91.71428571428571,5.0,-7.0,3.3593220338983087,70.0,77.85714285714286,-69.0,-64.0,-57.2813559322034,91.66666666666667,89.0,5.0,47.0,14.383050847457625,78.0,78.57142857142857,29.0,28.0,20.799999999999997,92.33333333333333,92.71428571428571,-23.0,5.0,1.2000000000000028,76.0,79.71428571428571,11.0,29.0,8.033898305084747,76.33333333333333,68.85714285714286,4.0,4.0,-6.350515463917532,7500.0,9385.714285714286,-3600.0,-9900.0,-366.1016949152545,2700.0,3471.4285714285716,2700.0,4500.0,1586.4406779661017,,,,,,,,,,,,,,,,,,,,,,,,,,,,,,,,,,,,,,,,,,,,,,,,,,,,,,,,26.400000000000006,28.642857142857142,-0.3000000000000007,-4.400000000000002,6.278644067796609,18.099999999999998,19.942857142857143,2.1999999999999993,-2.1999999999999993,9.020677966101696,22.23333333333333,23.942857142857147,0.09999999999999787,-3.400000000000002,7.4003389830508475,62.666666666666664,69.0,5.0,-6.0,0.45084745762711975,1019.9666666666668,1014.842857142857,-3.3999999999999773,8.899999999999977,1.17694915254242,10.633333333333333,13.328571428571427,-1.6999999999999993,-9.3,-7.0942372881355915,0.0,2.9142857142857146,0.0,-6.2,-3.3301694915254236,3.3999999999999773,1.3000000000000682,False,0.09999999999999787,0.1999999999999993,5,7,3,False,False,False,False,False,False,False,True,False,0,-0.4003243621639026,0
2026-07-26,84,0.28,0.04,84,84,93,81,99,76,78,84,80.0,3600,1800,,,,,,,,,,,,28.6,18.8,22.9,75,1012.9,11.1,6.9,83.33333333333333,83.85714285714286,-3.0,3.0,5.359322033898309,0.0166666666666667,0.002857142857142923,0.35000000000000003,0.47000000000000003,0.2589152542372882,0.03666666666666676,0.0042857142857143085,0.010000000000000002,0.08,-0.028707482993197288,82.0,82.28571428571429,4.0,0.0,6.827118644067795,85.33333333333333,85.14285714285714,8.0,-12.0,10.932203389830505,88.0,92.71428571428571,5.0,-3.0,8.359322033898309,64.66666666666667,76.0,59.0,-16.0,1.7186440677966033,98.0,88.85714285714286,-1.0,19.0,13.383050847457625,80.33333333333333,78.0,-21.0,7.0,-0.20000000000000284,85.0,89.57142857142857,1.0,-22.0,2.200000000000003,79.0,77.71428571428571,2.0,9.0,10.033898305084747,78.0,71.28571428571429,1.0,5.0,-5.350515463917532,5400.0,8100.0,-900.0,-6300.0,-1266.1016949152545,3300.0,3471.4285714285716,-3600.0,1800.0,-2013.5593220338983,,,,,,,,,,,,,,,,,,,,,,,,,,,,,,,,,,,,,,,,,,,,,,,,,,,,,,,,27.100000000000005,28.485714285714288,2.400000000000002,2.1000000000000014,8.678644067796611,18.33333333333333,19.5,-0.3999999999999986,0.6999999999999993,8.620677966101697,22.400000000000002,23.514285714285716,0.6999999999999993,0.5,8.100338983050847,68.66666666666667,69.42857142857143,7.0,18.0,7.45084745762712,1017.7000000000002,1015.1428571428571,-5.5,-6.800000000000068,-4.32305084745758,10.466666666666667,12.857142857142858,1.799999999999999,-0.5,-5.294237288135593,2.3000000000000003,3.642857142857143,6.9,6.9,3.5698305084745767,5.5,8.899999999999977,True,0.6999999999999993,0.7999999999999972,6,7,3,False,False,False,False,False,False,False,True,True,0,-0.3862108601578571,0
2026-07-27,81,-0.04,-0.05,73,96,83,37,68,72,100,67,77.0,8100,0,,,,,,,,,,,,30.8,19.2,24.5,75,1010.0,8.6,1.1,84.0,82.57142857142857,-3.0,2.0,2.3593220338983087,0.0566666666666667,0.008571428571428636,-0.32,0.12,-0.06108474576271186,0.006666666666666754,0.0028571428571428797,-0.09,-0.09,-0.11870748299319729,79.0,79.57142857142857,-11.0,-9.0,-4.172881355932205,85.33333333333333,88.14285714285714,12.0,0.0,22.932203389830505,88.0,90.85714285714286,-10.0,0.0,-1.6406779661016913,46.666666666666664,69.42857142857143,-44.0,-54.0,-42.2813559322034,89.0,84.28571428571429,-31.0,-27.0,-17.616949152542375,81.66666666666667,76.71428571428571,-4.0,4.0,-4.200000000000003,85.0,89.57142857142857,22.0,0.0,24.200000000000003,77.66666666666667,73.28571428571429,-17.0,-4.0,-6.9661016949152526,78.66666666666667,74.71428571428571,-3.0,2.0,-8.350515463917532,5400.0,9000.0,4500.0,0.0,3233.8983050847455,2400.0,1928.5714285714287,-1800.0,-2700.0,-3813.5593220338983,,,,,,,,,,,,,,,,,,,,,,,,,,,,,,,,,,,,,,,,,,,,,,,,,,,,,,,,28.533333333333342,28.82857142857143,2.1999999999999993,4.300000000000001,10.87864406779661,19.066666666666663,19.514285714285712,0.3999999999999986,2.1999999999999993,9.020677966101696,23.2,23.58571428571429,1.6000000000000014,2.3999999999999986,9.700338983050848,72.66666666666667,71.0,0.0,12.0,7.45084745762712,1013.7666666666668,1014.4857142857144,-2.8999999999999773,-11.799999999999955,-7.223050847457557,9.666666666666666,12.271428571428572,-2.5,-2.4000000000000004,-7.794237288135593,2.6666666666666665,3.8000000000000003,-5.800000000000001,1.1,-2.2301694915254235,2.8999999999999773,8.399999999999977,False,1.6000000000000014,2.3000000000000007,0,7,3,False,False,False,False,False,False,False,True,False,0,-0.38657564637713754,0
2026-07-28,79,0.0,0.06,74,66,90,78,78,69,100,63,76.0,3600,900,,,,,,,,,,,,29.9,20.7,23.5,87,1004.7,14.1,13.3,81.33333333333333,80.57142857142857,-2.0,-8.0,0.35932203389830875,0.08000000000000003,-0.005714285714285651,0.04,0.07,-0.021084745762711864,0.016666666666666757,0.021428571428571453,0.11,0.03,-0.00870748299319729,77.0,77.71428571428571,1.0,-6.0,-3.172881355932205,82.0,84.0,-30.0,-10.0,-7.067796610169495,88.66666666666667,89.71428571428571,7.0,2.0,5.359322033898309,65.33333333333333,70.28571428571429,41.0,56.0,-1.2813559322033967,81.66666666666667,81.85714285714286,10.0,-22.0,-7.616949152542375,72.33333333333333,74.28571428571429,-3.0,-28.0,-7.200000000000003,92.66666666666667,89.57142857142857,0.0,23.0,24.200000000000003,71.33333333333333,70.71428571428571,-4.0,-19.0,-10.966101694915253,77.66666666666667,76.71428571428571,-1.0,-3.0,-9.350515463917532,5100.0,7457.142857142857,-4500.0,-900.0,-1266.1016949152545,900.0,1671.4285714285713,900.0,-4500.0,-2913.5593220338983,,,,,,,,,,,,,,,,,,,,,,,,,,,,,,,,,,,,,,,,,,,,,,,,,,,,,,,,29.76666666666667,28.442857142857143,-0.9000000000000021,3.6999999999999993,9.978644067796608,19.566666666666663,19.2,1.5,1.5,10.520677966101696,23.633333333333336,23.314285714285713,-1.0,1.3000000000000007,8.700338983050848,79.0,71.28571428571429,12.0,19.0,19.45084745762712,1009.2000000000002,1013.8571428571429,-5.2999999999999545,-13.699999999999932,-12.523050847457512,11.266666666666666,12.042857142857143,5.5,4.799999999999999,-2.2942372881355926,7.1000000000000005,3.9285714285714284,12.200000000000001,13.3,9.969830508474576,5.2999999999999545,8.199999999999932,True,1.0,0.6000000000000014,1,7,3,False,False,False,False,False,False,False,True,True,0,-0.4013845761857377,0
2026-07-29,85,0.27,0.24,87,96,86,86,96,88,92,81,71.0,4500,1800,,,,,,,,,,,,28.7,20.0,23.9,71,1004.9,19.2,0.0,81.66666666666667,82.28571428571429,6.0,1.0,6.359322033898309,0.0766666666666667,0.01285714285714292,0.27,-0.010000000000000009,0.24891525423728816,0.08333333333333343,0.04571428571428574,0.18,0.19999999999999998,0.1712925170068027,78.0,80.57142857142857,13.0,3.0,9.827118644067795,86.0,87.14285714285714,30.0,12.0,22.932203389830505,86.33333333333333,88.42857142857143,-4.0,-7.0,1.3593220338983087,67.0,70.28571428571429,8.0,5.0,6.718644067796603,80.66666666666667,88.0,18.0,-3.0,10.383050847457625,76.33333333333333,77.0,19.0,12.0,11.799999999999997,97.33333333333333,92.42857142857143,-8.0,14.0,16.200000000000003,70.33333333333333,74.71428571428571,18.0,-3.0,7.0338983050847474,74.66666666666667,76.14285714285714,-5.0,-9.0,-14.350515463917532,5400.0,6042.857142857143,900.0,900.0,-366.1016949152545,900.0,1800.0,900.0,0.0,-2013.5593220338983,,,,,,,,,,,,,,,,,,,,,,,,,,,,,,,,,,,,,,,,,,,,,,,,,,,,,,,,29.800000000000008,28.171428571428574,-1.1999999999999993,0.09999999999999787,8.778644067796609,19.966666666666665,19.0,-0.6999999999999993,1.1999999999999993,9.820677966101696,23.96666666666667,23.071428571428573,0.3999999999999986,1.0,9.100338983050847,77.66666666666667,70.85714285714286,-16.0,-4.0,3.4508474576271198,1006.5333333333334,1013.1999999999999,0.1999999999999318,-8.0,-12.32305084745758,13.966666666666667,12.128571428571428,5.1,8.1,2.805762711864407,4.8,3.0428571428571436,-13.3,-6.9,-3.3301694915254236,-0.1999999999999318,5.100000000000023,False,0.3999999999999986,0.6000000000000014,2,7,3,False,False,False,False,False,False,False,True,False,0,-0.40256729010845715,0
2026-07-30,71,0.15,0.08,74,52,79,81,89,70,100,67,73.0,6300,1800,,,,,,,,,,,,30.1,21.0,24.8,56,1010.5,21.2,0.0,78.33333333333333,80.85714285714286,-14.0,-10.0,-7.640677966101691,0.14,0.0614285714285715,-0.12000000000000002,0.19,0.12891525423728814,0.12666666666666673,0.06285714285714288,-0.15999999999999998,0.13,0.011292517006802713,78.33333333333333,79.14285714285714,-13.0,1.0,-3.172881355932205,71.33333333333333,80.85714285714286,-44.0,-44.0,-21.067796610169495,85.0,86.0,-7.0,-4.0,-5.640677966101691,81.66666666666667,68.0,-5.0,44.0,1.7186440677966033,87.66666666666667,89.28571428571429,-7.0,21.0,3.383050847457625,75.66666666666667,77.14285714285714,-18.0,-2.0,-6.200000000000003,97.33333333333333,92.42857142857143,8.0,0.0,24.200000000000003,70.33333333333333,73.57142857142857,-14.0,0.0,-6.9661016949152526,73.33333333333333,75.85714285714286,2.0,-4.0,-12.350515463917532,4800.0,5528.571428571428,1800.0,-1800.0,1433.8983050847455,1500.0,2057.1428571428573,0.0,1800.0,-2013.5593220338983,,,,,,,,,,,,,,,,,,,,,,,,,,,,,,,,,,,,,,,,,,,,,,,,,,,,,,,,29.566666666666674,28.685714285714287,1.4000000000000021,-0.6999999999999993,10.178644067796611,20.566666666666663,19.414285714285715,1.0,1.8000000000000007,10.820677966101696,24.066666666666666,23.414285714285715,0.9000000000000021,0.3000000000000007,10.000338983050849,71.33333333333333,70.71428571428571,-15.0,-19.0,-11.54915254237288,1006.7000000000002,1011.8857142857142,5.600000000000023,0.5,-6.723050847457557,18.166666666666668,13.5,2.0,12.6,4.805762711864407,4.433333333333334,3.0428571428571436,0.0,-1.1,-3.3301694915254236,-5.600000000000023,-5.7999999999999545,True,0.9000000000000021,1.3000000000000007,3,7,3,False,False,False,False,False,False,False,True,False,0,-0.3997677991569963,0
2026-07-31,81,0.03,0.1,82,54,83,99,97,78,100,77,73.0,4500,3600,,,,,,,,,,,,32.0,20.2,26.5,57,1014.5,8.8,0.2,79.0,81.14285714285714,10.0,2.0,2.3593220338983087,0.15000000000000002,0.08857142857142865,-0.12,0.03,0.008915254237288135,0.1400000000000001,0.07142857142857144,0.020000000000000004,0.04000000000000001,0.03129251700680272,81.0,79.14285714285714,8.0,8.0,4.827118644067795,67.33333333333333,74.85714285714286,2.0,-12.0,-19.067796610169495,82.66666666666667,86.0,4.0,-7.0,-1.6406779661016913,88.66666666666667,69.14285714285714,18.0,21.0,19.718644067796603,94.0,89.57142857142857,8.0,19.0,11.383050847457625,78.66666666666667,78.57142857142857,8.0,9.0,1.7999999999999972,97.33333333333333,92.42857142857143,0.0,0.0,24.200000000000003,75.0,74.42857142857143,10.0,14.0,3.0338983050847474,72.33333333333333,75.57142857142857,0.0,-3.0,-12.350515463917532,5100.0,5014.285714285715,-1800.0,900.0,-366.1016949152545,2400.0,2185.714285714286,1800.0,2700.0,-213.5593220338983,,,,,,,,,,,,,,,,,,,,,,,,,,,,,,,,,,,,,,,,,,,,,,,,,,,,,,,,30.26666666666667,29.47142857142857,1.8999999999999986,2.1000000000000014,12.07864406779661,20.399999999999995,19.87142857142857,-0.8000000000000007,-0.5,10.020677966101696,25.066666666666666,24.042857142857144,1.6999999999999993,3.0,11.700338983050848,61.333333333333336,69.85714285714286,1.0,-30.0,-10.54915254237288,1009.9666666666668,1010.842857142857,4.0,9.799999999999955,-2.723050847457557,16.400000000000002,13.185714285714285,-12.399999999999999,-5.299999999999999,-7.5942372881355915,0.06666666666666667,3.071428571428572,0.2,-13.100000000000001,-3.1301694915254235,-4.0,-9.600000000000023,False,1.6999999999999993,2.6000000000000014,4,7,3,False,False,False,False,False,False,False,True,False,0,-0.3875657488807534,0
2026-08-01,62,0.38,0.33,84,77,95,91,99,73,85,82,80.0,9000,0,,,,,,,,,,,,32.0,20.9,25.8,65,1013.1,17.4,0.2,71.33333333333333,77.57142857142857,-19.0,-23.0,-16.64067796610169,0.18666666666666668,0.15285714285714294,0.35,0.10999999999999999,0.35891525423728815,0.17000000000000007,0.11428571428571431,0.23,0.09000000000000002,0.2612925170068027,80.0,79.71428571428571,2.0,-3.0,6.827118644067795,61.0,75.0,23.0,-19.0,3.932203389830505,85.66666666666667,87.0,12.0,9.0,10.359322033898309,90.33333333333333,79.0,-8.0,5.0,11.718644067796603,95.0,89.42857142857143,2.0,3.0,13.383050847457625,73.66666666666667,75.14285714285714,-5.0,-15.0,-3.200000000000003,95.0,93.57142857142857,-15.0,-7.0,9.200000000000003,75.33333333333333,74.42857142857143,5.0,1.0,8.033898305084747,75.33333333333333,75.71428571428571,7.0,9.0,-5.350515463917532,6600.0,5657.142857142857,4500.0,4500.0,4133.8983050847455,1800.0,1414.2857142857142,-3600.0,-1800.0,-3813.5593220338983,,,,,,,,,,,,,,,,,,,,,,,,,,,,,,,,,,,,,,,,,,,,,,,,,,,,,,,,31.36666666666667,30.3,0.0,3.3000000000000007,12.07864406779661,20.699999999999996,20.114285714285717,0.6999999999999993,0.8999999999999986,10.720677966101695,25.7,24.55714285714286,-0.6999999999999993,1.9000000000000021,11.000338983050849,59.333333333333336,69.42857142857143,8.0,-6.0,-2.5491525423728802,1012.7000000000002,1010.0857142857143,-1.3999999999999773,8.200000000000045,-4.1230508474575345,15.799999999999999,14.342857142857143,8.599999999999998,-1.8000000000000007,1.0057627118644064,0.13333333333333333,3.1000000000000005,0.0,0.2,-3.1301694915254235,1.3999999999999773,-2.6000000000000227,False,0.6999999999999993,1.0,5,8,3,False,False,False,True,False,False,True,True,False,1,-0.39025032275480703,0
2026-08-02,82,0.29,0.22,82,81,81,17,100,77,100,92,80.0,2700,0,,,,,,,,,,,,27.5,23.3,24.9,84,1010.2,15.9,16.9,75.0,77.28571428571429,20.0,11.0,3.3593220338983087,0.2333333333333333,0.15428571428571436,-0.09000000000000002,0.13999999999999999,0.2689152542372881,0.21666666666666676,0.14000000000000004,-0.11000000000000001,0.14,0.1512925170068027,82.66666666666667,79.42857142857143,-2.0,8.0,4.827118644067795,70.66666666666667,74.57142857142857,4.0,29.0,7.932203389830505,86.33333333333333,85.28571428571429,-14.0,2.0,-3.6406779661016913,69.0,69.85714285714286,-74.0,-64.0,-62.2813559322034,98.66666666666667,89.57142857142857,1.0,11.0,14.383050847457625,76.0,75.28571428571429,4.0,7.0,0.7999999999999972,95.0,96.71428571428571,15.0,0.0,24.200000000000003,83.66666666666667,75.57142857142857,10.0,25.0,18.033898305084747,77.66666666666667,75.71428571428571,0.0,7.0,-5.350515463917532,5400.0,5528.571428571428,-6300.0,-3600.0,-2166.1016949152545,1200.0,1157.142857142857,0.0,-1800.0,-3813.5593220338983,,,,,,,,,,,,,,,,,,,,,,,,,,,,,,,,,,,,,,,,,,,,,,,,,,,,,,,,30.500000000000004,30.142857142857142,-4.5,-2.6000000000000014,7.57864406779661,21.466666666666665,20.75714285714286,2.400000000000002,2.3000000000000007,13.120677966101697,25.733333333333334,24.842857142857145,-0.9000000000000021,0.09999999999999787,10.100338983050847,68.66666666666667,70.71428571428571,19.0,28.0,16.45084745762712,1012.6,1009.6999999999999,-2.8999999999999773,-0.2999999999999545,-7.023050847457512,14.033333333333333,15.028571428571428,-1.4999999999999982,-5.299999999999999,-0.49423728813559187,5.766666666666666,4.5285714285714285,16.7,16.9,13.569830508474574,2.8999999999999773,4.2999999999999545,False,0.9000000000000021,1.6000000000000014,6,8,3,False,False,False,False,False,False,False,True,False,0,-0.39668014128167295,0
2026-08-03,69,0.21,0.21,64,54,72,51,53,87,100,51,84.0,6300,1800,,,,,,,,,,,,31.0,23.3,26.5,76,1009.3,14.8,2.5,71.0,75.57142857142857,-13.0,-12.0,-9.640677966101691,0.29333333333333333,0.19000000000000009,-0.07999999999999999,0.18,0.18891525423728814,0.2533333333333334,0.17714285714285719,-0.010000000000000009,0.10999999999999999,0.1412925170068027,76.66666666666667,78.14285714285714,-18.0,-18.0,-13.172881355932205,70.66666666666667,68.57142857142857,-27.0,0.0,-19.067796610169495,82.66666666666667,83.71428571428571,-9.0,-11.0,-12.640677966101691,53.0,71.85714285714286,34.0,-48.0,-28.281355932203397,84.0,87.42857142857143,-47.0,-44.0,-32.616949152542375,79.0,77.42857142857143,10.0,9.0,10.799999999999997,95.0,96.71428571428571,0.0,0.0,24.200000000000003,75.0,73.28571428571429,-41.0,-26.0,-22.966101694915253,81.33333333333333,76.71428571428571,4.0,11.0,-1.3505154639175316,6000.0,5271.428571428572,3600.0,1800.0,1433.8983050847455,600.0,1414.2857142857142,1800.0,-1800.0,-2013.5593220338983,,,,,,,,,,,,,,,,,,,,,,,,,,,,,,,,,,,,,,,,,,,,,,,,,,,,,,,,30.16666666666667,30.17142857142857,3.5,-1.0,11.07864406779661,22.5,21.342857142857145,0.0,3.1000000000000014,13.120677966101697,25.733333333333334,25.12857142857143,1.6000000000000014,0.0,11.700338983050848,75.0,70.85714285714286,-8.0,19.0,8.45084745762712,1010.8666666666668,1009.6,-0.900000000000091,-5.2000000000000455,-7.923050847457603,16.03333333333333,15.914285714285713,-1.0999999999999996,6.0,-1.5942372881355915,6.533333333333332,4.728571428571429,-14.399999999999999,2.3,-0.8301694915254236,0.900000000000091,3.800000000000068,False,1.6000000000000014,0.6999999999999993,0,8,3,False,False,False,False,False,False,True,True,False,1,-0.41429745315342503,0
2026-08-04,80,0.32,0.38,82,87,90,99,80,73,100,73,77.0,4500,900,,,,,,,,,,,,31.1,21.8,26.2,62,1017.7,12.6,0.3,77.0,75.71428571428571,11.0,18.0,1.3593220338983087,0.2733333333333333,0.23571428571428577,0.11000000000000001,-0.06,0.29891525423728815,0.2700000000000001,0.2228571428571429,0.17,0.04999999999999999,0.3112925170068027,76.0,79.28571428571429,18.0,-2.0,4.827118644067795,74.0,71.57142857142857,33.0,10.0,13.932203389830505,81.0,83.71428571428571,18.0,-5.0,5.359322033898309,55.666666666666664,74.85714285714286,48.0,8.0,19.718644067796603,77.66666666666667,87.71428571428571,27.0,-19.0,-5.616949152542375,79.0,78.0,-14.0,0.0,-3.200000000000003,100.0,96.71428571428571,0.0,15.0,24.200000000000003,72.0,74.71428571428571,22.0,-9.0,-0.9661016949152526,80.33333333333333,76.85714285714286,-7.0,-3.0,-8.350515463917532,4500.0,5400.0,-1800.0,-4500.0,-366.1016949152545,900.0,1414.2857142857142,-900.0,900.0,-2913.5593220338983,,,,,,,,,,,,,,,,,,,,,,,,,,,,,,,,,,,,,,,,,,,,,,,,,,,,,,,,29.866666666666674,30.342857142857145,0.10000000000000142,-0.8999999999999986,11.178644067796611,22.799999999999997,21.5,-1.5,0.9000000000000021,11.620677966101697,25.866666666666664,25.514285714285716,-0.3000000000000007,0.3999999999999986,11.400338983050847,74.0,67.28571428571429,-14.0,-3.0,-5.54915254237288,1012.4000000000002,1011.4571428571428,8.400000000000091,4.600000000000023,0.47694915254248826,14.433333333333332,15.700000000000001,-2.200000000000001,-4.799999999999999,-3.7942372881355926,6.566666666666666,2.871428571428571,-2.2,0.09999999999999998,-3.030169491525424,-8.400000000000091,-7.5,True,0.3000000000000007,1.3000000000000007,1,8,3,False,False,False,True,False,False,False,True,False,0,-0.40360394696834406,0
2026-08-05,72,0.5,0.4,80,70,88,89,92,78,100,69,88.0,8100,1800,,,,,,,,,,,,29.8,22.5,25.8,86,1018.7,12.7,14.0,73.66666666666667,73.85714285714286,-8.0,-10.0,-6.640677966101691,0.3433333333333333,0.2685714285714286,0.18,0.21000000000000002,0.47891525423728815,0.3300000000000001,0.24571428571428575,0.020000000000000018,0.18000000000000002,0.33129251700680273,75.33333333333333,78.28571428571429,-2.0,-2.0,2.827118644067795,70.33333333333333,67.85714285714286,-17.0,-11.0,-3.067796610169495,83.33333333333333,84.0,-2.0,7.0,3.3593220338983087,79.66666666666667,75.28571428571429,-10.0,72.0,9.718644067796603,75.0,87.14285714285714,12.0,-8.0,6.383050847457625,79.33333333333333,76.57142857142857,5.0,1.0,1.7999999999999972,100.0,97.85714285714286,0.0,0.0,24.200000000000003,64.33333333333333,73.0,-4.0,-23.0,-4.9661016949152526,83.0,79.28571428571429,11.0,8.0,2.6494845360824684,6300.0,5914.285714285715,3600.0,5400.0,3233.8983050847455,1500.0,1414.2857142857142,900.0,1800.0,-2013.5593220338983,,,,,,,,,,,,,,,,,,,,,,,,,,,,,,,,,,,,,,,,,,,,,,,,,,,,,,,,30.63333333333334,30.5,-1.3000000000000007,2.3000000000000007,9.87864406779661,22.53333333333333,21.857142857142858,0.6999999999999993,-0.8000000000000007,12.320677966101696,26.166666666666668,25.785714285714285,-0.3999999999999986,0.9000000000000021,11.000338983050849,74.66666666666667,69.42857142857143,24.0,2.0,18.45084745762712,1015.2333333333336,1013.4285714285714,1.0,8.5,1.4769491525424883,13.366666666666667,14.771428571428572,0.09999999999999964,-3.200000000000001,-3.694237288135593,5.6000000000000005,4.871428571428572,13.7,-2.8999999999999986,10.669830508474575,-1.0,-9.400000000000091,False,0.3999999999999986,0.6999999999999993,2,8,3,False,False,False,True,False,False,False,True,False,0,-0.3810475560322622,0
2026-08-06,69,0.28,0.32,81,84,88,97,94,78,100,65,88.0,15300,900,,,,,,,,,,,,33.6,24.0,27.5,79,1019.6,12.4,4.0,73.66666666666667,73.57142857142857,-3.0,0.0,-9.640677966101691,0.3666666666666667,0.2871428571428572,-0.21999999999999997,0.07000000000000003,0.2589152542372882,0.36666666666666675,0.28,-0.08000000000000002,0.11000000000000001,0.2512925170068027,81.0,79.28571428571429,1.0,17.0,3.827118644067795,80.33333333333333,72.42857142857143,14.0,30.0,10.932203389830505,88.66666666666667,85.28571428571429,0.0,16.0,3.3593220338983087,95.0,77.57142857142857,8.0,46.0,17.718644067796603,88.66666666666667,87.85714285714286,2.0,41.0,8.383050847457625,76.33333333333333,77.71428571428571,0.0,-9.0,1.7999999999999972,100.0,97.85714285714286,0.0,0.0,24.200000000000003,69.0,72.71428571428571,-4.0,14.0,-8.966101694915253,84.33333333333333,81.42857142857143,0.0,4.0,2.6494845360824684,9300.0,7200.0,7200.0,9000.0,10433.898305084746,1200.0,1285.7142857142858,-900.0,-900.0,-2913.5593220338983,,,,,,,,,,,,,,,,,,,,,,,,,,,,,,,,,,,,,,,,,,,,,,,,,,,,,,,,31.500000000000004,31.0,3.8000000000000007,2.6000000000000014,13.678644067796611,22.766666666666666,22.285714285714285,1.5,0.6999999999999993,13.820677966101696,26.5,26.17142857142857,1.6999999999999993,1.0,12.700338983050848,75.66666666666667,72.71428571428571,-7.0,3.0,11.45084745762712,1018.6666666666669,1014.7285714285715,0.8999999999999773,10.300000000000068,2.3769491525424655,12.566666666666665,13.514285714285714,-0.29999999999999893,-2.4000000000000004,-3.994237288135592,6.1000000000000005,5.442857142857143,-10.0,1.5,0.6698305084745764,-0.8999999999999773,-1.8999999999999773,False,1.6999999999999993,1.3000000000000007,3,8,3,False,False,False,False,False,False,True,True,False,0,-0.4020743633198955,0
2026-08-07,63,0.13,0.33,70,80,81,94,61,81,86,50,92.0,4500,0,,,,,,,,,,,,32.6,22.7,26.6,79,1019.7,14.0,2.9,68.0,71.0,-6.0,-17.0,-15.640677966101691,0.30333333333333334,0.3014285714285715,-0.15000000000000002,-0.19,0.10891525423728814,0.3500000000000001,0.3128571428571429,0.010000000000000009,-0.04999999999999999,0.2612925170068027,77.0,77.57142857142857,-11.0,-12.0,-7.172881355932205,78.0,76.14285714285714,-4.0,-7.0,6.932203389830505,85.66666666666667,85.0,-7.0,-9.0,-3.6406779661016913,93.33333333333333,76.85714285714286,-3.0,-5.0,14.718644067796603,82.33333333333333,82.71428571428571,-33.0,-19.0,-24.616949152542375,79.0,78.14285714285714,3.0,8.0,4.799999999999997,95.33333333333333,95.85714285714286,-14.0,-14.0,10.200000000000003,61.333333333333336,68.85714285714286,-15.0,-23.0,-23.966101694915253,89.33333333333333,84.14285714285714,4.0,15.0,6.649484536082468,9300.0,7200.0,-10800.0,0.0,-366.1016949152545,900.0,771.4285714285714,-900.0,-900.0,-3813.5593220338983,,,,,,,,,,,,,,,,,,,,,,,,,,,,,,,,,,,,,,,,,,,,,,,,,,,,,,,,32.00000000000001,31.085714285714285,-1.0,1.5,12.678644067796611,23.066666666666663,22.642857142857142,-1.3000000000000007,0.8999999999999986,12.520677966101696,26.633333333333336,26.185714285714287,-0.8999999999999986,0.40000000000000213,11.80033898305085,81.33333333333333,75.85714285714286,0.0,17.0,11.45084745762712,1019.3333333333335,1015.4714285714286,0.10000000000002274,2.0,2.4769491525424883,13.033333333333333,14.257142857142856,1.5999999999999996,1.4000000000000004,-2.3942372881355922,6.966666666666666,5.828571428571428,-1.1,2.6,-0.4301694915254237,-0.10000000000002274,-1.0,False,0.8999999999999986,0.8000000000000007,4,8,3,False,False,False,False,False,False,True,True,False,0,-0.40680075251609193,0
2026-08-08,86,-0.08,0.28,89,95,97,70,98,84,86,91,88.0,2700,9000,69.02702702702703,4.068023978464191,59.0,78.0,19.0,0.058933785122621395,,,,,,32.1,22.3,26.5,78,1017.1,11.2,3.4,72.66666666666667,74.42857142857143,23.0,14.0,7.359322033898309,0.11,0.23571428571428577,-0.21000000000000002,-0.58,-0.10108474576271187,0.3100000000000001,0.3057142857142857,-0.04999999999999999,-0.12,0.21129251700680274,80.0,78.28571428571429,19.0,9.0,11.827118644067795,86.33333333333333,78.71428571428571,15.0,25.0,21.932203389830505,88.66666666666667,85.28571428571429,16.0,9.0,12.359322033898309,87.0,73.85714285714286,-24.0,-19.0,-9.281355932203397,84.33333333333333,82.57142857142857,37.0,6.0,12.383050847457625,81.0,79.71428571428571,3.0,6.0,7.799999999999997,90.66666666666667,96.0,0.0,-14.0,10.200000000000003,68.66666666666667,70.14285714285714,41.0,22.0,17.033898305084747,89.33333333333333,85.28571428571429,-4.0,0.0,2.6494845360824684,7500.0,6300.0,-1800.0,-5400.0,-2166.1016949152545,3300.0,2057.1428571428573,9000.0,7200.0,5186.440677966102,69.02702702702703,69.02702702702703,,,2.6307769405114527,4.068023978464191,4.068023978464191,,,0.529250043155741,59.0,59.0,,,0.6666666666666643,78.0,78.0,,,0.0,19.0,19.0,,,-0.6666666666666679,0.058933785122621395,0.058933785122621395,,,0.00573568631832172,,,,,,,,,,,,,,,,,,,,,,,,,,32.76666666666667,31.099999999999998,-0.5,2.3000000000000007,12.178644067796611,23.0,22.842857142857145,-0.3999999999999986,-0.1999999999999993,12.120677966101697,26.866666666666664,26.285714285714285,-0.10000000000000142,0.6999999999999993,11.700338983050848,78.66666666666667,77.71428571428571,-1.0,-8.0,10.45084745762712,1018.8000000000002,1016.0428571428572,-2.6000000000000227,-1.6000000000000227,-0.12305084745753447,12.533333333333333,13.371428571428572,-2.8000000000000007,-1.5,-5.194237288135593,3.4333333333333336,6.285714285714286,0.5,-10.6,0.06983050847457628,2.6000000000000227,2.5,False,0.10000000000000142,1.0,5,8,3,False,False,False,False,False,False,False,True,False,0,-0.523795893358621,1
2026-08-09,79,0.24,0.29,78,96,81,81,95,70,72,71,87.0,900,7200,,,,,,,,,,,,33.2,22.7,28.3,67,1016.1,11.7,0.0,76.0,74.0,-7.0,10.0,0.35932203389830875,0.09666666666666666,0.22857142857142862,0.32,-0.040000000000000036,0.21891525423728814,0.3000000000000001,0.3157142857142858,0.009999999999999953,-0.030000000000000027,0.2212925170068027,79.0,77.71428571428571,-11.0,-3.0,0.8271186440677951,90.33333333333333,80.85714285714286,1.0,12.0,22.932203389830505,86.33333333333333,85.28571428571429,-16.0,-7.0,-3.6406779661016913,81.66666666666667,83.0,11.0,-16.0,1.7186440677966033,84.66666666666667,81.85714285714286,-3.0,1.0,9.383050847457625,78.33333333333333,78.71428571428571,-14.0,-8.0,-6.200000000000003,81.33333333333333,92.0,-14.0,-28.0,-3.799999999999997,70.66666666666667,67.14285714285714,-20.0,6.0,-2.9661016949152526,89.0,86.28571428571429,-1.0,-1.0,1.6494845360824684,2700.0,6042.857142857143,-1800.0,-14400.0,-3966.1016949152545,5400.0,3085.714285714286,-1800.0,6300.0,3386.4406779661017,69.02702702702703,69.02702702702703,,,,4.068023978464191,4.068023978464191,,,,59.0,59.0,,,,78.0,78.0,,,,19.0,19.0,,,,0.058933785122621395,0.058933785122621395,,,,,,,,,,,,,,,,,,,,,,,,,,,,,32.63333333333333,31.914285714285715,1.1000000000000014,-0.3999999999999986,13.278644067796613,22.566666666666663,22.75714285714286,0.3999999999999986,-1.3000000000000007,12.520677966101696,27.133333333333336,26.771428571428572,1.8000000000000007,0.8000000000000007,13.500338983050849,74.66666666666667,75.28571428571429,-11.0,-12.0,-0.5491525423728802,1017.6333333333336,1016.8857142857144,-1.0,-3.5,-1.1230508474575345,12.299999999999999,12.771428571428572,0.5,-0.7000000000000011,-4.694237288135593,2.1,3.8714285714285714,-3.4,-4.0,-3.3301694915254236,1.0,3.6000000000000227,False,1.8000000000000007,1.6999999999999993,6,8,3,False,False,False,False,False,False,False,True,False,0,-0.4431795026753236,0
2026-08-10,76,-0.26,0.0,78,89,90,86,84,89,90,60,83.0,3600,2700,,,,,,,,,,,,31.7,22.2,25.7,76,1016.3,14.1,6.6,80.33333333333333,75.0,-3.0,13.0,-2.6406779661016913,-0.03333333333333335,0.16142857142857148,-0.5,-0.39,-0.28108474576271186,0.19000000000000009,0.28571428571428575,-0.29,-0.33,-0.06870748299319729,81.66666666666667,79.71428571428571,0.0,8.0,0.8271186440677951,93.33333333333333,85.85714285714286,-7.0,9.0,15.932203389830505,89.33333333333333,87.85714285714286,9.0,9.0,5.359322033898309,79.0,88.0,5.0,-8.0,6.718644067796603,92.33333333333333,86.28571428571429,-11.0,23.0,-1.6169491525423751,81.0,79.0,19.0,8.0,12.799999999999997,82.66666666666667,90.57142857142857,18.0,4.0,14.200000000000003,74.0,68.42857142857143,-11.0,10.0,-13.966101694915253,86.0,86.14285714285714,-4.0,-9.0,-2.3505154639175316,2400.0,5657.142857142857,2700.0,-900.0,-1266.1016949152545,6300.0,3214.285714285714,-4500.0,2700.0,-1113.5593220338983,69.02702702702703,69.02702702702703,,,,4.068023978464191,4.068023978464191,,,,59.0,59.0,,,,78.0,78.0,,,,19.0,19.0,,,,0.058933785122621395,0.058933785122621395,,,,,,,,,,,,,,,,,,,,,,,,,,,,,32.333333333333336,32.01428571428571,-1.5000000000000036,-0.9000000000000021,11.778644067796609,22.399999999999995,22.599999999999998,-0.5,-0.5,12.020677966101696,26.833333333333332,26.657142857142862,-2.6000000000000014,-0.9000000000000021,10.900338983050847,73.66666666666667,75.28571428571429,9.0,-3.0,8.45084745762712,1016.5000000000001,1017.8857142857142,0.1999999999999318,-3.400000000000091,-0.9230508474576027,12.333333333333334,12.671428571428573,2.4000000000000004,0.09999999999999964,-2.2942372881355926,3.3333333333333335,4.457142857142857,6.6,3.6999999999999997,3.269830508474576,-0.1999999999999318,0.8000000000000682,False,2.6000000000000014,0.8000000000000007,0,8,3,False,False,False,False,False,False,False,True,False,0,-0.439495885477655,0
2026-08-11,82,-0.13,0.02,85,95,95,99,95,84,100,69,82.0,3600,11700,,,,,,,,,,,,31.0,21.5,25.6,71,1013.2,15.3,0.9,79.0,75.28571428571429,6.0,-4.0,3.3593220338983087,-0.05000000000000001,0.0971428571428572,0.13,-0.05,-0.15108474576271186,0.10333333333333343,0.2342857142857143,0.02,-0.26,-0.048707482993197285,80.33333333333333,80.14285714285714,7.0,-4.0,7.827118644067795,93.33333333333333,87.0,6.0,0.0,21.932203389830505,88.66666666666667,88.57142857142857,5.0,-2.0,10.359322033898309,88.66666666666667,88.0,13.0,29.0,19.718644067796603,91.33333333333333,88.42857142857143,11.0,-3.0,9.383050847457625,81.0,80.57142857142857,-5.0,0.0,7.799999999999997,87.33333333333333,90.57142857142857,10.0,14.0,24.200000000000003,66.66666666666667,67.85714285714286,9.0,-22.0,-4.9661016949152526,84.0,86.85714285714286,-1.0,-6.0,-3.3505154639175316,2700.0,5528.571428571428,0.0,900.0,-1266.1016949152545,7200.0,4757.142857142857,9000.0,2700.0,7886.440677966102,,69.02702702702703,,,,,4.068023978464191,,,,,59.0,,,,,78.0,,,,,19.0,,,,,0.058933785122621395,,,,,,,,,,,,,,,,,,,,,,,,,,,,,31.96666666666667,32.0,-0.6999999999999993,-1.1000000000000014,11.07864406779661,22.13333333333333,22.557142857142857,-0.6999999999999993,-0.8000000000000007,11.320677966101696,26.53333333333333,26.571428571428577,-0.09999999999999787,-0.8999999999999986,10.80033898305085,71.33333333333333,76.57142857142857,-5.0,-7.0,3.4508474576271198,1015.2000000000002,1017.2428571428572,-3.099999999999909,-3.8999999999999773,-4.023050847457512,13.699999999999998,13.057142857142855,1.200000000000001,4.100000000000001,-1.0942372881355915,2.5,4.542857142857143,-5.699999999999999,-2.5,-2.4301694915254237,3.099999999999909,2.8999999999999773,False,0.09999999999999787,2.6999999999999993,1,8,3,False,False,False,False,False,False,False,True,False,0,-0.3995454964333012,0
2026-08-12,86,-0.21,0.02,86,85,88,97,96,90,100,75,75.0,1800,4500,,,,,,,,,,,,30.2,22.0,26.0,69,1011.2,10.8,1.3,81.33333333333333,77.28571428571429,4.0,7.0,7.359322033898309,-0.19999999999999998,-0.004285714285714222,-0.07999999999999999,-0.44999999999999996,-0.23108474576271185,0.013333333333333426,0.18000000000000002,0.0,-0.26999999999999996,-0.048707482993197285,83.0,81.0,1.0,8.0,8.827118644067795,89.66666666666667,89.14285714285714,-10.0,-11.0,11.932203389830505,91.0,88.57142857142857,-7.0,7.0,3.3593220338983087,94.0,89.14285714285714,-2.0,16.0,17.718644067796603,91.66666666666667,89.0,1.0,1.0,10.383050847457625,87.66666666666667,82.28571428571429,6.0,20.0,13.799999999999997,96.66666666666667,90.57142857142857,0.0,28.0,24.200000000000003,68.0,68.71428571428571,6.0,4.0,1.0338983050847474,80.0,85.0,-7.0,-12.0,-10.350515463917532,3000.0,4628.571428571428,-1800.0,900.0,-3066.1016949152545,6300.0,5142.857142857143,-7200.0,-2700.0,686.4406779661017,,69.02702702702703,,,,,4.068023978464191,,,,,59.0,,,,,78.0,,,,,19.0,,,,,0.058933785122621395,,,,,,,,,,,,,,,,,,,,,,,,,,,,,30.96666666666667,32.05714285714286,-0.8000000000000007,-3.0000000000000036,10.278644067796609,21.899999999999995,22.485714285714288,0.5,-0.6999999999999993,11.820677966101696,25.76666666666667,26.6,0.3999999999999986,-2.3000000000000007,11.200338983050848,72.0,74.14285714285714,-2.0,2.0,1.4508474576271198,1013.566666666667,1016.1714285714286,-2.0,-4.899999999999977,-6.023050847457512,13.4,12.785714285714286,-4.5,-0.8999999999999986,-5.5942372881355915,2.9333333333333336,2.7285714285714286,0.4,1.3,-2.030169491525424,2.0,5.099999999999909,False,0.3999999999999986,0.3000000000000007,2,8,3,False,False,False,False,False,False,False,True,False,0,-0.403574194281393,0
2026-08-13,83,-0.28,-0.18,81,96,88,97,68,87,100,67,68.0,1800,12600,,,,,,,,,,,,31.5,21.7,26.6,72,1012.6,13.1,0.6,83.66666666666667,79.28571428571429,-3.0,7.0,4.359322033898309,-0.20666666666666667,-0.08428571428571423,-0.07000000000000003,-0.020000000000000018,-0.3010847457627119,-0.04666666666666657,0.10857142857142861,-0.19999999999999998,-0.18,-0.24870748299319728,84.0,81.0,-5.0,3.0,3.827118644067795,92.0,90.85714285714286,11.0,7.0,22.932203389830505,90.33333333333333,88.57142857142857,0.0,-2.0,3.3593220338983087,97.66666666666667,89.14285714285714,0.0,11.0,17.718644067796603,86.33333333333333,85.28571428571429,-28.0,-16.0,-17.616949152542375,87.0,83.57142857142857,-3.0,-2.0,10.799999999999997,100.0,90.57142857142857,0.0,10.0,24.200000000000003,70.33333333333333,69.0,-8.0,7.0,-6.9661016949152526,75.0,82.14285714285714,-7.0,-15.0,-17.35051546391753,2400.0,2700.0,0.0,-1800.0,-3066.1016949152545,9600.0,6814.285714285715,8100.0,9900.0,8786.440677966102,,69.02702702702703,,,,,4.068023978464191,,,,,59.0,,,,,78.0,,,,,19.0,,,,,0.058933785122621395,,,,,,,,,,,,,,,,,,,,,,,,,,,,,30.900000000000002,31.75714285714286,1.3000000000000007,-0.1999999999999993,11.57864406779661,21.73333333333333,22.157142857142862,-0.3000000000000007,-0.5,11.520677966101696,26.066666666666666,26.47142857142857,0.6000000000000014,0.9000000000000021,11.80033898305085,70.66666666666667,73.14285714285714,3.0,-4.0,4.45084745762712,1012.3333333333335,1015.1714285714287,1.3999999999999773,-3.699999999999932,-4.6230508474575345,13.066666666666668,12.885714285714286,2.299999999999999,-1.0,-3.2942372881355926,0.9333333333333335,2.242857142857143,-0.7000000000000001,-6.0,-2.7301694915254235,-1.3999999999999773,0.6000000000000227,False,0.6000000000000014,1.0,3,8,3,False,False,False,False,False,False,False,True,False,0,-0.42280281302835065,0
2026-08-14,86,-0.1,-0.08,80,84,76,64,97,83,100,72,65.0,6300,5400,,,,,,,,,,,,25.8,22.8,24.2,90,1017.0,6.9,19.7,85.0,82.57142857142857,3.0,4.0,7.359322033898309,-0.19666666666666666,-0.11714285714285709,0.18000000000000002,0.03,-0.12108474576271187,-0.0799999999999999,0.05000000000000003,0.09999999999999999,-0.1,-0.1487074829931973,82.33333333333333,82.42857142857143,-1.0,-5.0,2.827118644067795,88.33333333333333,91.42857142857143,-12.0,-11.0,10.932203389830505,84.0,87.85714285714286,-12.0,-19.0,-8.640677966101691,86.0,84.85714285714286,-33.0,-35.0,-15.281355932203397,87.0,90.42857142857143,29.0,2.0,11.383050847457625,86.66666666666667,83.85714285714286,-4.0,-1.0,6.799999999999997,100.0,92.57142857142857,0.0,0.0,24.200000000000003,71.33333333333333,72.14285714285714,5.0,3.0,-1.9661016949152526,69.33333333333333,78.28571428571429,-3.0,-17.0,-20.35051546391753,3300.0,2957.1428571428573,4500.0,2700.0,1433.8983050847455,7500.0,7585.714285714285,-7200.0,-6300.0,1586.4406779661017,,69.02702702702703,,,,,4.068023978464191,,,,,59.0,,,,,78.0,,,,,19.0,,,,,0.058933785122621395,,,,,,,,,,,,,,,,,,,,,,,,,,,,,29.166666666666668,30.785714285714285,-5.699999999999999,-5.199999999999999,5.8786440677966105,22.16666666666666,22.17142857142857,1.1000000000000014,1.3000000000000007,12.620677966101697,25.599999999999998,26.12857142857143,-2.400000000000002,-1.4000000000000021,9.400338983050847,77.0,74.71428571428571,18.0,19.0,22.45084745762712,1013.6000000000003,1014.7857142857143,4.399999999999977,3.7999999999999545,-0.2230508474575572,10.266666666666667,11.87142857142857,-6.199999999999999,-8.4,-9.494237288135592,7.2,4.642857142857143,19.099999999999998,18.8,16.369830508474575,-4.399999999999977,-5.7999999999999545,False,2.400000000000002,1.8000000000000007,4,8,3,False,False,False,False,False,False,False,True,False,0,-0.4512105216997,1
2026-08-15,73,0.17,-0.01,81,74,88,89,97,73,53,85,70.0,900,4500,,,,,,,,,,,,30.3,21.6,25.9,71,1019.9,9.9,0.1,80.66666666666667,80.71428571428571,-13.0,-13.0,-5.640677966101691,-0.07,-0.08142857142857138,0.27,0.38,0.14891525423728816,-0.08999999999999991,0.008571428571428594,0.07,-0.03,-0.07870748299319728,80.66666666666667,81.28571428571429,1.0,-5.0,3.827118644067795,84.66666666666667,88.42857142857143,-10.0,-11.0,0.9322033898305051,84.0,86.57142857142857,12.0,0.0,3.3593220338983087,83.33333333333333,87.57142857142857,25.0,-8.0,9.718644067796603,87.33333333333333,90.28571428571429,0.0,1.0,11.383050847457625,81.0,82.28571428571429,-10.0,-17.0,-3.200000000000003,84.33333333333333,87.85714285714286,-47.0,-47.0,-22.799999999999997,74.66666666666667,71.28571428571429,13.0,10.0,11.033898305084747,67.66666666666667,75.71428571428571,5.0,-5.0,-15.350515463917532,3000.0,2700.0,-5400.0,-900.0,-3966.1016949152545,7500.0,6942.857142857143,-900.0,0.0,686.4406779661017,,,,,,,,,,,,,,,,,,,,,,,,,,,,,,,,,,,,,,,,,,,,,,,,,,,,,,,,29.200000000000003,30.52857142857143,4.5,0.10000000000000142,10.37864406779661,22.03333333333333,22.071428571428573,-1.1999999999999993,-0.3999999999999986,11.420677966101698,25.566666666666666,26.042857142857144,1.6999999999999993,-0.10000000000000142,11.100338983050847,77.66666666666667,73.71428571428571,-19.0,2.0,3.4508474576271198,1016.5000000000001,1015.1857142857143,2.8999999999999773,8.699999999999932,2.67694915254242,9.966666666666667,11.685714285714285,3.0,-0.9000000000000004,-6.494237288135592,6.8,4.171428571428572,-19.599999999999998,-1.2,-3.2301694915254235,-2.8999999999999773,-7.2999999999999545,False,1.6999999999999993,0.7000000000000028,5,8,3,False,False,False,False,False,False,False,True,False,0,-0.404658716421156,0
2026-08-16,90,-0.03,-0.09,84,53,90,97,100,75,74,90,80.0,1800,7200,,,,,,,,,,,,26.2,22.5,24.0,89,1016.9,18.7,20.7,83.0,82.28571428571429,17.0,7.0,11.359322033898309,0.013333333333333336,-0.11999999999999995,-0.2,0.25,-0.05108474576271187,-0.05999999999999991,-0.04571428571428569,-0.08,0.09,-0.15870748299319729,81.66666666666667,82.14285714285714,3.0,3.0,6.827118644067795,70.33333333333333,82.28571428571429,-21.0,-43.0,-20.067796610169495,84.66666666666667,87.85714285714286,2.0,2.0,5.359322033898309,83.33333333333333,89.85714285714286,8.0,0.0,17.718644067796603,98.0,91.0,3.0,32.0,14.383050847457625,77.0,83.0,2.0,-12.0,-1.2000000000000028,75.66666666666667,88.14285714285714,21.0,-26.0,-1.7999999999999972,82.33333333333333,74.0,5.0,23.0,16.033898305084747,71.66666666666667,74.71428571428571,10.0,12.0,-5.350515463917532,3000.0,2828.5714285714284,900.0,0.0,-3066.1016949152545,5700.0,6942.857142857143,2700.0,-5400.0,3386.4406779661017,,,,,,,,,,,,,,,,,,,,,,,,,,,,,,,,,,,,,,,,,,,,,,,,,,,,,,,,27.433333333333337,29.52857142857143,-4.100000000000001,-5.300000000000001,6.278644067796609,22.299999999999997,22.04285714285714,0.8999999999999986,0.8000000000000007,12.320677966101696,24.7,25.428571428571427,-1.8999999999999986,-2.6000000000000014,9.200338983050848,83.33333333333333,76.85714285714286,18.0,17.0,21.45084745762712,1017.9333333333334,1015.3,-3.0,4.2999999999999545,-0.32305084745757995,11.833333333333334,12.685714285714285,8.799999999999999,5.6,2.305762711864407,13.5,7.128571428571428,20.599999999999998,20.099999999999998,17.369830508474575,3.0,0.10000000000002274,False,1.8999999999999986,0.1999999999999993,6,8,3,False,False,False,False,False,False,False,True,False,0,-0.42179266119739156,0
2026-08-17,84,-0.08,0.01,80,66,88,97,81,96,99,65,82.0,0,15300,,,,,,,,,,,,31.1,22.3,25.7,88,1010.8,15.1,11.3,82.33333333333333,83.42857142857143,-6.0,-2.0,5.359322033898309,0.020000000000000004,-0.09428571428571424,-0.05,0.020000000000000004,-0.10108474576271187,-0.029999999999999905,-0.04428571428571426,0.09999999999999999,0.09,-0.05870748299319729,81.66666666666667,82.42857142857143,-4.0,0.0,2.827118644067795,64.33333333333333,79.0,13.0,-18.0,-7.067796610169495,88.66666666666667,87.57142857142857,-2.0,12.0,3.3593220338983087,94.33333333333333,91.42857142857143,0.0,33.0,17.718644067796603,92.66666666666667,90.57142857142857,-19.0,-16.0,-4.616949152542375,81.33333333333333,84.0,21.0,13.0,19.799999999999997,75.33333333333333,89.42857142857143,25.0,-1.0,23.200000000000003,80.0,74.71428571428571,-25.0,-7.0,-8.966101694915253,77.33333333333333,74.57142857142857,2.0,17.0,-3.3505154639175316,900.0,2314.285714285714,-1800.0,-6300.0,-4866.1016949152545,9000.0,8742.857142857143,8100.0,9900.0,11486.440677966102,,,,,,,,,,,,,,,,,,,,,,,,,,,,,,,,,,,,,,,,,,,,,,,,,,,,,,,,29.200000000000003,29.442857142857147,4.900000000000002,5.300000000000001,11.178644067796611,22.133333333333336,22.057142857142857,-0.1999999999999993,-0.5,12.120677966101697,25.2,25.428571428571427,1.6999999999999993,1.5,10.900338983050847,82.66666666666667,78.57142857142857,-1.0,-2.0,20.45084745762712,1015.8666666666668,1014.5142857142857,-6.100000000000023,-6.2000000000000455,-6.423050847457603,14.566666666666668,12.828571428571427,-3.5999999999999996,8.2,-1.2942372881355926,10.700000000000001,7.799999999999999,-9.399999999999999,-8.399999999999999,7.969830508474577,6.100000000000023,9.100000000000023,True,1.6999999999999993,0.1999999999999993,0,8,3,False,False,False,False,False,False,False,False,True,0,-0.419650385737883,0
2026-08-18,87,0.05,0.13,76,84,76,21,76,87,100,77,83.0,3600,3600,,,,,,,,,,,,29.4,22.8,25.8,77,1011.9,11.7,0.8,87.0,84.14285714285714,3.0,14.0,8.359322033898309,-0.02,-0.0685714285714285,0.13,-0.12000000000000001,0.02891525423728814,0.01666666666666676,-0.028571428571428546,0.12000000000000001,0.14,0.061292517006802716,80.0,81.14285714285714,-4.0,-5.0,-1.1728813559322049,67.66666666666667,77.42857142857143,18.0,10.0,10.932203389830505,84.66666666666667,84.85714285714286,-12.0,-12.0,-8.640677966101691,71.66666666666667,80.28571428571429,-76.0,-68.0,-58.2813559322034,85.66666666666667,87.85714285714286,-5.0,-21.0,-9.616949152542375,86.0,84.42857142857143,-9.0,14.0,10.799999999999997,91.0,89.42857142857143,1.0,47.0,24.200000000000003,77.33333333333333,75.85714285714286,12.0,-8.0,3.0338983050847474,81.66666666666667,74.71428571428571,1.0,13.0,-2.3505154639175316,1800.0,2314.285714285714,3600.0,2700.0,-1266.1016949152545,8700.0,7585.714285714285,-11700.0,-900.0,-213.5593220338983,,,,,,,,,,,,,,,,,,,,,,,,,,,,,,,,,,,,,,,,,,,,,,,,,,,,,,,,28.900000000000002,29.214285714285715,-1.7000000000000028,-0.9000000000000021,9.478644067796608,22.53333333333333,22.242857142857144,0.5,1.1999999999999993,12.620677966101697,25.166666666666668,25.457142857142856,0.10000000000000142,-0.09999999999999787,11.000338983050849,84.66666666666667,79.42857142857143,-11.0,6.0,9.45084745762712,1013.2000000000002,1014.3285714285713,1.1000000000000227,-8.0,-5.32305084745758,15.166666666666666,12.314285714285715,-3.4000000000000004,1.799999999999999,-4.694237288135593,10.933333333333332,7.785714285714286,-10.5,0.7000000000000001,-2.530169491525424,-1.1000000000000227,5.0,False,0.10000000000000142,1.8000000000000007,1,8,3,False,False,False,False,False,False,False,True,False,0,-0.40942452808292606,0
2026-08-19,87,-0.12,-0.02,86,98,90,81,97,84,100,77,84.0,4500,18000,,,,,,,,,,,,30.9,19.4,25.2,64,1013.5,12.9,0.0,86.0,84.28571428571429,0.0,-3.0,8.359322033898309,-0.049999999999999996,-0.055714285714285654,-0.16999999999999998,-0.09,-0.14108474576271185,0.0400000000000001,-0.03428571428571426,-0.15,0.06999999999999999,-0.08870748299319729,80.66666666666667,81.14285714285714,10.0,2.0,8.827118644067795,82.66666666666667,79.28571428571429,14.0,45.0,24.932203389830505,84.66666666666667,85.14285714285714,14.0,0.0,5.359322033898309,66.33333333333333,78.0,60.0,-16.0,1.7186440677966033,84.66666666666667,88.0,21.0,-3.0,11.383050847457625,89.0,83.57142857142857,-3.0,9.0,7.799999999999997,99.66666666666667,89.42857142857143,0.0,26.0,24.200000000000003,73.0,76.14285714285714,0.0,-13.0,3.0338983050847474,83.0,76.0,1.0,4.0,-1.3505154639175316,2700.0,2700.0,900.0,2700.0,-366.1016949152545,12300.0,9514.285714285714,14400.0,10800.0,14186.440677966102,,,,,,,,,,,,,,,,,,,,,,,,,,,,,,,,,,,,,,,,,,,,,,,,,,,,,,,,30.46666666666667,29.314285714285713,1.5,4.699999999999999,10.978644067796608,21.499999999999996,21.87142857142857,-3.400000000000002,-3.1000000000000014,9.220677966101695,25.566666666666666,25.342857142857138,-0.6000000000000014,1.1999999999999993,10.400338983050847,76.33333333333333,78.71428571428571,-13.0,-25.0,-3.5491525423728802,1012.0666666666667,1014.6571428571427,1.6000000000000227,-3.3999999999999773,-3.723050847457557,13.233333333333334,12.614285714285716,1.200000000000001,-5.799999999999999,-3.494237288135592,4.033333333333334,7.6000000000000005,-0.8,-20.7,-3.3301694915254236,-1.6000000000000227,-2.7000000000000455,False,0.6000000000000014,0.5,2,8,3,False,False,False,False,False,False,False,True,False,0,-0.41204986736180954,0
2026-08-20,80,-0.29,-0.08,78,96,81,86,84,78,100,63,84.0,0,1800,,,,,,,,,,,,30.2,20.1,24.0,84,1014.3,15.2,20.8,84.66666666666667,83.85714285714286,-7.0,-4.0,1.3593220338983087,-0.12,-0.05714285714285707,-0.16999999999999998,-0.20999999999999996,-0.31108474576271183,0.010000000000000092,-0.019999999999999973,-0.06,-0.09,-0.1487074829931973,80.0,80.71428571428571,-8.0,-2.0,0.8271186440677951,92.66666666666667,79.28571428571429,-2.0,30.0,22.932203389830505,82.33333333333333,84.14285714285714,-9.0,-7.0,-3.6406779661016913,62.666666666666664,76.42857142857143,5.0,-11.0,6.718644067796603,85.66666666666667,90.28571428571429,-13.0,3.0,-1.6169491525423751,83.0,82.28571428571429,-6.0,-18.0,1.7999999999999972,100.0,89.42857142857143,0.0,1.0,24.200000000000003,72.33333333333333,75.57142857142857,-14.0,-2.0,-10.966101694915253,83.66666666666667,78.28571428571429,0.0,2.0,-1.3505154639175316,2700.0,2442.8571428571427,-4500.0,0.0,-4866.1016949152545,7800.0,7971.428571428572,-16200.0,-13500.0,-2013.5593220338983,,,,,,,,,,,,,,,,,,,,,,,,,,,,,,,,,,,,,,,,,,,,,,,,,,,,,,,,30.166666666666668,29.128571428571426,-0.6999999999999993,-0.9000000000000021,10.278644067796609,20.766666666666666,21.642857142857142,0.7000000000000028,-2.1999999999999993,9.920677966101698,25.0,24.97142857142857,-1.1999999999999993,-1.6999999999999993,9.200338983050848,75.0,80.42857142857143,20.0,-4.0,16.45084745762712,1013.2333333333335,1014.9,0.7999999999999545,3.5,-2.9230508474576027,13.266666666666666,12.914285714285715,2.299999999999999,0.09999999999999964,-1.194237288135593,7.2,10.485714285714286,20.8,9.5,17.469830508474576,-0.7999999999999545,-2.3999999999999773,False,1.1999999999999993,1.8000000000000007,3,8,3,False,False,False,False,False,False,False,False,False,0,-0.414842664662483,0
2026-08-21,67,-0.11,0.0,48,39,65,97,19,81,72,19,89.0,2700,14400,,,,,,,,,,,,27.0,17.2,22.0,72,1018.1,11.8,0.1,78.0,81.14285714285714,-13.0,-20.0,-11.640677966101691,-0.17333333333333334,-0.0585714285714285,0.18,-0.16,-0.13108474576271187,-0.03333333333333324,-0.008571428571428546,0.08,-0.13,-0.06870748299319729,70.66666666666667,76.14285714285714,-30.0,-28.0,-29.172881355932205,77.66666666666667,72.85714285714286,-57.0,-45.0,-34.067796610169495,78.66666666666667,82.57142857142857,-16.0,-11.0,-19.64067796610169,88.0,81.14285714285714,11.0,76.0,17.718644067796603,66.66666666666667,79.14285714285714,-65.0,-57.0,-66.61694915254238,81.0,82.0,3.0,-6.0,4.799999999999997,90.66666666666667,85.42857142857143,-28.0,-28.0,-3.799999999999997,53.0,68.0,-44.0,-58.0,-54.96610169491525,85.66666666666667,81.71428571428571,5.0,6.0,3.6494845360824684,2400.0,1928.5714285714287,2700.0,-900.0,-2166.1016949152545,11400.0,9257.142857142857,12600.0,10800.0,10586.440677966102,,,,,,,,,,,,,,,,,,,,,,,,,,,,,,,,,,,,,,,,,,,,,,,,,,,,,,,,29.366666666666664,29.300000000000004,-3.1999999999999993,-2.3999999999999986,7.07864406779661,18.9,20.842857142857145,-2.900000000000002,-5.600000000000001,7.020677966101696,23.733333333333334,24.657142857142862,-2.0,-3.8000000000000007,7.200338983050848,73.33333333333333,77.85714285714286,-12.0,-5.0,4.45084745762712,1015.3000000000002,1015.0571428571428,3.800000000000068,6.2000000000000455,0.8769491525424655,13.300000000000002,13.614285714285714,-3.3999999999999986,0.10000000000000142,-4.5942372881355915,6.966666666666668,7.685714285714285,-20.7,-0.7000000000000001,-3.2301694915254235,-3.800000000000068,-4.600000000000023,False,2.0,3.1999999999999993,4,8,3,False,False,False,False,False,True,True,True,False,1,-0.4745410400039156,1
2026-08-24,80,-0.16,-0.07,73,79,88,94,67,85,88,54,72.0,0,1800,,,,,,,,,,,,26.6,16.5,21.7,64,1014.6,10.4,0.8,75.66666666666667,82.14285714285714,13.0,-7.0,1.3593220338983087,-0.18666666666666668,-0.10571428571428565,-0.05,-0.04000000000000001,-0.18108474576271186,-0.04999999999999991,-0.01714285714285712,-0.07,-0.05,-0.1387074829931973,66.33333333333333,75.0,25.0,-13.0,-4.172881355932205,71.33333333333333,73.57142857142857,40.0,-19.0,5.932203389830505,78.0,82.57142857142857,23.0,-2.0,3.3593220338983087,92.33333333333333,81.85714285714286,-3.0,13.0,14.718644067796603,56.666666666666664,74.85714285714286,48.0,-30.0,-18.616949152542375,81.33333333333333,83.71428571428571,4.0,1.0,8.799999999999997,86.66666666666667,90.42857142857143,16.0,-12.0,12.200000000000003,45.333333333333336,63.57142857142857,35.0,-23.0,-19.966101694915253,81.66666666666667,82.0,-17.0,-12.0,-13.350515463917532,900.0,1800.0,-2700.0,-4500.0,-4866.1016949152545,6000.0,8871.42857142857,-12600.0,-16200.0,-2013.5593220338983,,,,,,,,,,,,,,,,,,,,,,,,,,,,,,,,,,,,,,,,,,,,,,,,,,,,,,,,27.933333333333337,28.771428571428572,-0.3999999999999986,-4.299999999999997,6.678644067796611,17.933333333333334,20.114285714285717,-0.6999999999999993,-2.8999999999999986,6.320677966101696,22.566666666666666,24.057142857142857,-0.3000000000000007,-3.5,6.9003389830508475,73.33333333333333,76.85714285714286,-8.0,0.0,-3.5491525423728802,1015.6666666666669,1014.3,-3.5,1.1000000000000227,-2.6230508474575345,12.466666666666667,13.685714285714285,-1.4000000000000004,-2.5,-5.994237288135592,7.233333333333333,7.785714285714286,0.7000000000000001,0.8,-2.530169491525424,3.5,-0.3000000000000682,False,0.3000000000000007,2.3000000000000007,0,8,3,False,False,False,False,False,False,False,False,False,0,-0.43058216478690475,0
2026-08-25,87,-0.05,,83,83,88,97,75,70,100,80,76.0,4500,2700,,,,,,,,,,,,27.8,16.3,22.1,62,1017.4,13.6,0.0,78.0,81.71428571428571,7.0,7.0,8.359322033898309,-0.10666666666666667,-0.10857142857142851,0.11,0.24,-0.07108474576271187,-0.03499999999999987,-0.004999999999999972,,,,68.0,74.85714285714286,10.0,5.0,5.827118644067795,67.0,77.85714285714286,4.0,-13.0,9.932203389830505,80.33333333333333,82.28571428571429,0.0,7.0,3.3593220338983087,96.0,81.85714285714286,3.0,11.0,17.718644067796603,53.666666666666664,71.28571428571429,8.0,-9.0,-10.616949152542375,78.66666666666667,83.0,-15.0,-8.0,-6.200000000000003,86.66666666666667,94.14285714285714,12.0,0.0,24.200000000000003,51.0,62.142857142857146,26.0,17.0,6.0338983050847474,79.0,81.42857142857143,4.0,-8.0,-9.350515463917532,2400.0,2185.714285714286,4500.0,4500.0,-366.1016949152545,6300.0,8228.57142857143,900.0,900.0,-1113.5593220338983,,,,,,,,,,,,,,,,,,,,,,,,,,,,,,,,,,,,,,,,,,,,,,,,,,,,,,,,27.133333333333336,29.0,1.1999999999999993,-2.3999999999999986,7.8786440677966105,16.66666666666666,19.228571428571428,-0.1999999999999993,-3.8000000000000007,6.120677966101697,21.933333333333334,23.785714285714285,0.40000000000000213,-1.8999999999999986,7.30033898305085,66.0,73.0,-2.0,-22.0,-5.54915254237288,1016.7000000000002,1014.3714285714286,2.7999999999999545,3.1000000000000227,0.17694915254242005,11.933333333333332,12.957142857142857,3.1999999999999993,-1.5999999999999996,-2.7942372881355926,0.3,4.828571428571428,-0.8,-20.8,-3.3301694915254236,-2.7999999999999545,0.7000000000000455,False,0.40000000000000213,0.10000000000000142,1,8,3,False,False,False,False,False,False,False,True,False,0,-0.3997331009298813,0
2026-08-26,82,-0.11,-0.05,85,79,86,91,100,75,100,80,82.0,13500,0,,,,,,,,,,,,29.3,17.0,23.3,67,1017.8,13.1,0.0,83.0,81.42857142857143,-5.0,15.0,3.3593220338983087,-0.10666666666666669,-0.1128571428571428,-0.06,0.0,-0.13108474576271187,-0.059999999999999866,-0.014999999999999972,,-0.05,-0.11870748299319729,80.33333333333333,75.57142857142857,2.0,37.0,7.827118644067795,80.33333333333333,79.71428571428571,-4.0,40.0,5.932203389830505,87.33333333333333,82.0,-2.0,21.0,1.3593220338983087,94.0,81.0,-6.0,-6.0,11.718644067796603,80.66666666666667,74.0,25.0,81.0,14.383050847457625,76.66666666666667,80.0,5.0,-6.0,-1.2000000000000028,96.0,94.28571428571429,0.0,28.0,24.200000000000003,71.33333333333333,64.28571428571429,0.0,61.0,6.0338983050847474,76.66666666666667,81.42857142857143,6.0,-7.0,-3.3505154639175316,6000.0,4114.285714285715,9000.0,10800.0,8633.898305084746,1500.0,6042.857142857143,-2700.0,-14400.0,-3813.5593220338983,,,,,,,,,,,,,,,,,,,,,,,,,,,,,,,,,,,,,,,,,,,,,,,,,,,,,,,,27.900000000000006,28.74285714285714,1.5,2.3000000000000007,9.37864406779661,16.599999999999998,18.47142857142857,0.6999999999999993,-0.1999999999999993,6.820677966101696,22.366666666666664,23.442857142857147,1.1999999999999993,1.3000000000000007,8.500338983050849,64.33333333333333,70.0,5.0,-5.0,-0.5491525423728802,1016.6,1015.3714285714286,0.39999999999997726,-0.3000000000000682,0.5769491525423973,12.366666666666667,12.671428571428573,-0.5,1.299999999999999,-3.2942372881355926,0.26666666666666666,3.214285714285714,0.0,-0.1,-3.3301694915254236,-0.39999999999997726,-3.199999999999932,False,1.1999999999999993,1.6000000000000014,2,8,3,False,False,False,False,False,False,False,True,False,0,-0.4050075002622618,0
2026-08-27,89,-0.11,-0.07,84,81,93,86,96,77,100,77,80.0,9900,0,,,,,,,,,,,,28.3,19.9,23.8,84,1015.1,13.7,8.3,86.0,81.71428571428571,7.0,9.0,10.359322033898309,-0.09000000000000001,-0.13571428571428565,0.0,0.05,-0.13108474576271187,-0.059999999999999866,-0.048333333333333305,-0.020000000000000004,0.0,-0.1387074829931973,84.0,76.71428571428571,-1.0,11.0,6.827118644067795,81.0,79.28571428571429,2.0,2.0,7.932203389830505,89.0,84.42857142857143,7.0,5.0,8.359322033898309,91.33333333333333,90.28571428571429,-5.0,-8.0,6.718644067796603,90.33333333333333,76.85714285714286,-4.0,29.0,10.383050847457625,74.0,78.57142857142857,2.0,-8.0,0.7999999999999972,100.0,94.28571428571429,0.0,12.0,24.200000000000003,79.0,64.28571428571429,-3.0,23.0,3.0338983050847474,79.33333333333333,81.0,-2.0,8.0,-5.350515463917532,9300.0,5014.285714285715,-3600.0,9900.0,5033.8983050847455,900.0,5528.571428571428,0.0,-1800.0,-3813.5593220338983,,,,,,,,,,,,,,,,,,,,,,,,,,,,,,,,,,,,,,,,,,,,,,,,,,,,,,,,28.46666666666667,28.58571428571429,-1.0,1.6999999999999993,8.37864406779661,17.73333333333333,18.057142857142857,2.8999999999999986,3.3999999999999986,9.720677966101695,23.066666666666666,23.157142857142855,0.5,2.1000000000000014,9.000338983050849,71.0,71.0,17.0,20.0,16.45084745762712,1016.7666666666669,1015.8285714285714,-2.699999999999932,0.5,-2.1230508474575345,13.466666666666667,12.957142857142857,0.5999999999999996,3.299999999999999,-2.694237288135593,2.766666666666667,4.285714285714286,8.3,7.500000000000001,4.969830508474577,2.699999999999932,2.2999999999999545,False,0.5,1.6999999999999993,3,8,3,False,False,False,False,False,False,False,True,False,0,-0.3807446495625783,0
2026-08-28,85,-0.15,-0.05,88,95,97,83,95,84,97,82,74.0,5400,3600,,,,,,,,,,,,29.3,19.9,23.9,84,1016.0,14.7,7.5,85.33333333333333,81.42857142857143,-4.0,-2.0,6.359322033898309,-0.12333333333333334,-0.13999999999999993,-0.039999999999999994,-0.09999999999999999,-0.17108474576271185,-0.05666666666666658,-0.05333333333333331,0.020000000000000004,,-0.11870748299319729,85.66666666666667,77.0,4.0,5.0,10.827118644067795,85.0,78.85714285714286,14.0,12.0,21.932203389830505,92.0,85.42857142857143,4.0,9.0,12.359322033898309,86.66666666666667,90.57142857142857,-3.0,-14.0,3.7186440677966033,97.0,76.57142857142857,-1.0,20.0,9.383050847457625,78.66666666666667,78.57142857142857,7.0,14.0,7.799999999999997,99.0,93.85714285714286,-3.0,-3.0,21.200000000000003,79.66666666666667,65.0,5.0,2.0,8.033898305084747,78.66666666666667,79.57142857142857,-6.0,-2.0,-11.350515463917532,9600.0,5142.857142857143,-4500.0,900.0,533.8983050847455,1200.0,3471.4285714285716,3600.0,900.0,-213.5593220338983,,,,,,,,,,,,,,,,,,,,,,,,,,,,,,,,,,,,,,,,,,,,,,,,,,,,,,,,28.96666666666667,28.357142857142858,1.0,1.5,9.37864406779661,18.933333333333334,18.128571428571426,0.0,3.599999999999998,9.720677966101695,23.666666666666668,22.97142857142857,0.09999999999999787,1.7999999999999972,9.100338983050847,78.33333333333333,73.85714285714286,0.0,22.0,16.45084745762712,1016.3000000000002,1016.1857142857143,0.8999999999999773,-1.3999999999999773,-1.2230508474575572,13.833333333333334,13.214285714285714,1.0,1.0999999999999996,-1.694237288135593,5.266666666666667,5.357142857142857,-0.8000000000000007,7.5,4.169830508474576,-0.8999999999999773,1.7999999999999545,False,0.09999999999999787,0.5999999999999979,4,8,3,False,False,False,False,False,False,False,True,False,0,-0.38125137785442686,0
2026-08-29,80,0.28,0.09,82,67,81,81,100,71,71,89,82.0,7200,1800,,,,,,,,,,,,27.8,18.2,23.0,67,1022.3,11.8,0.0,84.66666666666667,81.42857142857143,-5.0,-2.0,1.3593220338983087,0.006666666666666672,-0.058571428571428504,0.43000000000000005,0.39,0.2589152542372882,-0.009999999999999912,-0.024999999999999977,0.14,0.14,0.021292517006802708,84.66666666666667,77.57142857142857,-6.0,-3.0,4.827118644067795,81.0,74.71428571428571,-28.0,-12.0,-6.067796610169495,90.33333333333333,85.42857142857143,-16.0,-5.0,-3.6406779661016913,83.33333333333333,89.85714285714286,-2.0,-10.0,1.7186440677966033,97.0,78.85714285714286,5.0,0.0,14.383050847457625,77.33333333333333,77.57142857142857,-13.0,-4.0,-5.200000000000003,89.33333333333333,89.71428571428571,-26.0,-29.0,-4.799999999999997,82.66666666666667,68.71428571428571,7.0,9.0,15.033898305084747,78.66666666666667,79.28571428571429,8.0,0.0,-3.3505154639175316,7500.0,6171.428571428572,1800.0,-6300.0,2333.8983050847455,1800.0,3471.4285714285716,-1800.0,1800.0,-2013.5593220338983,,,,,,,,,,,,,,,,,,,,,,,,,,,,,,,,,,,,,,,,,,,,,,,,,,,,,,,,28.46666666666667,28.014285714285716,-1.5,-1.5,7.8786440677966105,19.333333333333332,17.857142857142858,-1.6999999999999993,1.1999999999999993,8.020677966101696,23.566666666666666,22.82857142857143,-0.8999999999999986,-0.3000000000000007,8.200338983050848,78.33333333333333,71.42857142857143,-17.0,0.0,-0.5491525423728802,1017.8000000000002,1017.3285714285714,6.2999999999999545,4.5,5.076949152542397,13.399999999999999,12.72857142857143,-2.8999999999999986,-1.299999999999999,-4.5942372881355915,5.266666666666667,2.3857142857142852,-7.5,0.0,-3.3301694915254236,-6.2999999999999545,-7.199999999999932,True,0.8999999999999986,0.8000000000000007,5,8,3,False,False,False,False,False,False,False,True,False,0,-0.37600243487121066,0
2026-08-30,68,-0.11,-0.07,74,68,96,83,69,81,100,58,88.0,10800,0,,,,,,,,,,,,30.3,19.8,24.6,77,1020.9,15.9,2.1,77.66666666666667,81.57142857142857,-12.0,-21.0,-10.640677966101691,0.006666666666666686,-0.058571428571428504,-0.39,0.0,-0.13108474576271187,-0.009999999999999912,-0.036666666666666646,-0.16,0.0,-0.1387074829931973,81.33333333333333,81.28571428571429,-8.0,-10.0,-3.172881355932205,76.66666666666667,78.85714285714286,1.0,-13.0,-5.067796610169495,91.33333333333333,89.85714285714286,15.0,3.0,11.359322033898309,82.33333333333333,87.85714285714286,2.0,-3.0,3.7186440677966033,88.0,86.0,-31.0,-27.0,-16.616949152542375,78.66666666666667,77.57142857142857,10.0,4.0,4.799999999999997,89.33333333333333,93.71428571428571,29.0,0.0,24.200000000000003,76.33333333333333,74.28571428571429,-31.0,-19.0,-15.966101694915253,81.33333333333333,79.14285714285714,6.0,8.0,2.6494845360824684,7800.0,7328.571428571428,3600.0,900.0,5933.8983050847455,1800.0,1414.2857142857142,-1800.0,0.0,-3813.5593220338983,,,,,,,,,,,,,,,,,,,,,,,,,,,,,,,,,,,,,,,,,,,,,,,,,,,,,,,,29.133333333333336,28.48571428571429,2.5,2.0,10.37864406779661,19.299999999999997,18.228571428571428,1.6000000000000014,-0.09999999999999787,9.620677966101697,23.833333333333332,23.2,1.6000000000000014,0.8000000000000007,9.80033898305085,76.0,72.14285714285714,10.0,-7.0,9.45084745762712,1019.7333333333336,1017.7285714285714,-1.3999999999999773,5.7999999999999545,3.67694915254242,14.133333333333335,13.314285714285713,4.1,2.200000000000001,-0.49423728813559187,3.1999999999999997,2.671428571428571,2.1,-6.200000000000001,-1.2301694915254235,1.3999999999999773,-4.899999999999977,False,1.6000000000000014,0.7000000000000028,6,8,3,False,False,False,False,False,False,True,True,False,0,-0.38536522726215383,0
2026-08-31,77,-0.3,-0.07,71,54,81,91,55,72,100,64,91.0,6300,900,,,,,,,,,,,,31.0,21.4,25.9,79,1018.5,11.3,0.6,75.0,81.14285714285714,9.0,-8.0,-1.6406779661016913,-0.043333333333333314,-0.0785714285714285,-0.19,-0.15,-0.32108474576271184,-0.01666666666666658,-0.036666666666666646,0.0,-0.020000000000000004,-0.1387074829931973,75.66666666666667,81.0,-3.0,-17.0,-6.172881355932205,63.0,75.28571428571429,-14.0,-41.0,-19.067796610169495,86.0,88.85714285714286,-15.0,-16.0,-3.6406779661016913,85.0,87.42857142857143,8.0,8.0,11.718644067796603,74.66666666666667,84.28571428571429,-14.0,-40.0,-30.616949152542375,74.66666666666667,75.71428571428571,-9.0,-12.0,-4.200000000000003,90.33333333333333,95.42857142857143,0.0,3.0,24.200000000000003,70.33333333333333,75.71428571428571,6.0,-18.0,-9.966101694915253,87.0,81.85714285714286,3.0,17.0,5.649484536082468,8100.0,8228.57142857143,-4500.0,900.0,1433.8983050847455,900.0,1285.7142857142858,900.0,-2700.0,-2913.5593220338983,,,,,,,,,,,,,,,,,,,,,,,,,,,,,,,,,,,,,,,,,,,,,,,,,,,,,,,,29.700000000000003,29.114285714285717,0.6999999999999993,1.6999999999999993,11.07864406779661,19.799999999999997,18.928571428571427,1.5999999999999979,1.5,11.220677966101695,24.5,23.8,1.2999999999999972,2.0,11.100338983050847,74.33333333333333,74.28571428571429,2.0,-5.0,11.45084745762712,1020.566666666667,1018.2857142857143,-2.3999999999999773,2.5,1.2769491525424428,13.0,13.442857142857145,-4.6,-3.3999999999999986,-5.0942372881355915,0.9,2.642857142857143,-1.5,-6.9,-2.7301694915254235,2.3999999999999773,3.7999999999999545,False,1.2999999999999972,2.8999999999999986,0,8,3,False,False,False,False,False,False,False,True,False,0,-0.3860816808687138,0
2026-09-01,77,0.08,0.16,82,97,93,78,96,74,94,72,87.0,6300,0,,,,,,,,,,,,33.5,23.3,27.8,75,1015.9,11.9,0.7,74.0,79.71428571428571,0.0,-3.0,-1.6406779661016913,-0.10999999999999999,-0.05999999999999993,0.38,-0.2,0.058915254237288134,0.0066666666666667556,-0.008571428571428548,0.23,0.07,0.09129251700680271,75.66666666666667,80.85714285714286,11.0,0.0,4.827118644067795,73.0,77.28571428571429,43.0,30.0,23.932203389830505,90.0,89.57142857142857,12.0,12.0,8.359322033898309,84.0,84.71428571428571,-13.0,-3.0,-1.2813559322033967,73.33333333333333,87.28571428571429,41.0,-4.0,10.383050847457625,75.66666666666667,76.28571428571429,2.0,3.0,-2.200000000000003,98.0,94.57142857142857,-6.0,23.0,18.200000000000003,64.66666666666667,74.57142857142857,8.0,-17.0,-1.9661016949152526,88.66666666666667,83.42857142857143,-4.0,5.0,1.6494845360824684,7800.0,8485.714285714286,0.0,-900.0,1433.8983050847455,300.0,900.0,-900.0,-1800.0,-3813.5593220338983,,,,,,,,,,,,,,,,,,,,,,,,,,,,,,,,,,,,,,,,,,,,,,,,,,,,,,,,31.600000000000005,29.928571428571427,2.5,5.699999999999999,13.57864406779661,21.5,19.928571428571427,1.9000000000000021,5.100000000000001,13.120677966101697,26.099999999999998,24.614285714285717,1.9000000000000021,4.800000000000001,13.000338983050849,77.0,76.14285714285714,-4.0,8.0,7.45084745762712,1018.4333333333334,1018.0714285714286,-2.6000000000000227,-6.399999999999977,-1.32305084745758,13.033333333333333,13.2,0.5999999999999996,0.09999999999999964,-4.494237288135592,1.1333333333333333,2.742857142857143,0.09999999999999998,0.7,-2.6301694915254235,2.6000000000000227,5.0,False,1.9000000000000021,3.1999999999999993,1,9,4,False,False,False,False,False,False,False,True,False,0,-0.3868005149944066,0
2026-09-02,77,0.37,0.08,85,80,95,94,95,81,100,76,96.0,7200,0,,,,,,,,,,,,30.8,23.1,26.0,81,1017.5,12.2,1.6,77.0,79.0,0.0,9.0,-1.6406779661016913,0.05000000000000001,0.008571428571428643,0.29,0.48,0.34891525423728814,0.056666666666666754,0.010000000000000024,-0.08,0.15000000000000002,0.011292517006802713,79.33333333333333,80.85714285714286,3.0,11.0,7.827118644067795,77.0,77.42857142857143,-17.0,12.0,6.932203389830505,89.66666666666667,90.85714285714286,2.0,-1.0,10.359322033898309,87.66666666666667,85.14285714285714,16.0,11.0,14.718644067796603,82.0,86.57142857142857,-1.0,26.0,9.383050847457625,75.66666666666667,77.14285714285714,7.0,0.0,4.799999999999997,98.0,94.57142857142857,6.0,0.0,24.200000000000003,70.66666666666667,74.0,4.0,18.0,2.0338983050847474,91.33333333333333,85.42857142857143,9.0,8.0,10.649484536082468,6600.0,7585.714285714285,900.0,-3600.0,2333.8983050847455,300.0,900.0,0.0,0.0,-3813.5593220338983,,,,,,,,,,,,,,,,,,,,,,,,,,,,,,,,,,,,,,,,,,,,,,,,,,,,,,,,31.766666666666666,30.142857142857142,-2.6999999999999993,0.5,10.87864406779661,22.599999999999998,20.8,-0.1999999999999993,3.3000000000000007,12.920677966101698,26.566666666666666,25.0,-1.8000000000000007,1.3999999999999986,11.200338983050848,78.33333333333333,78.14285714285714,6.0,4.0,13.45084745762712,1017.3000000000002,1018.0285714285716,1.6000000000000227,-3.3999999999999773,0.2769491525424428,11.799999999999999,13.071428571428571,0.29999999999999893,-3.700000000000001,-4.194237288135593,0.9666666666666667,2.971428571428571,0.9000000000000001,-0.5,-1.7301694915254235,-1.6000000000000227,1.0,False,1.8000000000000007,0.10000000000000142,2,9,4,False,False,False,True,False,False,False,True,False,0,-0.38216383058733294,0
2026-09-03,69,0.21,0.02,73,70,74,29,96,83,100,67,96.0,3600,900,,,,,,,,,,,,31.8,21.4,26.2,82,1015.7,15.9,4.4,74.33333333333333,76.14285714285714,-8.0,-8.0,-9.640677966101691,0.22,0.05428571428571437,-0.16,0.51,0.18891525423728814,0.08666666666666677,0.02285714285714288,-0.06,0.09000000000000001,-0.048707482993197285,80.0,79.28571428571429,-12.0,2.0,-4.172881355932205,82.33333333333333,75.85714285714286,-10.0,16.0,-3.067796610169495,87.33333333333333,88.14285714285714,-21.0,-7.0,-10.640677966101691,67.0,77.0,-65.0,-62.0,-50.2813559322034,95.66666666666667,86.57142857142857,1.0,41.0,10.383050847457625,79.33333333333333,78.0,2.0,11.0,6.799999999999997,98.0,94.57142857142857,0.0,0.0,24.200000000000003,71.66666666666667,72.57142857142857,-9.0,3.0,-6.9661016949152526,93.0,87.71428571428571,0.0,5.0,10.649484536082468,5700.0,6685.714285714285,-3600.0,-2700.0,-1266.1016949152545,300.0,1028.5714285714287,900.0,0.0,-2913.5593220338983,,,,,,,,,,,,,,,,,,,,,,,,,,,,,,,,,,,,,,,,,,,,,,,,,,,,,,,,32.03333333333334,30.642857142857142,1.0,0.8000000000000007,11.87864406779661,22.599999999999994,21.014285714285712,-1.7000000000000028,0.0,11.220677966101695,26.666666666666668,25.342857142857145,0.1999999999999993,0.3000000000000007,11.400338983050847,79.33333333333333,77.85714285714286,1.0,3.0,14.45084745762712,1016.3666666666668,1018.1142857142858,-1.7999999999999545,-2.7999999999999545,-1.5230508474575117,13.333333333333334,13.385714285714286,3.700000000000001,4.6,-0.49423728813559187,2.2333333333333334,2.414285714285714,2.8000000000000003,3.8000000000000003,1.0698305084745767,1.7999999999999545,0.1999999999999318,False,0.1999999999999993,1.6000000000000014,3,9,4,False,False,False,False,False,False,True,True,False,0,-0.38821475216960116,0
2026-09-04,70,0.19,0.23,81,92,76,99,91,82,100,65,95.0,2700,1800,,,,,,,,,,,,32.0,22.6,26.4,75,1013.1,14.1,1.3,72.0,74.0,1.0,-7.0,-8.640677966101691,0.25666666666666665,0.10285714285714291,-0.01999999999999999,0.11,0.16891525423728815,0.1100000000000001,0.06285714285714288,0.21000000000000002,0.07,0.16129251700680272,79.66666666666667,78.28571428571429,8.0,-1.0,3.827118644067795,80.66666666666667,75.42857142857143,22.0,-5.0,18.932203389830505,81.66666666666667,85.14285714285714,2.0,-17.0,-8.640677966101691,74.0,79.28571428571429,70.0,21.0,19.718644067796603,94.0,86.0,-5.0,-5.0,5.383050847457625,82.0,77.71428571428571,-1.0,8.0,5.799999999999997,100.0,95.0,0.0,6.0,24.200000000000003,69.33333333333333,70.14285714285714,-2.0,-7.0,-8.966101694915253,95.66666666666667,90.71428571428571,-1.0,8.0,9.649484536082468,4500.0,6300.0,-900.0,-3600.0,-2166.1016949152545,900.0,771.4285714285714,900.0,1800.0,-2013.5593220338983,,,,,,,,,,,,,,,,,,,,,,,,,,,,,,,,,,,,,,,,,,,,,,,,,,,,,,,,31.533333333333335,31.028571428571432,0.1999999999999993,-1.5,12.07864406779661,22.366666666666664,21.400000000000002,1.2000000000000028,-0.6999999999999993,12.420677966101698,26.2,25.7,0.1999999999999993,-1.4000000000000021,11.600338983050847,79.33333333333333,76.57142857142857,-7.0,0.0,7.45084745762712,1015.4333333333334,1017.6999999999999,-2.6000000000000227,-2.7999999999999545,-4.1230508474575345,14.066666666666668,13.299999999999999,-1.8000000000000007,2.1999999999999993,-2.2942372881355926,2.433333333333333,1.5285714285714282,-3.1000000000000005,0.6000000000000001,-2.030169491525424,2.6000000000000227,4.399999999999977,False,0.1999999999999993,0.3999999999999986,4,9,4,False,False,False,False,False,False,False,True,False,0,-0.3851378498634207,0
2026-09-05,80,0.4,0.4,87,62,93,83,100,77,100,90,92.0,7200,1800,,,,,,,,,,,,28.9,21.5,25.0,76,1011.3,11.5,0.6,73.0,74.0,10.0,3.0,1.3593220338983087,0.26666666666666666,0.12000000000000008,0.21000000000000002,0.030000000000000027,0.37891525423728817,0.21666666666666679,0.10714285714285718,0.17,0.32,0.33129251700680273,80.33333333333333,79.0,6.0,2.0,9.827118644067795,74.66666666666667,74.71428571428571,-30.0,-18.0,-11.067796610169495,81.0,86.85714285714286,17.0,-2.0,8.359322033898309,70.33333333333333,79.57142857142857,-16.0,-11.0,3.7186440677966033,95.66666666666667,86.0,9.0,5.0,14.383050847457625,80.66666666666667,78.57142857142857,-5.0,-4.0,0.7999999999999972,100.0,99.14285714285714,0.0,0.0,24.200000000000003,74.0,70.28571428571429,25.0,14.0,16.033898305084747,94.33333333333333,92.14285714285714,-3.0,-4.0,6.649484536082468,4500.0,6300.0,4500.0,0.0,2333.8983050847455,1500.0,771.4285714285714,0.0,1800.0,-2013.5593220338983,,,,,,,,,,,,,,,,,,,,,,,,,,,,,,,,,,,,,,,,,,,,,,,,,,,,,,,,30.900000000000006,31.185714285714287,-3.1000000000000014,-1.9000000000000021,8.978644067796608,21.833333333333332,21.871428571428574,-1.1000000000000014,-1.6000000000000014,11.320677966101696,25.866666666666664,25.985714285714288,-1.3999999999999986,-1.0,10.200338983050848,77.66666666666667,77.85714285714286,1.0,-5.0,8.45084745762712,1013.3666666666668,1016.1285714285714,-1.8000000000000682,-6.2000000000000455,-5.923050847457603,13.833333333333334,13.257142857142856,-2.5999999999999996,-0.6999999999999993,-4.894237288135592,2.1,1.6142857142857139,-0.7000000000000001,-1.0,-2.7301694915254235,1.8000000000000682,4.400000000000091,False,1.3999999999999986,1.1999999999999993,5,9,4,False,False,False,True,False,False,False,True,False,0,-0.39001116928766083,0
2026-09-06,57,0.37,0.32,63,64,62,67,74,72,51,59,89.0,2700,1800,,,,,,,,,,,,27.9,17.7,22.7,66,1014.4,12.5,0.1,69.0,72.42857142857143,-23.0,-12.0,-21.64067796610169,0.32,0.18857142857142864,-0.030000000000000027,0.16,0.34891525423728814,0.31666666666666676,0.16285714285714287,-0.08000000000000002,0.3,0.2512925170068027,77.0,77.42857142857143,-24.0,-10.0,-14.172881355932205,72.66666666666667,74.14285714285714,2.0,-6.0,-9.067796610169495,77.0,82.0,-31.0,-12.0,-22.64067796610169,83.0,77.28571428571429,-16.0,38.0,-12.281355932203397,88.33333333333333,86.71428571428571,-26.0,-22.0,-11.616949152542375,77.0,77.28571428571429,-5.0,-11.0,-4.200000000000003,83.66666666666667,92.14285714285714,-49.0,-49.0,-24.799999999999997,71.33333333333333,70.42857142857143,-31.0,-8.0,-14.966101694915253,92.0,92.28571428571429,-3.0,-7.0,3.6494845360824684,4200.0,5142.857142857143,-4500.0,-900.0,-2166.1016949152545,1800.0,1028.5714285714287,0.0,900.0,-2013.5593220338983,,,,,,,,,,,,,,,,,,,,,,,,,,,,,,,,,,,,,,,,,,,,,,,,,,,,,,,,29.600000000000005,30.842857142857138,-1.0,-3.900000000000002,7.978644067796608,20.599999999999998,21.571428571428573,-3.8000000000000007,-3.6999999999999993,7.520677966101696,24.7,25.714285714285715,-2.3000000000000007,-3.5,7.9003389830508475,72.33333333333333,76.28571428571429,-10.0,-16.0,-1.5491525423728802,1012.9333333333335,1015.2,3.1000000000000227,-1.3000000000000682,-2.82305084745758,12.700000000000001,12.771428571428572,1.0,-3.4000000000000004,-3.8942372881355922,0.6666666666666666,1.328571428571428,-0.5,-4.300000000000001,-3.2301694915254235,-3.1000000000000227,-1.2999999999999545,False,2.3000000000000007,3.6999999999999993,6,9,4,False,False,False,True,False,True,True,True,False,1,-0.4396400718320395,0
2026-09-07,78,0.58,0.45,73,74,67,94,93,68,56,70,87.0,2700,900,,,,,,,,,,,,28.1,16.5,22.2,61,1020.4,8.4,0.0,71.66666666666667,72.57142857142857,21.0,8.0,-0.6406779661016913,0.45,0.31428571428571433,0.20999999999999996,0.38999999999999996,0.558915254237288,0.3900000000000001,0.23714285714285718,0.13,0.22,0.3812925170068027,74.33333333333333,77.71428571428571,10.0,-8.0,-4.172881355932205,66.66666666666667,77.0,10.0,-18.0,0.9322033898305051,74.0,80.0,5.0,-9.0,-17.64067796610169,81.33333333333333,77.71428571428571,27.0,-5.0,14.718644067796603,89.0,92.14285714285714,19.0,2.0,7.383050847457625,72.33333333333333,76.71428571428571,-4.0,-14.0,-8.200000000000003,69.0,85.85714285714286,5.0,-44.0,-19.799999999999997,73.0,71.28571428571429,11.0,5.0,-3.9661016949152526,89.33333333333333,91.71428571428571,-2.0,-8.0,1.6494845360824684,4200.0,4628.571428571428,0.0,0.0,-2166.1016949152545,1500.0,1028.5714285714287,-900.0,-900.0,-2913.5593220338983,,,,,,,,,,,,,,,,,,,,,,,,,,,,,,,,,,,,,,,,,,,,,,,,,,,,,,,,28.3,30.428571428571427,0.20000000000000284,-3.8999999999999986,8.178644067796611,18.566666666666663,20.87142857142857,-1.1999999999999993,-6.100000000000001,6.320677966101696,23.3,25.185714285714287,-0.5,-4.199999999999999,7.4003389830508475,67.66666666666667,73.71428571428571,-5.0,-14.0,-6.54915254237288,1015.3666666666668,1015.4714285714286,6.0,7.2999999999999545,3.17694915254242,10.799999999999999,12.357142857142858,-4.1,-5.699999999999999,-7.994237288135592,0.2333333333333333,1.2428571428571424,-0.1,-1.3,-3.3301694915254236,-6.0,-9.100000000000023,True,0.5,2.8000000000000007,0,9,4,False,False,False,True,True,False,False,True,False,0,-0.410273363028271,0
2026-09-08,63,0.33,0.42,72,52,74,91,80,52,100,70,91.0,6300,0,,,,,,,,,,,,30.1,15.7,22.9,67,1023.6,10.2,0.0,66.0,70.57142857142857,-15.0,-17.0,-15.640677966101691,0.4266666666666667,0.35000000000000003,-0.24999999999999994,-0.07,0.30891525423728816,0.3966666666666668,0.2742857142857143,-0.030000000000000027,0.019999999999999962,0.3512925170068027,69.33333333333333,76.28571428571429,-1.0,-15.0,-5.172881355932205,63.333333333333336,70.57142857142857,-22.0,-10.0,-21.067796610169495,67.66666666666667,77.28571428571429,7.0,-19.0,-10.640677966101691,84.0,79.57142857142857,-3.0,8.0,11.718644067796603,82.33333333333333,89.85714285714286,-13.0,-20.0,-5.616949152542375,64.0,73.57142857142857,-16.0,-25.0,-24.200000000000003,69.0,86.71428571428571,44.0,0.0,24.200000000000003,66.33333333333333,71.0,0.0,-20.0,-3.9661016949152526,89.0,92.28571428571429,4.0,-1.0,5.649484536082468,3900.0,4628.571428571428,3600.0,-900.0,1433.8983050847455,900.0,1028.5714285714287,-900.0,-1800.0,-3813.5593220338983,,,,,,,,,,,,,,,,,,,,,,,,,,,,,,,,,,,,,,,,,,,,,,,,,,,,,,,,28.700000000000003,29.942857142857143,2.0,1.2000000000000028,10.178644067796611,16.63333333333333,19.785714285714285,-0.8000000000000007,-5.800000000000001,5.520677966101696,22.599999999999998,24.485714285714284,0.6999999999999993,-2.1000000000000014,8.100338983050847,64.66666666666667,72.57142857142857,6.0,-9.0,-0.5491525423728802,1019.4666666666668,1016.5714285714286,3.2000000000000455,12.300000000000068,6.3769491525424655,10.366666666666665,12.114285714285716,1.799999999999999,-1.3000000000000007,-6.194237288135593,0.03333333333333333,1.1428571428571423,0.0,-0.6,-3.3301694915254236,-3.2000000000000455,-9.200000000000045,False,0.6999999999999993,0.1999999999999993,1,9,4,False,False,False,True,False,False,True,True,False,1,-0.4142056632020738,0
2026-09-09,65,0.2,0.4,78,50,86,89,84,73,100,74,88.0,1800,1800,,,,,,,,,,,,31.2,18.7,25.0,64,1020.9,18.1,0.0,68.66666666666667,68.85714285714286,2.0,8.0,-13.640677966101691,0.36999999999999994,0.32571428571428573,-0.13,-0.16999999999999998,0.17891525423728816,0.4233333333333334,0.32,-0.019999999999999962,0.08000000000000002,0.33129251700680273,74.33333333333333,75.28571428571429,6.0,15.0,0.8271186440677951,58.666666666666664,66.28571428571429,-2.0,-14.0,-23.067796610169495,75.66666666666667,76.0,12.0,24.0,1.3593220338983087,91.33333333333333,78.85714285714286,-2.0,22.0,9.718644067796603,85.66666666666667,88.28571428571429,4.0,10.0,-1.6169491525423751,64.33333333333333,72.42857142857143,21.0,1.0,-3.200000000000003,85.33333333333333,86.71428571428571,0.0,49.0,24.200000000000003,71.33333333333333,70.71428571428571,4.0,15.0,0.03389830508474745,88.66666666666667,91.14285714285714,-3.0,-1.0,2.6494845360824684,3600.0,3857.1428571428573,-4500.0,-900.0,-3066.1016949152545,900.0,1285.7142857142858,1800.0,0.0,-2013.5593220338983,,,,,,,,,,,,,,,,,,,,,,,,,,,,,,,,,,,,,,,,,,,,,,,,,,,,,,,,29.8,30.0,1.0999999999999979,3.3000000000000007,11.278644067796609,16.966666666666665,19.157142857142855,3.0,1.0,8.520677966101696,23.366666666666664,24.342857142857138,2.1000000000000014,2.3000000000000007,10.200338983050848,64.0,70.14285714285714,-3.0,-2.0,-3.5491525423728802,1021.6333333333336,1017.0571428571428,-2.7000000000000455,6.5,3.67694915254242,12.233333333333334,12.957142857142857,7.900000000000002,5.600000000000001,1.7057627118644092,0.0,0.9142857142857138,0.0,-0.1,-3.3301694915254236,2.7000000000000455,-0.5,False,2.1000000000000014,2.8000000000000007,2,9,4,False,False,False,False,False,False,True,True,False,0,-0.4074905507188886,0
2026-09-10,71,0.31,0.48,75,65,81,83,81,65,100,68,86.0,2700,1800,,,,,,,,,,,,30.6,22.7,26.1,68,1013.8,18.2,1.0,66.33333333333333,69.14285714285714,6.0,-7.0,-7.640677966101691,0.28,0.34,0.10999999999999999,-0.26999999999999996,0.28891525423728814,0.4333333333333334,0.38571428571428573,0.07999999999999996,0.02999999999999997,0.4112925170068027,75.0,75.57142857142857,-3.0,2.0,-2.172881355932205,55.666666666666664,65.57142857142857,15.0,-9.0,-8.067796610169495,80.33333333333333,77.0,-5.0,14.0,-3.6406779661016913,87.66666666666667,86.57142857142857,-6.0,-11.0,3.7186440677966033,81.66666666666667,86.14285714285714,-3.0,-12.0,-4.616949152542375,63.333333333333336,69.85714285714286,-8.0,-3.0,-11.200000000000003,100.0,86.71428571428571,0.0,44.0,24.200000000000003,70.66666666666667,70.85714285714286,-6.0,-2.0,-5.9661016949152526,88.33333333333333,89.71428571428571,-2.0,-1.0,0.6494845360824684,3600.0,3728.5714285714284,900.0,0.0,-2166.1016949152545,1200.0,1414.2857142857142,0.0,900.0,-2013.5593220338983,,,,,,,,,,,,,,,,,,,,,,,,,,,,,,,,,,,,,,,,,,,,,,,,,,,,,,,,30.633333333333336,29.828571428571426,-0.5999999999999979,2.5,10.678644067796611,19.033333333333328,19.342857142857145,4.0,6.199999999999999,12.520677966101696,24.666666666666668,24.32857142857143,1.1000000000000014,3.900000000000002,11.30033898305085,66.33333333333333,68.14285714285714,4.0,7.0,0.45084745762711975,1019.4333333333334,1016.7857142857143,-7.100000000000023,-6.600000000000023,-3.4230508474576027,15.5,13.285714285714286,0.09999999999999787,9.799999999999999,1.805762711864407,0.3333333333333333,0.42857142857142805,1.0,1.0,-2.3301694915254236,7.100000000000023,9.800000000000068,True,1.1000000000000014,3.200000000000003,3,9,4,False,False,False,True,False,False,False,True,True,1,-0.4089758695018257,0
2026-09-11,65,0.04,0.25,69,58,86,62,79,82,89,56,95.0,3600,7200,,,,,,,,,,,,26.6,21.2,23.9,78,1015.1,9.8,0.3,67.0,68.42857142857143,-6.0,2.0,-13.640677966101691,0.18333333333333332,0.3185714285714286,-0.27,-0.29000000000000004,0.018915254237288136,0.37666666666666676,0.3885714285714286,-0.22999999999999998,-0.16999999999999998,0.1812925170068027,74.0,73.85714285714286,-6.0,-3.0,-8.172881355932205,57.666666666666664,60.714285714285715,-7.0,6.0,-15.067796610169495,84.33333333333333,78.42857142857143,5.0,12.0,1.3593220338983087,78.0,81.28571428571429,-21.0,-29.0,-17.281355932203397,81.33333333333333,84.42857142857143,-2.0,-1.0,-6.616949152542375,73.33333333333333,69.85714285714286,17.0,30.0,5.799999999999997,96.33333333333333,85.14285714285714,-11.0,-11.0,13.200000000000003,66.0,69.57142857142857,-12.0,-14.0,-17.966101694915253,89.66666666666667,89.71428571428571,9.0,4.0,9.649484536082468,2700.0,3857.1428571428573,900.0,-2700.0,-1266.1016949152545,3600.0,2185.714285714286,5400.0,7200.0,3386.4406779661017,,,,,,,,,,,,,,,,,,,,,,,,,,,,,,,,,,,,,,,,,,,,,,,,,,,,,,,,29.46666666666667,29.057142857142857,-4.0,-3.5,6.678644067796611,20.866666666666664,19.142857142857142,-1.5,5.5,11.020677966101696,25.0,23.971428571428568,-2.200000000000003,1.0,9.100338983050847,70.0,68.57142857142857,10.0,11.0,10.45084745762712,1016.6000000000003,1017.0714285714284,1.3000000000000682,-8.5,-2.1230508474575345,15.366666666666665,12.671428571428573,-8.399999999999999,-0.3999999999999986,-6.5942372881355915,0.43333333333333335,0.2857142857142852,-0.7,0.3,-3.030169491525424,-1.3000000000000682,5.7999999999999545,False,2.200000000000003,1.1000000000000014,4,9,4,False,False,False,False,False,True,True,True,False,1,-0.4106625007100843,0
2026-09-12,80,0.23,0.3,91,97,98,91,99,88,100,84,99.0,0,2700,,,,,,,,,,,,26.9,19.5,22.3,89,1017.2,13.2,14.0,72.0,68.42857142857143,15.0,15.0,1.3593220338983087,0.19333333333333336,0.2942857142857144,0.19,0.03,0.20891525423728816,0.34333333333333343,0.3742857142857144,0.04999999999999999,-0.10000000000000003,0.2312925170068027,78.33333333333333,74.42857142857143,22.0,13.0,13.827118644067795,73.33333333333333,65.71428571428571,39.0,47.0,23.932203389830505,88.33333333333333,79.14285714285714,12.0,12.0,13.359322033898309,78.66666666666667,82.42857142857143,29.0,2.0,11.718644067796603,86.33333333333333,84.28571428571429,20.0,15.0,13.383050847457625,78.33333333333333,71.42857142857143,6.0,15.0,11.799999999999997,96.33333333333333,85.14285714285714,11.0,0.0,24.200000000000003,69.33333333333333,68.71428571428571,28.0,10.0,10.033898305084747,93.33333333333333,90.71428571428571,4.0,11.0,13.649484536082468,2100.0,2828.5714285714284,-3600.0,-1800.0,-4866.1016949152545,3900.0,2314.285714285714,-4500.0,900.0,-1113.5593220338983,,,,,,,,,,,,,,,,,,,,,,,,,,,,,,,,,,,,,,,,,,,,,,,,,,,,,,,,28.033333333333335,28.77142857142857,0.29999999999999716,-4.300000000000001,6.978644067796608,21.13333333333333,18.857142857142858,-1.6999999999999993,0.8000000000000007,9.320677966101696,24.100000000000005,23.585714285714285,-1.5999999999999979,-2.6999999999999993,7.500338983050849,78.33333333333333,70.42857142857143,11.0,25.0,21.45084745762712,1015.3666666666668,1017.9142857142858,2.1000000000000227,-3.699999999999932,-0.023050847457511736,13.733333333333334,12.914285714285715,3.3999999999999986,-4.900000000000002,-3.194237288135593,5.1000000000000005,2.1999999999999997,13.7,14.0,10.669830508474575,-2.1000000000000227,-3.400000000000091,False,1.5999999999999979,3.8000000000000007,5,9,4,False,False,False,False,False,False,False,False,False,0,-0.4087233809279982,0
2026-09-13,80,0.15,0.26,82,85,81,75,96,80,82,79,95.0,900,8100,,,,,,,,,,,,29.7,20.9,24.8,86,1013.0,9.8,4.4,75.0,71.71428571428571,0.0,9.0,1.3593220338983087,0.14,0.2628571428571429,-0.08000000000000002,-0.16,0.12891525423728814,0.2700000000000001,0.3657142857142857,-0.03999999999999998,-0.21999999999999997,0.19129251700680272,80.66666666666667,77.14285714285714,-9.0,7.0,4.827118644067795,80.0,68.71428571428571,-12.0,20.0,11.932203389830505,88.33333333333333,81.85714285714286,-17.0,0.0,-3.6406779661016913,76.0,83.57142857142857,-16.0,-8.0,-4.281355932203397,91.33333333333333,87.42857142857143,-3.0,15.0,10.383050847457625,83.33333333333333,72.57142857142857,-8.0,15.0,3.799999999999997,90.33333333333333,89.57142857142857,-18.0,-18.0,6.200000000000003,73.0,71.57142857142857,-5.0,11.0,5.0338983050847474,96.33333333333333,91.57142857142857,-4.0,9.0,9.649484536082468,1500.0,2571.4285714285716,900.0,-1800.0,-3966.1016949152545,6000.0,3214.285714285714,5400.0,6300.0,4286.440677966102,,,,,,,,,,,,,,,,,,,,,,,,,,,,,,,,,,,,,,,,,,,,,,,,,,,,,,,,27.733333333333338,29.028571428571432,2.8000000000000007,-0.9000000000000021,9.778644067796609,20.53333333333333,19.314285714285713,1.3999999999999986,-1.8000000000000007,10.720677966101695,23.666666666666668,23.88571428571429,2.5,-1.3000000000000007,10.000338983050849,84.33333333333333,73.28571428571429,-3.0,18.0,18.45084745762712,1015.1000000000003,1017.7142857142857,-4.2000000000000455,-0.7999999999999545,-4.223050847457557,10.933333333333332,12.528571428571428,-3.3999999999999986,-8.399999999999999,-6.5942372881355915,6.233333333333334,2.8142857142857136,-9.6,3.4000000000000004,1.0698305084745767,4.2000000000000455,2.1000000000000227,False,2.5,0.9000000000000021,6,9,4,False,False,False,False,False,False,False,True,False,0,-0.3859214242413911,0
2026-09-14,81,0.07,0.16,86,94,95,97,96,83,100,73,97.0,0,4500,,,,,,,,,,,,26.2,18.1,22.9,64,1018.3,16.6,0.0,80.33333333333333,72.14285714285714,1.0,16.0,2.3593220338983087,0.15000000000000002,0.19000000000000003,-0.07999999999999999,0.030000000000000006,0.04891525423728814,0.24000000000000007,0.32428571428571434,-0.1,-0.09,0.09129251700680271,86.33333333333333,79.0,4.0,17.0,8.827118644067795,92.0,71.57142857142857,9.0,36.0,20.932203389830505,91.33333333333333,85.85714285714286,14.0,9.0,10.359322033898309,87.66666666666667,84.0,22.0,35.0,17.718644067796603,97.0,87.85714285714286,0.0,17.0,10.383050847457625,83.66666666666667,74.71428571428571,3.0,1.0,6.799999999999997,94.0,95.85714285714286,18.0,11.0,24.200000000000003,78.66666666666667,72.0,-6.0,17.0,-0.9661016949152526,97.0,93.0,2.0,2.0,11.649484536082468,300.0,2185.714285714286,-900.0,-3600.0,-4866.1016949152545,5100.0,3728.5714285714284,-3600.0,-2700.0,686.4406779661017,,,,,,,,,,,,,,,,,,,,,,,,,,,,,,,,,,,,,,,,,,,,,,,,,,,,,,,,27.599999999999998,28.75714285714286,-3.5,-0.40000000000000213,6.278644067796609,19.499999999999996,19.542857142857144,-2.799999999999997,-3.099999999999998,7.920677966101698,23.333333333333332,23.985714285714288,-1.9000000000000021,-1.0,8.100338983050847,79.66666666666667,73.71428571428571,-22.0,-14.0,-3.5491525423728802,1016.1666666666669,1017.4142857142857,5.2999999999999545,3.199999999999932,1.0769491525423973,13.200000000000001,13.700000000000001,6.800000000000001,6.800000000000001,0.2057627118644092,6.133333333333333,2.8142857142857136,-4.4,-0.3,-3.3301694915254236,-5.2999999999999545,-1.099999999999909,True,1.9000000000000021,0.5999999999999979,0,9,4,False,False,False,False,False,False,False,False,False,0,-0.38885553661748234,0
2026-09-15,79,-0.13,0.14,84,89,88,56,96,87,100,80,92.0,1800,10800,,,,,,,,,,,,24.9,13.4,19.2,61,1026.9,8.2,0.0,80.0,74.42857142857143,-2.0,-1.0,0.35932203389830875,0.03,0.12428571428571435,-0.2,-0.36,-0.15108474576271186,0.18666666666666676,0.2842857142857143,-0.01999999999999999,-0.15999999999999998,0.07129251700680272,84.0,80.71428571428571,-2.0,-7.0,6.827118644067795,89.33333333333333,76.85714285714286,-5.0,-8.0,15.932203389830505,88.0,87.85714285714286,-7.0,-10.0,3.3593220338983087,76.0,79.0,-41.0,-35.0,-23.281355932203397,96.0,90.14285714285714,0.0,-3.0,10.383050847457625,83.33333333333333,79.71428571428571,4.0,-1.0,10.799999999999997,94.0,95.85714285714286,0.0,0.0,24.200000000000003,77.33333333333333,73.42857142857143,7.0,-4.0,6.0338983050847474,94.66666666666667,93.14285714285714,-5.0,-7.0,6.649484536082468,900.0,1542.857142857143,1800.0,1800.0,-3066.1016949152545,7800.0,5271.428571428572,6300.0,8100.0,6986.440677966102,,,,,,,,,,,,,,,,,,,,,,,,,,,,,,,,,,,,,,,,,,,,,,,,,,,,,,,,26.933333333333337,28.014285714285712,-1.3000000000000007,-2.0,4.978644067796608,17.466666666666665,19.214285714285715,-4.700000000000001,-6.1,3.2206779661016967,22.3,23.45714285714286,-3.6999999999999993,-3.1000000000000014,4.4003389830508475,70.33333333333333,72.85714285714286,-3.0,-28.0,-6.54915254237288,1019.4000000000001,1017.8857142857142,8.600000000000136,9.700000000000045,9.676949152542534,11.533333333333333,13.414285714285715,-8.400000000000002,-5.0,-8.194237288135593,1.4666666666666668,2.8142857142857136,0.0,-14.0,-3.3301694915254236,-8.600000000000136,-13.900000000000091,True,3.6999999999999993,5.600000000000001,1,9,4,False,False,False,False,False,False,False,True,False,0,-0.3983241511336021,0
2026-09-16,84,0.02,0.15,82,73,97,81,78,85,93,78,95.0,0,2700,,,,,,,,,,,,28.6,15.5,21.8,71,1026.8,9.4,0.0,81.33333333333333,77.14285714285714,5.0,4.0,5.359322033898309,-0.01333333333333333,0.09857142857142863,0.15,-0.13,-0.001084745762711864,0.1500000000000001,0.2485714285714286,0.009999999999999981,-0.11000000000000001,0.0812925170068027,84.0,81.28571428571429,-2.0,0.0,4.827118644067795,85.33333333333333,80.14285714285714,-16.0,-12.0,-0.0677966101694949,93.33333333333333,89.42857142857143,9.0,16.0,12.359322033898309,78.0,77.85714285714286,25.0,6.0,1.7186440677966033,90.0,89.28571428571429,-18.0,-18.0,-7.616949152542375,85.0,81.42857142857143,-2.0,5.0,8.799999999999997,97.66666666666667,94.85714285714286,-7.0,11.0,17.200000000000003,77.0,74.0,-2.0,-1.0,4.0338983050847474,94.66666666666667,94.14285714285714,3.0,0.0,9.649484536082468,600.0,1285.7142857142858,-1800.0,-900.0,-4866.1016949152545,6000.0,5400.0,-8100.0,-5400.0,-1113.5593220338983,,,,,,,,,,,,,,,,,,,,,,,,,,,,,,,,,,,,,,,,,,,,,,,,,,,,,,,,26.566666666666666,27.642857142857142,3.700000000000003,-1.0999999999999979,8.678644067796611,15.666666666666664,18.757142857142856,2.0999999999999996,-5.399999999999999,5.320677966101696,21.3,23.0,2.6000000000000014,-3.0,7.000338983050849,65.33333333333333,73.85714285714286,10.0,-15.0,3.4508474576271198,1024.0,1018.7285714285715,-0.10000000000013642,13.799999999999955,9.576949152542397,11.4,12.171428571428573,1.200000000000001,-0.40000000000000036,-6.994237288135592,0.0,2.8142857142857136,0.0,-4.4,-3.3301694915254236,0.10000000000013642,-8.5,False,2.6000000000000014,1.0999999999999979,2,9,4,False,False,False,False,False,False,False,False,False,0,-0.3921935370947203,0
2026-09-17,86,0.09,0.1,90,90,90,97,98,91,98,84,97.0,4500,7200,,,,,,,,,,,,29.1,19.4,23.7,82,1022.6,11.0,5.5,83.0,79.28571428571429,2.0,5.0,7.359322033898309,-0.006666666666666668,0.0671428571428572,0.06999999999999999,0.01999999999999999,0.06891525423728813,0.1300000000000001,0.1942857142857143,-0.04999999999999999,-0.06,0.03129251700680272,85.33333333333333,83.42857142857143,8.0,4.0,12.827118644067795,84.0,83.71428571428571,17.0,-4.0,16.932203389830505,91.66666666666667,90.71428571428571,-7.0,-5.0,5.359322033898309,78.0,79.85714285714286,16.0,0.0,17.718644067796603,90.66666666666667,91.71428571428571,20.0,2.0,12.383050847457625,87.66666666666667,85.14285714285714,6.0,8.0,14.799999999999997,97.0,94.57142857142857,5.0,-2.0,22.200000000000003,80.66666666666667,76.28571428571429,6.0,11.0,10.033898305084747,94.66666666666667,95.71428571428571,2.0,0.0,11.649484536082468,2100.0,1542.857142857143,4500.0,4500.0,-366.1016949152545,6900.0,6171.428571428572,4500.0,2700.0,3386.4406779661017,,,,,,,,,,,,,,,,,,,,,,,,,,,,,,,,,,,,,,,,,,,,,,,,,,,,,,,,27.533333333333335,27.428571428571427,0.5,2.900000000000002,9.178644067796611,16.099999999999998,18.285714285714285,3.8999999999999986,1.2999999999999972,9.220677966101695,21.566666666666663,22.657142857142862,1.8999999999999986,0.8000000000000007,8.900338983050847,71.33333333333333,75.85714285714286,11.0,18.0,14.45084745762712,1025.4333333333336,1019.9857142857143,-4.199999999999932,4.300000000000068,5.3769491525424655,9.533333333333333,11.142857142857142,1.5999999999999996,-5.600000000000001,-5.394237288135592,1.8333333333333333,3.4571428571428564,5.5,5.5,2.1698305084745764,4.199999999999932,4.300000000000068,False,1.8999999999999986,4.5,3,9,4,False,False,False,False,False,False,False,True,False,0,-0.3980634996228123,0
2026-09-18,84,-0.24,-0.07,79,87,93,75,63,85,100,70,98.0,900,900,,,,,,,,,,,,30.1,22.1,25.1,77,1018.4,13.1,2.4,84.66666666666667,82.0,-2.0,5.0,5.359322033898309,-0.043333333333333335,0.027142857142857198,-0.32999999999999996,-0.10999999999999999,-0.26108474576271185,0.06000000000000008,0.14857142857142858,-0.17,-0.21000000000000002,-0.1387074829931973,83.66666666666667,84.85714285714286,-11.0,-5.0,1.8271186440677951,83.33333333333333,87.85714285714286,-3.0,-2.0,13.932203389830505,93.33333333333333,91.71428571428571,3.0,5.0,8.359322033898309,84.33333333333333,81.71428571428571,-22.0,19.0,-4.281355932203397,79.66666666666667,89.42857142857143,-35.0,-33.0,-22.616949152542375,87.0,85.57142857142857,-6.0,-2.0,8.799999999999997,97.0,96.14285714285714,2.0,0.0,24.200000000000003,77.33333333333333,78.28571428571429,-14.0,-10.0,-3.9661016949152526,96.66666666666667,96.14285714285714,1.0,6.0,12.649484536082468,1800.0,1157.142857142857,-3600.0,-900.0,-3966.1016949152545,3600.0,5271.428571428572,-6300.0,-9900.0,-2913.5593220338983,,,,,,,,,,,,,,,,,,,,,,,,,,,,,,,,,,,,,,,,,,,,,,,,,,,,,,,,29.26666666666667,27.928571428571427,1.0,5.200000000000003,10.178644067796611,18.999999999999996,18.414285714285715,2.700000000000003,8.700000000000001,11.920677966101698,23.53333333333333,22.82857142857143,1.4000000000000021,5.900000000000002,10.30033898305085,76.66666666666667,75.71428571428571,-5.0,16.0,9.45084745762712,1022.6,1020.4571428571429,-4.2000000000000455,-8.500000000000114,1.17694915254242,11.166666666666666,11.614285714285714,2.0999999999999996,4.9,-3.2942372881355926,2.6333333333333333,3.7571428571428567,-3.1,2.4,-0.9301694915254237,4.2000000000000455,8.399999999999977,False,1.4000000000000021,3.3000000000000007,4,9,4,False,False,False,False,False,False,False,True,False,0,-0.4118723410677788,0
2026-09-19,65,0.31,0.21,64,80,86,89,74,62,40,51,89.0,900,4500,,,,,,,,,,,,25.5,17.9,21.6,70,1019.3,12.5,0.0,78.33333333333333,79.85714285714286,-19.0,-19.0,-13.640677966101691,0.05333333333333334,0.038571428571428625,0.55,0.29,0.28891525423728814,0.08000000000000008,0.13571428571428573,0.28,0.06,0.1412925170068027,77.66666666666667,81.0,-15.0,-18.0,-13.172881355932205,85.66666666666667,85.42857142857143,-7.0,7.0,6.932203389830505,89.66666666666667,90.0,-7.0,-11.0,1.3593220338983087,87.0,81.42857142857143,14.0,8.0,9.718644067796603,78.33333333333333,85.85714285714286,11.0,-4.0,-11.616949152542375,79.33333333333333,81.85714285714286,-23.0,-23.0,-14.200000000000003,79.33333333333333,87.57142857142857,-60.0,-53.0,-35.8,68.33333333333333,73.57142857142857,-19.0,-27.0,-22.966101694915253,94.66666666666667,94.71428571428571,-9.0,-6.0,3.6494845360824684,2100.0,1285.7142857142858,0.0,900.0,-3966.1016949152545,4200.0,5528.571428571428,3600.0,1800.0,686.4406779661017,,,,,,,,,,,,,,,,,,,,,,,,,,,,,,,,,,,,,,,,,,,,,,,,,,,,,,,,28.233333333333334,27.72857142857143,-4.600000000000001,-3.1000000000000014,5.57864406779661,19.799999999999997,18.185714285714287,-4.200000000000003,2.3999999999999986,7.720677966101695,23.46666666666667,22.728571428571428,-3.5,-0.1999999999999993,6.80033898305085,76.33333333333333,73.0,-7.0,-1.0,2.4508474576271198,1020.1,1020.7571428571428,0.8999999999999773,-7.5,2.0769491525423973,12.200000000000001,11.514285714285714,-0.5999999999999996,3.0999999999999996,-3.8942372881355922,2.6333333333333333,1.7571428571428567,-2.4,0.0,-3.3301694915254236,-0.8999999999999773,3.300000000000068,False,3.5,2.099999999999998,5,9,4,False,False,False,True,False,True,True,True,False,1,-0.42391962132128286,0
2026-09-20,89,-0.38,-0.09,82,84,88,54,100,85,78,82,94.0,0,9900,,,,,,,,,,,,28.3,19.9,23.0,84,1014.4,20.1,12.9,79.33333333333333,81.14285714285714,24.0,3.0,10.359322033898309,-0.10333333333333333,-0.037142857142857096,-0.69,-0.47,-0.40108474576271186,0.016666666666666757,0.08571428571428574,-0.3,-0.19,-0.15870748299319729,75.0,81.0,18.0,-8.0,4.827118644067795,83.66666666666667,85.28571428571429,4.0,-6.0,10.932203389830505,89.0,91.0,2.0,-2.0,3.3593220338983087,72.66666666666667,78.42857142857143,-35.0,-43.0,-25.281355932203397,79.0,86.42857142857143,26.0,2.0,14.383050847457625,77.33333333333333,82.57142857142857,23.0,-6.0,8.799999999999997,72.66666666666667,87.0,38.0,-20.0,2.200000000000003,67.66666666666667,74.0,31.0,-2.0,8.033898305084747,93.66666666666667,94.57142857142857,5.0,-3.0,8.649484536082468,600.0,1157.142857142857,-900.0,-4500.0,-4866.1016949152545,5100.0,5785.714285714285,5400.0,2700.0,6086.440677966102,,,,,,,,,,,,,,,,,,,,,,,,,,,,,,,,,,,,,,,,,,,,,,,,,,,,,,,,27.96666666666667,27.52857142857143,2.8000000000000007,-0.8000000000000007,8.37864406779661,19.966666666666665,18.04285714285714,2.0,0.5,9.720677966101695,23.233333333333334,22.47142857142857,1.3999999999999986,-0.6999999999999993,8.200338983050848,77.0,72.71428571428571,14.0,2.0,16.45084745762712,1017.3666666666668,1020.9571428571428,-4.899999999999977,-8.200000000000045,-2.82305084745758,15.233333333333334,12.985714285714286,7.600000000000001,9.100000000000001,3.705762711864409,5.1000000000000005,2.971428571428571,12.9,7.4,9.569830508474578,4.899999999999977,4.0,False,1.3999999999999986,2.1000000000000014,6,9,4,False,False,False,False,False,False,False,False,False,0,-0.41928471465643996,0
2026-09-21,75,0.09,0.07,78,85,95,97,73,92,100,56,85.0,1800,13500,,,,,,,,,,,,21.9,17.8,19.7,92,1016.8,14.2,20.2,76.33333333333333,80.28571428571429,-14.0,-9.0,-3.6406779661016913,0.006666666666666664,-0.03428571428571424,0.47,0.32999999999999996,0.06891525423728813,0.06333333333333342,0.07285714285714287,0.16,0.14,0.001292517006802718,74.66666666666667,79.85714285714286,-4.0,-1.0,0.8271186440677951,83.0,84.0,1.0,-2.0,11.932203389830505,89.66666666666667,91.0,7.0,2.0,10.359322033898309,80.0,78.42857142857143,43.0,22.0,17.718644067796603,82.33333333333333,83.14285714285714,-27.0,10.0,-12.616949152542375,79.66666666666667,83.85714285714286,7.0,7.0,15.799999999999997,72.66666666666667,87.0,22.0,0.0,24.200000000000003,63.0,71.57142857142857,-26.0,-14.0,-17.966101694915253,89.33333333333333,92.85714285714286,-9.0,-13.0,-0.35051546391753163,900.0,1414.2857142857142,1800.0,900.0,-3066.1016949152545,9300.0,7071.428571428572,3600.0,12600.0,9686.440677966102,,,,,,,,,,,,,,,,,,,,,,,,,,,,,,,,,,,,,,,,,,,,,,,,,,,,,,,,25.233333333333334,26.914285714285715,-6.400000000000002,-8.200000000000003,1.9786440677966084,18.53333333333333,18.0,-2.099999999999998,-4.300000000000001,7.620677966101697,21.433333333333334,22.014285714285716,-3.3000000000000007,-5.400000000000002,4.9003389830508475,82.0,76.71428571428571,8.0,15.0,24.45084745762712,1016.8333333333335,1020.7428571428572,2.3999999999999773,-1.6000000000000227,-0.4230508474576027,15.6,12.642857142857142,-5.900000000000002,1.0999999999999996,-2.194237288135593,11.033333333333333,5.857142857142857,7.299999999999999,17.8,16.869830508474575,-2.3999999999999773,2.5,False,3.3000000000000007,1.9000000000000021,0,9,4,False,False,False,False,False,False,False,True,False,0,-0.42590771456656695,0
2026-09-22,88,-0.22,0.03,88,79,96,89,95,94,100,81,84.0,5400,10800,,,,,,,,,,,,17.7,14.6,15.9,96,1022.2,19.5,19.1,84.0,81.57142857142857,13.0,23.0,9.359322033898309,-0.17,-0.0471428571428571,-0.31,-0.53,-0.24108474576271186,0.003333333333333429,0.05714285714285716,-0.04000000000000001,-0.18,-0.03870748299319729,82.66666666666667,80.42857142857143,10.0,24.0,10.827118644067795,82.66666666666667,82.57142857142857,-6.0,-1.0,5.932203389830505,93.0,92.14285714285714,1.0,10.0,11.359322033898309,80.0,83.14285714285714,-8.0,0.0,9.718644067796603,89.33333333333333,83.0,22.0,21.0,9.383050847457625,90.33333333333333,84.85714285714286,2.0,32.0,17.799999999999997,92.66666666666667,87.0,0.0,60.0,24.200000000000003,73.0,71.71428571428571,25.0,30.0,7.0338983050847474,87.66666666666667,91.71428571428571,-1.0,-5.0,-1.3505154639175316,2400.0,1928.5714285714287,3600.0,4500.0,533.8983050847455,11400.0,7071.428571428572,-2700.0,6300.0,6986.440677966102,,,,,,,,,,,,,,,,,,,,,,,,,,,,,,,,,,,,,,,,,,,,,,,,,,,,,,,,22.633333333333336,25.885714285714283,-4.199999999999999,-7.800000000000001,-2.221355932203391,17.43333333333333,18.17142857142857,-3.200000000000001,-3.299999999999999,4.420677966101696,19.533333333333335,21.542857142857144,-3.799999999999999,-5.700000000000001,1.1003389830508485,90.66666666666667,81.71428571428571,4.0,26.0,28.45084745762712,1017.8000000000002,1020.0714285714286,5.400000000000091,2.900000000000091,4.976949152542488,17.933333333333334,14.257142857142858,5.300000000000001,7.0,3.1057627118644078,17.400000000000002,8.585714285714285,-1.0999999999999979,19.1,15.769830508474577,-5.400000000000091,-7.800000000000068,True,3.799999999999999,7.1,1,9,4,False,False,False,False,False,False,False,True,False,0,-0.44909500456322576,0
2026-09-23,78,-0.14,-0.12,76,60,90,99,70,77,100,65,87.0,5400,9900,,,,,,,,,,,,18.2,12.0,14.7,83,1027.6,18.3,17.4,80.33333333333333,80.71428571428571,-10.0,-11.0,-0.6406779661016913,-0.09000000000000001,-0.06999999999999997,0.07999999999999999,0.24,-0.16108474576271187,-0.006666666666666571,0.018571428571428596,-0.15,-0.03,-0.18870748299319728,80.66666666666667,79.57142857142857,-12.0,-6.0,-1.1728813559322049,74.66666666666667,80.71428571428571,-19.0,-24.0,-13.067796610169495,93.66666666666667,91.14285714285714,-6.0,2.0,5.359322033898309,95.0,85.71428571428571,10.0,45.0,19.718644067796603,79.33333333333333,81.85714285714286,-25.0,-30.0,-15.616949152542375,87.66666666666667,83.71428571428571,-17.0,-8.0,0.7999999999999972,100.0,88.0,0.0,22.0,24.200000000000003,67.33333333333333,69.85714285714286,-16.0,-17.0,-8.966101694915253,85.33333333333333,90.57142857142857,3.0,-7.0,1.6494845360824684,4200.0,2700.0,0.0,5400.0,533.8983050847455,11400.0,8100.0,-900.0,0.0,6086.440677966102,,,,,,,,,,,,,,,,,,,,,,,,,,,,,,,,,,,,,,,,,,,,,,,,,,,,,,,,19.26666666666667,24.400000000000002,0.5,-10.100000000000001,-1.721355932203391,14.799999999999997,17.67142857142857,-2.5999999999999996,-7.899999999999999,1.8206779661016963,16.766666666666666,20.528571428571432,-1.200000000000001,-8.3,-0.09966101694915253,90.33333333333333,83.42857142857143,-13.0,-1.0,15.45084745762712,1022.2000000000002,1020.1857142857142,5.399999999999864,13.199999999999932,10.376949152542352,17.333333333333332,15.528571428571428,-1.1999999999999993,-1.8000000000000007,1.9057627118644085,18.900000000000002,11.071428571428571,-1.7000000000000028,4.499999999999998,14.069830508474574,-5.399999999999864,-10.799999999999955,True,1.200000000000001,5.0,2,9,4,False,False,False,False,False,False,False,True,False,0,-0.43504788028188546,0
2026-09-24,87,-0.07,0.02,92,83,97,99,100,82,83,96,74.0,900,11700,,,,,,,,,,,,18.2,10.4,14.2,71,1026.9,18.6,0.0,84.33333333333333,80.85714285714286,9.0,12.0,8.359322033898309,-0.1433333333333333,-0.09285714285714282,0.07,-0.16,-0.09108474576271187,-0.023333333333333237,0.007142857142857167,0.13999999999999999,-0.05,-0.048707482993197285,85.33333333333333,79.85714285714286,16.0,14.0,14.827118644067795,74.0,79.71428571428571,23.0,-2.0,9.932203389830505,94.33333333333333,92.14285714285714,7.0,2.0,12.359322033898309,95.66666666666667,86.0,0.0,2.0,19.718644067796603,88.33333333333333,82.14285714285714,30.0,27.0,14.383050847457625,84.33333333333333,82.42857142857143,5.0,-10.0,5.799999999999997,94.33333333333333,85.85714285714286,-17.0,-17.0,7.200000000000003,80.66666666666667,71.57142857142857,31.0,40.0,22.033898305084747,81.66666666666667,87.28571428571429,-13.0,-11.0,-11.350515463917532,3900.0,2185.714285714286,-4500.0,-900.0,-3966.1016949152545,10800.0,8742.857142857143,1800.0,-1800.0,7886.440677966102,,,,,,,,,,,,,,,,,,,,,,,,,,,,,,,,,,,,,,,,,,,,,,,,,,,,,,,,18.033333333333335,22.842857142857145,0.0,-3.6999999999999993,-1.721355932203391,12.33333333333333,16.385714285714286,-1.5999999999999996,-7.4,0.22067796610169665,14.933333333333332,19.171428571428574,-0.5,-5.5,-0.5996610169491525,83.33333333333333,81.85714285714286,-12.0,-21.0,3.4508474576271198,1025.5666666666668,1020.8000000000001,-0.6999999999998181,10.100000000000136,9.676949152542534,18.8,16.614285714285714,0.3000000000000007,4.400000000000002,2.205762711864409,12.166666666666666,10.285714285714286,-17.4,-20.2,-3.3301694915254236,0.6999999999998181,-4.7000000000000455,False,0.5,1.700000000000001,3,9,4,False,False,False,False,False,False,False,True,False,0,-0.4381414917621302,0
2026-09-25,90,-0.1,-0.09,89,91,90,86,100,87,100,83,81.0,3600,7200,,,,,,,,,,,,22.0,10.9,16.0,58,1019.2,21.4,0.0,85.0,81.71428571428571,3.0,2.0,11.359322033898309,-0.10333333333333333,-0.07285714285714281,-0.03,0.12,-0.12108474576271187,-0.06333333333333324,0.004285714285714311,-0.11,-0.12,-0.15870748299319729,85.66666666666667,81.28571428571429,-3.0,1.0,11.827118644067795,78.0,80.28571428571429,8.0,12.0,17.932203389830505,92.33333333333333,91.71428571428571,-7.0,-6.0,5.359322033898309,94.66666666666667,87.57142857142857,-13.0,-3.0,6.718644067796603,90.0,87.42857142857143,0.0,5.0,14.383050847457625,82.0,82.71428571428571,5.0,-7.0,10.799999999999997,94.33333333333333,85.85714285714286,17.0,0.0,24.200000000000003,81.33333333333333,73.42857142857143,-13.0,2.0,9.033898305084747,80.66666666666667,84.85714285714286,7.0,-3.0,-4.350515463917532,3300.0,2571.4285714285716,2700.0,-1800.0,-1266.1016949152545,9600.0,9642.857142857143,-4500.0,-3600.0,3386.4406779661017,,,,,,,,,,,,,,,,,,,,,,,,,,,,,,,,,,,,,,,,,,,,,,,,,,,,,,,,19.46666666666667,21.685714285714283,3.8000000000000007,4.300000000000001,2.07864406779661,11.099999999999996,14.785714285714286,0.5,-3.6999999999999993,0.7206779661016967,14.966666666666667,17.871428571428574,1.8000000000000007,0.09999999999999964,1.2003389830508482,70.66666666666667,79.14285714285714,-13.0,-38.0,-9.54915254237288,1024.5666666666668,1020.9142857142857,-7.7000000000000455,-3.0,1.9769491525424883,19.433333333333334,17.8,2.799999999999997,1.8999999999999986,5.005762711864406,5.799999999999998,9.942857142857141,0.0,-19.1,-3.3301694915254236,7.7000000000000455,8.399999999999864,True,1.8000000000000007,1.3000000000000007,4,9,4,False,False,False,False,False,False,False,True,True,0,-0.39376966277337005,0
2026-09-26,90,-0.13,-0.05,91,68,88,89,100,85,99,96,89.0,3600,2700,,,,,,,,,,,,18.6,13.8,15.6,74,1012.2,23.0,6.9,89.0,85.28571428571429,0.0,12.0,11.359322033898309,-0.09999999999999999,-0.13571428571428565,-0.03,0.010000000000000009,-0.15108474576271186,-0.039999999999999904,-0.03285714285714283,0.039999999999999994,0.06999999999999999,-0.11870748299319729,90.66666666666667,85.14285714285714,2.0,15.0,13.827118644067795,80.66666666666667,78.57142857142857,-23.0,8.0,-5.067796610169495,91.66666666666667,92.0,-2.0,-2.0,3.3593220338983087,91.33333333333333,87.57142857142857,3.0,-10.0,9.718644067796603,100.0,91.14285714285714,0.0,30.0,14.383050847457625,84.66666666666667,86.0,-2.0,8.0,8.799999999999997,94.0,94.28571428571429,-1.0,-1.0,23.200000000000003,91.66666666666667,79.85714285714286,13.0,31.0,22.033898305084747,81.33333333333333,84.85714285714286,8.0,2.0,3.6494845360824684,2700.0,2957.1428571428573,0.0,-1800.0,-1266.1016949152545,7200.0,9385.714285714286,-4500.0,-7200.0,-1113.5593220338983,,,,,,,,,,,,,,,,,,,,,,,,,,,,,,,,,,,,,,,,,,,,,,,,,,,,,,,,19.600000000000005,20.7,-3.3999999999999986,0.40000000000000213,-1.3213559322033888,11.699999999999998,14.2,2.9000000000000004,1.8000000000000007,3.620677966101697,15.266666666666666,17.014285714285716,-0.40000000000000036,0.9000000000000004,0.8003389830508478,67.66666666666667,79.71428571428571,16.0,-9.0,6.45084745762712,1019.4333333333335,1019.9000000000002,-7.0,-15.399999999999864,-5.023050847457512,21.0,19.3,1.6000000000000014,4.699999999999999,6.605762711864408,2.299999999999999,10.928571428571427,6.9,-10.499999999999998,3.5698305084745767,7.0,14.700000000000045,True,0.40000000000000036,1.4000000000000004,5,9,4,False,False,False,False,False,False,False,True,True,0,-0.40638610031498335,0
2026-09-27,74,-0.08,-0.01,73,89,81,91,81,74,61,63,92.0,1800,5400,,,,,,,,,,,,17.8,14.0,15.7,88,1007.3,22.1,8.7,84.66666666666667,83.14285714285714,-16.0,-13.0,-4.640677966101691,-0.10333333333333333,-0.09285714285714282,0.05,-0.009999999999999995,-0.10108474576271187,-0.049999999999999906,-0.0214285714285714,0.04,-0.03,-0.07870748299319728,84.33333333333333,83.85714285714286,-18.0,-19.0,-4.172881355932205,82.66666666666667,79.28571428571429,21.0,6.0,15.932203389830505,86.33333333333333,91.0,-7.0,-16.0,-3.6406779661016913,88.66666666666667,92.85714285714286,2.0,-8.0,11.718644067796603,93.66666666666667,88.42857142857143,-19.0,-19.0,-4.616949152542375,82.0,84.42857142857143,-11.0,-8.0,-2.200000000000003,86.66666666666667,91.85714285714286,-38.0,-22.0,-14.799999999999997,80.66666666666667,77.14285714285714,-33.0,-33.0,-10.966101694915253,87.33333333333333,84.57142857142857,3.0,18.0,6.649484536082468,3000.0,3214.285714285714,-1800.0,900.0,-3066.1016949152545,5100.0,8742.857142857143,2700.0,-6300.0,1586.4406779661017,,,,,,,,,,,,,,,,,,,,,,,,,,,,,,,,,,,,,,,,,,,,,,,,,,,,,,,,19.46666666666667,19.199999999999996,-0.8000000000000007,-0.3999999999999986,-2.1213559322033895,12.899999999999999,13.357142857142858,0.1999999999999993,3.5999999999999996,3.8206779661016963,15.766666666666666,15.971428571428573,0.09999999999999964,1.5,0.9003389830508475,73.33333333333333,80.28571428571429,14.0,17.0,20.45084745762712,1012.9000000000002,1018.8857142857142,-4.900000000000091,-19.600000000000136,-9.923050847457603,22.166666666666668,19.585714285714285,-0.8999999999999986,3.5,5.705762711864409,5.199999999999998,10.328571428571427,1.799999999999999,8.7,5.369830508474576,4.900000000000091,11.900000000000091,False,0.09999999999999964,0.3000000000000007,6,9,4,False,False,False,False,False,False,False,True,False,0,-0.42169291172894124,0
2026-09-28,86,-0.32,-0.13,78,65,90,86,97,62,100,70,85.0,1800,18000,,,,,,,,,,,,20.1,15.2,17.7,83,1012.1,14.6,0.2,83.33333333333333,84.71428571428571,12.0,-4.0,7.359322033898309,-0.17666666666666667,-0.15142857142857138,-0.24,-0.22,-0.34108474576271186,-0.06333333333333324,-0.049999999999999975,-0.12000000000000001,-0.04000000000000001,-0.1987074829931973,80.66666666666667,83.85714285714286,5.0,-11.0,0.8271186440677951,74.0,76.42857142857143,-24.0,-26.0,-8.067796610169495,86.33333333333333,90.28571428571429,9.0,0.0,5.359322033898309,88.66666666666667,91.28571428571429,-5.0,0.0,6.718644067796603,92.66666666666667,91.85714285714286,16.0,-3.0,11.383050847457625,73.66666666666667,80.14285714285714,-12.0,-25.0,-14.200000000000003,86.66666666666667,91.85714285714286,39.0,0.0,24.200000000000003,76.33333333333333,79.14285714285714,7.0,-13.0,-3.9661016949152526,88.66666666666667,84.57142857142857,-7.0,4.0,-0.35051546391753163,2400.0,3214.285714285714,0.0,-1800.0,-3066.1016949152545,8700.0,9385.714285714286,12600.0,10800.0,14186.440677966102,,,,,,,,,,,,,,,,,,,,,,,,,,,,,,,,,,,,,,,,,,,,,,,,,,,,,,,,18.833333333333336,18.942857142857143,2.3000000000000007,-1.8999999999999986,0.17864406779661124,14.33333333333333,12.985714285714286,1.1999999999999993,4.299999999999999,5.020677966101696,16.333333333333332,15.685714285714285,2.0,1.6999999999999993,2.9003389830508475,81.66666666666667,79.0,-5.0,25.0,15.45084745762712,1010.5333333333334,1018.2142857142857,4.800000000000068,-7.100000000000023,-5.1230508474575345,19.900000000000002,19.642857142857142,-7.500000000000002,-6.799999999999999,-1.7942372881355926,5.266666666666665,7.471428571428571,-8.5,0.2,-3.1301694915254235,-4.800000000000068,0.10000000000002274,False,2.0,2.0999999999999996,0,9,4,False,False,False,False,False,False,False,True,False,0,-0.41370430311384604,0
2026-09-29,89,-0.2,-0.09,82,89,76,86,95,75,100,76,92.0,7200,2700,,,,,,,,,,,,22.4,16.4,19.0,80,1017.0,9.4,0.5,83.0,84.85714285714286,3.0,-1.0,10.359322033898309,-0.19999999999999998,-0.14857142857142855,0.12,-0.07,-0.22108474576271187,-0.07666666666666658,-0.0671428571428571,0.04000000000000001,-0.039999999999999994,-0.15870748299319729,77.66666666666667,83.0,4.0,-9.0,4.827118644067795,81.0,77.85714285714286,24.0,21.0,15.932203389830505,82.33333333333333,87.42857142857143,-14.0,-12.0,-8.640677966101691,87.66666666666667,90.85714285714286,0.0,-3.0,6.718644067796603,91.0,91.85714285714286,-2.0,-5.0,9.383050847457625,70.33333333333333,77.42857142857143,13.0,-10.0,-1.2000000000000028,87.0,91.85714285714286,0.0,1.0,24.200000000000003,69.66666666666667,78.42857142857143,6.0,-20.0,2.0338983050847474,89.66666666666667,85.71428571428571,7.0,3.0,6.649484536082468,3600.0,3471.4285714285716,5400.0,3600.0,2333.8983050847455,8700.0,8228.57142857143,-15300.0,0.0,-1113.5593220338983,,,,,,,,,,,,,,,,,,,,,,,,,,,,,,,,,,,,,,,,,,,,,,,,,,,,,,,,20.1,19.614285714285717,2.299999999999997,3.799999999999997,2.4786440677966084,15.199999999999996,13.242857142857142,1.1999999999999993,2.599999999999998,6.220677966101695,17.466666666666665,16.12857142857143,1.3000000000000007,3.4000000000000004,4.200338983050848,83.66666666666667,76.71428571428571,-3.0,6.0,12.45084745762712,1012.1333333333336,1017.4714285714286,4.899999999999977,4.7999999999999545,-0.2230508474575572,15.366666666666667,18.2,-5.199999999999999,-13.6,-6.994237288135592,3.1333333333333315,4.814285714285714,0.3,-6.4,-2.8301694915254236,-4.899999999999977,-9.700000000000045,False,1.3000000000000007,3.3000000000000007,1,9,4,False,False,False,False,False,False,False,True,False,0,-0.38937552368195727,0
2026-09-30,77,-0.12,-0.08,85,74,97,83,90,70,100,85,84.0,9900,900,,,,,,,,,,,,25.2,15.0,19.9,79,1019.2,8.0,0.0,84.0,84.71428571428571,-12.0,3.0,-1.6406779661016913,-0.21333333333333335,-0.14571428571428566,0.08000000000000002,-0.039999999999999994,-0.14108474576271185,-0.09999999999999991,-0.061428571428571395,0.009999999999999995,-0.07,-0.1487074829931973,81.66666666666667,84.28571428571429,3.0,12.0,7.827118644067795,76.0,79.85714285714286,-15.0,-15.0,0.9322033898305051,87.66666666666667,88.42857142857143,21.0,16.0,12.359322033898309,85.0,88.57142857142857,-3.0,-8.0,3.7186440677966033,94.0,94.71428571428571,-5.0,9.0,4.383050847457625,69.0,76.42857142857143,-5.0,-4.0,-6.200000000000003,100.0,91.85714285714286,0.0,39.0,24.200000000000003,77.0,81.28571428571429,9.0,22.0,11.033898305084747,87.0,85.28571428571429,-8.0,-8.0,-1.3505154639175316,6300.0,4114.285714285715,2700.0,8100.0,5033.8983050847455,7200.0,6942.857142857143,-1800.0,-4500.0,-2913.5593220338983,,,,,,,,,,,,,,,,,,,,,,,,,,,,,,,,,,,,,,,,,,,,,,,,,,,,,,,,22.566666666666666,20.614285714285717,2.8000000000000007,7.399999999999999,5.278644067796609,15.53333333333333,13.671428571428569,-1.3999999999999986,1.0,4.820677966101696,18.866666666666667,16.871428571428574,0.8999999999999986,4.199999999999999,5.100338983050847,80.66666666666667,76.14285714285714,-1.0,-9.0,11.45084745762712,1016.1000000000003,1016.2714285714286,2.2000000000000455,11.900000000000091,1.9769491525424883,10.666666666666666,16.728571428571428,-1.4000000000000004,-14.100000000000001,-8.394237288135592,0.23333333333333214,2.3285714285714283,-0.5,-8.7,-3.3301694915254236,-2.2000000000000455,-7.100000000000023,False,0.8999999999999986,2.1999999999999993,2,9,4,False,False,False,False,False,False,False,True,False,0,-0.38993029763116804,0
2026-10-01,86,-0.23,-0.2,83,89,86,81,96,75,100,75,93.0,9000,1800,,,,,,,,,,,,28.4,15.8,21.6,78,1018.2,9.4,0.0,84.0,84.57142857142857,9.0,0.0,7.359322033898309,-0.18333333333333332,-0.16857142857142854,-0.11000000000000001,0.09,-0.2510847457627119,-0.12333333333333324,-0.09285714285714283,-0.12000000000000001,-0.07,-0.2687074829931973,83.33333333333333,83.0,-2.0,5.0,5.827118644067795,84.0,80.71428571428571,15.0,24.0,15.932203389830505,86.33333333333333,86.85714285714286,-11.0,-4.0,1.3593220338983087,83.33333333333333,86.0,-2.0,-5.0,1.7186440677966033,93.66666666666667,94.14285714285714,6.0,-1.0,10.383050847457625,73.33333333333333,75.42857142857143,5.0,13.0,-1.2000000000000028,100.0,94.28571428571429,0.0,0.0,24.200000000000003,78.66666666666667,78.28571428571429,-10.0,5.0,1.0338983050847474,89.66666666666667,88.0,9.0,8.0,7.649484536082468,8700.0,5271.428571428572,-900.0,7200.0,4133.8983050847455,1800.0,5528.571428571428,900.0,-16200.0,-2013.5593220338983,,,,,,,,,,,,,,,,,,,,,,,,,,,,,,,,,,,,,,,,,,,,,,,,,,,,,,,,25.333333333333332,22.071428571428573,3.1999999999999993,8.299999999999997,8.478644067796608,15.733333333333329,14.442857142857145,0.8000000000000007,0.6000000000000014,5.620677966101697,20.166666666666668,17.928571428571427,1.7000000000000028,3.900000000000002,6.80033898305085,79.0,77.14285714285714,-1.0,-5.0,10.45084745762712,1018.1333333333336,1015.0285714285714,-1.0,6.100000000000023,0.9769491525424883,8.933333333333332,15.414285714285715,1.4000000000000004,-5.199999999999999,-6.994237288135592,0.16666666666666546,2.3285714285714283,0.0,-0.2,-3.3301694915254236,1.0,-1.2000000000000455,False,1.7000000000000028,2.6000000000000014,3,10,4,False,False,False,False,False,False,False,True,False,0,-0.395398703930715,0
2026-10-02,84,-0.13,-0.1,78,58,93,70,80,85,100,71,89.0,13500,3600,,,,,,,,,,,,30.1,16.6,22.9,75,1015.3,19.1,3.6,82.33333333333333,83.71428571428571,-2.0,-5.0,5.359322033898309,-0.16,-0.1728571428571428,0.1,0.07,-0.15108474576271186,-0.12666666666666657,-0.09428571428571426,0.1,-0.010000000000000009,-0.1687074829931973,82.0,81.42857142857143,-5.0,-4.0,0.8271186440677951,73.66666666666667,76.0,-31.0,-31.0,-15.067796610169495,92.0,87.28571428571429,7.0,17.0,8.359322033898309,78.0,83.71428571428571,-11.0,-16.0,-9.281355932203397,88.66666666666667,91.28571428571429,-16.0,-15.0,-5.616949152542375,76.66666666666667,75.14285714285714,10.0,10.0,8.799999999999997,100.0,94.28571428571429,0.0,0.0,24.200000000000003,77.0,76.57142857142857,-4.0,-5.0,-2.9661016949152526,88.66666666666667,89.14285714285714,-4.0,-3.0,3.6494845360824684,10800.0,6685.714285714285,4500.0,6300.0,8633.898305084746,2100.0,5014.285714285715,1800.0,900.0,-213.5593220338983,,,,,,,,,,,,,,,,,,,,,,,,,,,,,,,,,,,,,,,,,,,,,,,,,,,,,,,,27.900000000000002,23.228571428571428,1.7000000000000028,7.700000000000003,10.178644067796611,15.799999999999997,15.257142857142856,0.8000000000000007,0.20000000000000284,6.420677966101698,21.46666666666667,18.914285714285715,1.2999999999999972,3.8999999999999986,8.100338983050847,77.33333333333333,79.57142857142857,-3.0,-5.0,7.45084745762712,1017.566666666667,1014.4714285714286,-2.900000000000091,-1.7000000000000455,-1.9230508474576027,12.166666666666666,15.085714285714285,9.700000000000001,9.700000000000001,2.705762711864409,1.1999999999999988,2.842857142857142,3.6,3.1,0.26983050847457646,2.900000000000091,3.900000000000091,False,1.2999999999999972,3.0,4,10,4,False,False,False,False,False,False,False,True,False,0,-0.3944175952923921,0
2026-10-03,72,-0.24,-0.13,75,47,93,83,93,75,71,73,92.0,9000,900,,,,,,,,,,,,19.7,14.3,16.4,85,1022.7,16.7,9.4,80.66666666666667,81.14285714285714,-12.0,-5.0,-6.640677966101691,-0.19999999999999998,-0.18857142857142853,-0.10999999999999999,-0.12,-0.26108474576271185,-0.14333333333333323,-0.10571428571428568,-0.03,-0.05,-0.1987074829931973,78.66666666666667,79.14285714285714,-3.0,-10.0,-2.172881355932205,64.66666666666667,73.0,-11.0,-27.0,-26.067796610169495,90.66666666666667,88.0,0.0,-4.0,8.359322033898309,78.0,82.85714285714286,13.0,0.0,3.7186440677966033,89.66666666666667,90.28571428571429,13.0,3.0,7.383050847457625,78.33333333333333,73.71428571428571,-10.0,5.0,-1.2000000000000028,90.33333333333333,90.28571428571429,-29.0,-29.0,-4.799999999999997,73.0,73.28571428571429,2.0,-12.0,-0.9661016949152526,91.33333333333333,89.57142857142857,3.0,8.0,6.649484536082468,10500.0,7457.142857142857,-4500.0,-900.0,4133.8983050847455,2100.0,4757.142857142857,-2700.0,0.0,-2913.5593220338983,,,,,,,,,,,,,,,,,,,,,,,,,,,,,,,,,,,,,,,,,,,,,,,,,,,,,,,,26.066666666666666,23.38571428571429,-10.400000000000002,-5.5,-0.2213559322033909,15.566666666666665,15.328571428571431,-2.3000000000000007,-0.6999999999999993,4.120677966101697,20.3,19.028571428571432,-6.5,-3.5,1.6003389830508468,79.33333333333333,81.14285714285714,10.0,6.0,17.45084745762712,1018.7333333333335,1015.9714285714286,7.400000000000091,3.5,5.476949152542488,15.066666666666668,14.185714285714285,-2.400000000000002,8.7,0.30576271186440707,4.333333333333332,3.1999999999999997,5.800000000000001,9.4,6.069830508474577,-7.400000000000091,-4.5,True,6.5,5.200000000000003,5,10,4,False,False,False,False,False,False,False,True,False,0,-0.40300380107433464,0
2026-10-04,73,0.22,0.02,68,68,81,86,77,76,19,66,83.0,6300,4500,,,,,,,,,,,,18.1,15.2,16.7,91,1021.2,12.3,2.0,76.33333333333333,81.0,1.0,-13.0,-5.640677966101691,-0.04999999999999999,-0.14571428571428566,0.45999999999999996,0.45,0.19891525423728815,-0.06999999999999991,-0.1014285714285714,0.15,0.22,-0.048707482993197285,73.66666666666667,78.42857142857143,-7.0,-15.0,-9.172881355932205,57.666666666666664,70.0,21.0,-21.0,-5.067796610169495,89.0,88.0,-12.0,-5.0,-3.6406779661016913,79.66666666666667,82.14285714285714,3.0,5.0,6.718644067796603,83.33333333333333,89.71428571428571,-16.0,-19.0,-8.616949152542375,78.66666666666667,74.0,1.0,1.0,-0.20000000000000284,63.333333333333336,84.28571428571429,-52.0,-81.0,-56.8,70.0,73.71428571428571,-7.0,-9.0,-7.9661016949152526,88.0,88.28571428571429,-9.0,-10.0,-2.3505154639175316,9600.0,8100.0,-2700.0,-2700.0,1433.8983050847455,3000.0,4628.571428571428,3600.0,2700.0,686.4406779661017,,,,,,,,,,,,,,,,,,,,,,,,,,,,,,,,,,,,,,,,,,,,,,,,,,,,,,,,22.633333333333336,23.428571428571427,-1.5999999999999979,-10.299999999999997,-1.8213559322033888,15.366666666666665,15.5,0.8999999999999986,-0.6000000000000014,5.020677966101696,18.666666666666668,19.17142857142857,0.3000000000000007,-4.900000000000002,1.9003389830508475,83.66666666666667,81.57142857142857,6.0,13.0,23.45084745762712,1019.7333333333336,1017.9571428571429,-1.5,3.0,3.9769491525424883,16.033333333333335,12.785714285714286,-4.399999999999999,2.9000000000000004,-4.0942372881355915,4.999999999999999,2.2428571428571424,-7.4,2.0,-1.3301694915254236,1.5,-5.900000000000091,False,0.3000000000000007,6.199999999999999,6,10,4,False,False,False,False,False,False,False,True,False,0,-0.4099584891214976,0
2026-10-05,86,0.12,0.0,75,86,93,75,82,74,89,62,85.0,2700,1800,,,,,,,,,,,,22.5,14.1,17.3,73,1018.1,16.3,0.0,77.0,81.0,13.0,2.0,7.359322033898309,0.033333333333333354,-0.08285714285714281,-0.1,0.25,0.09891525423728813,-0.03666666666666658,-0.08285714285714282,-0.02,0.1,-0.06870748299319729,72.66666666666667,78.0,7.0,-3.0,-2.172881355932205,67.0,73.0,18.0,28.0,12.932203389830505,89.0,88.42857142857143,12.0,0.0,8.359322033898309,81.33333333333333,80.57142857142857,-11.0,5.0,-4.281355932203397,84.0,87.57142857142857,5.0,2.0,-3.616949152542375,75.0,75.71428571428571,-2.0,-11.0,-2.200000000000003,59.666666666666664,82.71428571428571,70.0,-11.0,13.200000000000003,67.0,72.57142857142857,-4.0,-9.0,-11.966101694915253,86.66666666666667,88.28571428571429,2.0,-4.0,-0.35051546391753163,6000.0,8228.57142857143,-3600.0,-10800.0,-2166.1016949152545,2400.0,2314.285714285714,-2700.0,-1800.0,-2013.5593220338983,,,,,,,,,,,,,,,,,,,,,,,,,,,,,,,,,,,,,,,,,,,,,,,,,,,,,,,,20.1,23.771428571428572,4.399999999999999,-7.600000000000001,2.57864406779661,14.533333333333331,15.342857142857143,-1.0999999999999996,-2.5000000000000018,3.920677966101696,16.8,19.114285714285717,0.6000000000000014,-5.599999999999998,2.500338983050849,83.0,80.14285714285714,-18.0,-2.0,5.45084745762712,1020.6666666666669,1018.8142857142857,-3.1000000000000227,2.800000000000068,0.8769491525424655,15.1,13.028571428571428,4.0,-2.8000000000000007,-0.09423728813559151,3.799999999999999,2.214285714285714,-2.0,-3.6,-3.3301694915254236,3.1000000000000227,4.600000000000023,False,0.6000000000000014,0.9000000000000021,0,10,4,False,False,False,False,False,False,False,True,False,0,-0.3836909319184109,0
2026-10-06,88,0.1,0.03,84,70,95,89,95,78,100,77,92.0,8100,1800,,,,,,,,,,,,18.1,8.6,13.2,58,1021.6,13.1,0.0,82.33333333333333,80.85714285714286,2.0,16.0,9.359322033898309,0.1466666666666667,-0.03999999999999996,-0.01999999999999999,0.33999999999999997,0.07891525423728814,0.01666666666666676,-0.06571428571428568,0.03,0.16,-0.03870748299319729,75.66666666666667,78.28571428571429,9.0,9.0,6.827118644067795,74.66666666666667,70.28571428571429,-16.0,23.0,-3.067796610169495,89.66666666666667,91.14285714285714,2.0,2.0,10.359322033898309,83.33333333333333,81.0,14.0,6.0,9.718644067796603,84.66666666666667,87.57142857142857,13.0,2.0,9.383050847457625,76.0,76.14285714285714,4.0,3.0,1.7999999999999972,69.33333333333333,82.71428571428571,11.0,29.0,24.200000000000003,68.33333333333333,72.71428571428571,15.0,4.0,3.0338983050847474,86.66666666666667,88.28571428571429,7.0,0.0,6.649484536082468,5700.0,8357.142857142857,5400.0,-900.0,3233.8983050847455,2700.0,2185.714285714286,0.0,900.0,-2013.5593220338983,,,,,,,,,,,,,,,,,,,,,,,,,,,,,,,,,,,,,,,,,,,,,,,,,,,,,,,,19.56666666666667,23.157142857142855,-4.399999999999999,-1.5999999999999979,-1.8213559322033888,12.633333333333331,14.228571428571428,-5.5,-5.700000000000001,-1.579322033898304,15.733333333333334,18.285714285714285,-4.100000000000001,-3.1999999999999993,-1.5996610169491525,74.0,77.0,-15.0,-27.0,-9.54915254237288,1020.3000000000002,1019.4714285714286,3.5,-1.1000000000000227,4.3769491525424655,13.9,13.557142857142859,-3.200000000000001,-3.5999999999999996,-3.2942372881355926,0.6666666666666655,2.142857142857143,0.0,-9.4,-3.3301694915254236,-3.5,-0.39999999999997726,False,4.100000000000001,3.5,1,10,4,False,False,False,False,False,False,False,True,False,0,-0.3779526380132405,0
2026-10-07,76,0.34,0.29,84,72,83,91,98,72,100,82,94.0,10800,1800,,,,,,,,,,,,21.0,7.8,14.2,73,1016.0,12.4,0.0,83.33333333333333,80.71428571428571,-12.0,3.0,-2.6406779661016913,0.18666666666666668,0.02571428571428577,0.24000000000000002,0.12000000000000002,0.31891525423728817,0.10666666666666676,-0.01285714285714283,0.26,0.26999999999999996,0.2212925170068027,81.0,78.14285714285714,0.0,16.0,6.827118644067795,76.0,70.0,2.0,4.0,-1.067796610169495,90.33333333333333,89.14285714285714,-12.0,2.0,-1.6406779661016913,85.0,82.14285714285714,2.0,5.0,11.718644067796603,91.66666666666667,88.71428571428571,3.0,21.0,12.383050847457625,74.66666666666667,76.42857142857143,-6.0,-4.0,-4.200000000000003,96.33333333333333,82.71428571428571,0.0,81.0,24.200000000000003,73.66666666666667,72.28571428571429,5.0,16.0,8.033898305084747,90.33333333333333,89.71428571428571,2.0,11.0,8.649484536082468,7200.0,8485.714285714286,2700.0,4500.0,5933.8983050847455,1800.0,2314.285714285714,0.0,-2700.0,-2013.5593220338983,,,,,,,,,,,,,,,,,,,,,,,,,,,,,,,,,,,,,,,,,,,,,,,,,,,,,,,,20.533333333333335,22.557142857142857,2.8999999999999986,2.8999999999999986,1.0786440677966098,10.166666666666664,13.2,-0.7999999999999998,-7.3999999999999995,-2.379322033898304,14.9,17.47142857142857,1.0,-2.5,-0.5996610169491525,68.0,76.14285714285714,15.0,-18.0,5.45084745762712,1018.5666666666667,1019.0142857142857,-5.600000000000023,-5.2000000000000455,-1.2230508474575572,13.933333333333332,14.185714285714287,-0.6999999999999993,0.09999999999999964,-3.994237288135592,0.0,2.142857142857143,0.0,-2.0,-3.3301694915254236,5.600000000000023,2.1000000000000227,True,1.0,3.1000000000000014,2,10,4,False,False,False,True,False,False,False,True,True,1,-0.38556016514864266,0
2026-10-08,65,0.32,0.24,63,68,88,72,59,88,62,42,93.0,10800,0,,,,,,,123.701,209.0,65.0,51.74552346047142,267.0,25.2,13.0,18.5,61,1013.8,13.6,0.0,76.33333333333333,77.71428571428571,-11.0,-21.0,-13.640677966101691,0.25333333333333335,0.10428571428571434,-0.020000000000000018,0.2,0.29891525423728815,0.18666666666666676,0.05000000000000003,-0.04999999999999999,0.24,0.1712925170068027,77.0,75.28571428571429,-21.0,-12.0,-14.172881355932205,70.0,67.0,-4.0,-18.0,-5.067796610169495,88.66666666666667,89.42857142857143,5.0,-5.0,3.3593220338983087,84.0,80.85714285714286,-19.0,-3.0,-7.281355932203397,84.0,83.42857142857143,-39.0,-23.0,-26.616949152542375,79.33333333333333,78.28571428571429,16.0,14.0,11.799999999999997,87.33333333333333,77.28571428571429,-38.0,-27.0,-13.799999999999997,67.0,67.57142857142857,-40.0,-20.0,-31.966101694915253,93.0,89.71428571428571,-1.0,8.0,7.649484536082468,9900.0,8742.857142857143,0.0,8100.0,5933.8983050847455,1200.0,2057.1428571428573,-1800.0,-1800.0,-3813.5593220338983,,,,,,,,,,,,,,,,,,,,,,,,,,,,,,,123.701,123.701,,,0.0,209.0,209.0,,,0.0,65.0,65.0,,,0.0,51.74552346047142,51.74552346047142,,,0.0,267.0,267.0,,,0.0,21.433333333333337,22.1,4.199999999999999,2.6999999999999993,5.278644067796609,9.799999999999997,12.799999999999999,5.2,-1.0999999999999996,2.8206779661016963,15.299999999999999,17.02857142857143,4.300000000000001,1.1999999999999993,3.700338983050848,64.0,73.71428571428571,-12.0,-12.0,-6.54915254237288,1017.1333333333336,1018.3857142857144,-2.2000000000000455,-4.300000000000068,-3.4230508474576027,13.033333333333333,14.785714285714286,1.1999999999999993,-2.700000000000001,-2.7942372881355926,0.0,2.142857142857143,0.0,0.0,-3.3301694915254236,2.2000000000000455,7.800000000000068,False,4.300000000000001,5.300000000000001,3,10,4,False,True,False,True,False,True,True,True,False,1,-0.4111450108081662,0
